Strain,YPACETATE,YPDCAFEIN40,YPDHU,YPETHANOL,YPD14,YPDCAFEIN50,YPDKCL2M,YPGALACTOSE,YPD40,YPDCHX05,YPDLICL250MM,YPGLYCEROL,YPD42,YPDCHX1,YPDMV,YPRIBOSE,YPD6AU,YPDCUSO410MM,YPDNACL15M,YPSORBITOL,YPDANISO10,YPDDMSO,YPDNACL1M,YPXYLOSE,YPDANISO20,YPDETOH,YPDNYSTATIN,YPDANISO50,YPDFLUCONAZOLE,YPDSDS,YPDBENOMYL200,YPDFORMAMIDE4,YPDSODIUMMETAARSENITE,YPDBENOMYL500,YPDFORMAMIDE5
SYN3_0000,-1.4102858278009769,-0.22632504239111828,0.9591351379123174,-1.038153674357032,-1.9826114207042778,-1.562795522366838,-0.14182843281429194,-0.5883150991490841,1.0385283535993726,0.4947601205640352,0.7640426552422941,0.4071017494650941,0.5010630363684979,0.5167303264053948,-2.3862586733989066,-0.6642912394874276,0.6735857001660651,0.04393571946074668,0.47307179190586346,-0.7054620371584357,-0.882517235208577,0.8828832676030774,-1.7082285458518311,-0.6357247883653167,-1.2023977617958381,-0.3741338173625481,-1.1101378844103815,0.8209372747114818,2.3898108763643933,1.0361060158765523,2.1861493520413156,-1.2699547730647063,-0.11276381101163459,-1.2873878283539069,-0.7498150322910321
SYN3_0001,0.6173520708153933,-0.2867021335385074,1.7738759378865638,0.6493482031151242,0.20721875047346305,-0.30907564143106053,1.8732475584773345,0.25925395882136154,0.4312919775152157,0.983439339856909,0.6777799905563877,1.9609450414672962,-0.10112311635367319,-1.9525906484272586,-1.9631980183695494,-0.6461129428412691,-0.6824658054221947,0.9674985791015317,1.4483057160769741,1.4302778967001653,0.6603487071276923,2.0478553505143187,-0.18785585016563242,0.3661591564397538,-0.37187096821746746,0.7397473266027007,-0.12475232425149468,-1.2631966884234096,-0.9994841823276054,-0.7524808664382185,-0.9599413286170247,-0.42603832864621327,0.12897668297476933,1.0322885440073921,-0.9019037453655004
SYN3_0002,2.483600863856945,-0.1681338319081498,1.3020388933803622,0.03909839864718158,0.7916522980918631,0.8591545466169239,-0.46298935954145903,-0.14358756133954287,0.09598184740272117,1.1132277409551923,-0.06429066298910614,0.9454537010916902,-0.09110190628984662,1.450827277085652,0.14236651250001117,-0.28829625139184867,-1.3983550162079983,-0.3333776519914799,-0.0069692086647766965,0.4735679964488269,-0.3506916729787633,0.393135600241399,-1.1933050389359392,1.026709953271128,0.8955692629253565,-0.13001384096113272,-0.2772407621844475,-1.260164137618337,-1.8787830067895237,-0.40352628566436577,0.6045367113331881,-1.6316379212216232,0.9007450450245366,-0.776887016265671,0.3020700126899537
SYN3_0003,-0.8438811225340223,0.34844268489521985,-1.0146348826645188,-1.4938637872345333,-0.4666295949396033,-0.8888780747098105,-0.9390289815033815,-0.531623986353321,0.2695445601171507,-1.1778340819985753,0.33545808127209026,-0.18914107953265938,-2.0546120564142276,-1.1875061040421402,-0.1883330066499433,-0.40345516661734226,-0.07966469269628694,-0.15012178300944196,-0.24774633694312026,-0.6905026293940894,-0.16431860374610655,-0.08749843085574152,-0.01485463895675857,0.4260071569532551,-0.1078579752825711,0.41072074872122094,-0.5169405720639602,-0.25384697662947353,2.541807049443009,1.034056534220078,-0.30247852829628585,0.39883493185046925,-0.06273134553740198,-0.473888478660112,-0.0689693965561551
SYN3_0004,0.4827842991150656,0.6137687914980741,0.9034277658998822,-0.933153315244052,-1.293360242928208,0.0028894231054560327,0.05194492259313911,-0.7338279147704,1.7887379812759807,0.02536847416810365,0.5906165800783091,0.5453557935555062,0.42510487892944254,0.4131948164933663,-1.7759050489616035,-1.277405372299872,-1.2183480056220277,-2.673423317722249,0.35562582682427957,0.3431176408539644,0.14268213290840953,-0.2458143225155945,-0.14347019634268574,-1.5587961054573856,0.10599064045208981,-0.28444466188015327,-1.7289754108358508,-0.9541753047354754,-0.30227608761188574,-0.2711671463049879,0.15682025448408038,0.21159977271723127,0.5907203148825472,0.21312823754943166,-1.421035447765767
SYN3_0005,-1.2918570538959009,-0.007090746572798382,0.826597987504917,1.5109047151965336,0.793606995521381,-0.9001928352235126,-1.490204366421756,-1.7528264855345264,-0.3376090116103408,-1.362408489663851,-0.8887156342387497,-1.235979187725663,-0.1233949331883533,-0.6551744971016508,-0.4270448412979453,-0.40177535718686774,-0.4813174942491561,-3.0490344710830715,-1.3298309345409378,0.4193303246063664,1.0346863005333888,2.5516059520747887,2.6394848014344694,1.0969930661841556,-0.9666968625011894,0.12937861899904587,-0.8095729902538014,-0.7392607243893657,-0.34190195627834064,-1.0389770028600163,-1.4131545564201506,-2.1411137431605565,-0.7635647962789164,-0.7378844028207162,0.2429759701935009
SYN3_0006,1.5776271526002388,0.9421627510436535,1.7178240561173226,1.5856010586833735,0.27903837547776117,-0.4866472849393444,-0.8179863169558016,0.8586230165545687,-0.25702314454344893,1.6191258335233987,0.9534143770605475,-0.2981221937876537,0.026201765170591584,-0.3941420638492671,-0.7879483888955244,-0.9981762217444514,-1.0462052083881066,-0.7729910563189928,-0.9504700240959127,0.0744750330773709,0.1687290742749119,-0.49861871693950205,-0.29885800993189676,1.0459247662404103,-0.6115980720381721,-0.11615832236920498,0.4559240741419145,-0.03883521114521182,-0.2579551091287849,0.4029984907195498,1.0626348757593702,1.0392355318493691,1.5705662261029532,0.4384909104691865,-0.04649040324491806
SYN3_0007,-2.187359118352725,1.129510491182473,-0.9982876830068135,-1.87509219934677,-0.22608965208293436,-1.527624478509844,-0.48369390983638955,0.358981054774339,0.8346117958098143,-0.6993142348191942,-2.087837822056695,0.39520199180740934,1.1904988359874071,2.2252449776660805,0.2913296642648979,-0.40102862969745634,-1.5052275983577852,1.6039305322363304,1.5832487040758174,0.20838321199084817,0.13289109942511698,-0.39170093357047964,0.021278462626208496,0.6828668710568668,1.025712358209799,0.10612280769465009,-2.402194497224993,-2.849147898475969,-0.039174024875215395,-0.5627456458334316,-2.361957928918033,1.3674174076010708,-0.10650849122718736,-1.251043524190662,0.6971137269891625
SYN3_0008,0.12010987835715974,1.1601783917128525,0.07723386864951218,-0.36640236532186665,0.9066900598012585,-0.5873620949952607,-0.8171381189187527,-0.7412420290368059,1.5626277468048544,0.2923035739326176,-0.06332759945330221,1.117577728257189,1.2398018263798973,0.2985958326516188,0.27843679001304233,-0.306768886357741,-1.195416870106936,-0.9636534264102509,-0.5846052825799722,0.41522274527953806,0.6915299368290491,1.2223963242862559,1.6194514391523536,0.0531847687793004,-1.3919473389596173,1.0483122570081023,-2.226083505096723,0.09515913974898386,1.3462519521944525,2.379529693399915,1.2172023166984502,-0.4662988164318061,-0.4450386097295364,-0.44613939778569095,0.4244482919059082
SYN3_0009,1.0866495622502494,0.30015855971064714,0.23406089137504255,0.3964667475092614,-0.6653689432280427,-0.24417949643271664,0.8297260628604235,0.2864133566701792,-1.1008368326743985,-0.4485966470815216,0.5696100351120069,0.6511650691940778,-0.04049485238406346,1.1045609096296733,0.24226980247148683,0.4758190416417118,1.207618112368481,2.351141616867447,-0.048599100836836724,-0.9385035662906179,-0.05629367727060975,-0.6781205898642914,0.5331149720954349,-0.2635274947909557,-0.9164496933374842,1.0720082068525025,0.7984859685817556,-0.8831285074935649,0.4209495233727441,-0.2132315126443113,-0.22600795393743797,0.15044092825546418,0.10976393908234108,-2.1839776290222948,-0.6174902907382533
SYN3_0010,0.5968914183081163,0.7624279901370753,1.105412917338319,0.7048828534838961,0.1966605100199637,2.2235123065260574,0.6088417135839592,-0.35201017014355845,0.7483142597928494,-0.21616851061366707,-1.0659922625856726,-0.13857872489860049,-0.34119479146084497,2.048178759086117,-0.25621742532265646,0.059257381647631516,-1.0055905071312998,0.030999559907038506,0.7996100147792391,0.0825723104043504,-0.02402766494117159,1.4990189600699202,-0.35929045686858574,0.560655946747677,1.6895322325760758,-0.5622621711318438,0.13870256178525778,-0.2713139422759055,-1.4450320013772393,0.23732253265151973,0.8326084330800592,-0.051971717671752925,0.9480135533072755,0.16661976305965123,1.072553161581875
SYN3_0011,0.11646185186470534,-0.9830603105806437,-0.5958880011985264,-0.6927359893096073,1.0962387760394179,-0.20106566935203304,-1.32083888714285,1.6270965919463984,1.3588685200210255,0.9020332280397215,0.04243305415373565,1.2755887809281137,-0.000564360002369937,-0.8307636437246579,0.46924217778098126,-1.448180974115371,-1.6712019699420768,-1.2067433811004555,-1.7030493457185651,1.2601187023686018,-1.9617723516171075,-2.412949448035658,-0.7262090332741608,-0.07780706130409792,1.1023458111857134,0.5682839371551601,-0.3538092161829832,0.9993717190636623,-0.9362036787252641,0.10433344619417627,-0.35555367573750096,0.2993064993694074,-0.025190240298829648,0.3004767392520734,1.315549042777148
SYN3_0012,0.40527333938631754,-0.13423818287285505,-0.7787775724442894,-0.8581253980794957,-0.4278454085366484,2.4152905886699685,2.138544339108082,0.8918913367995185,0.1333347125207218,-0.10732148925076411,0.6472453638903843,0.48801193760463835,-0.48052974174138885,0.6851602872939018,0.759650596099018,1.0402412218637034,-1.0984963964616221,0.3164898302758743,0.5348475201292401,-0.6929354262713847,0.6307054474857292,-1.1188083444932233,-0.644674265827085,-0.5260955897292102,1.0566324681446522,1.7190910503352768,-0.619680201725141,-0.027241958400946387,2.233954237283294,-0.11857632369148602,0.49321962444936074,-0.6250887258246829,0.060649315959895304,0.8716974045442075,0.8002169562228073
SYN3_0013,-0.4693070964782397,0.13936497262840694,-0.9348503963900979,0.7212641539991183,1.2460608994059459,1.148216325367559,0.3418483379480574,-0.6301715992432162,0.3990142968473521,-0.8375211681840479,-1.2404481315116824,-0.545984570665725,0.49025654523094914,-1.4545944821921206,-1.931526333012419,-0.04235573186142403,-0.16067718449184124,-0.28030385391319385,-0.0260162799791418,-0.2658326981931758,-0.1562527806698883,-0.3988201634810455,-1.347858497241157,-1.4768933055168723,0.6667875678469135,0.645473642405637,-0.7457290432866895,-0.4789010138320329,0.9385514173417847,-0.3031010489174532,0.788083644179426,-0.6628583236269391,1.0671329279091417,0.22568870389889936,-1.474546041313588
SYN3_0014,-1.3349291130499046,0.3479629672458926,-0.12697568519085561,0.72900098283976,1.740400743301538,0.040817791122885985,-1.1370557528958218,-0.11710215415662814,-1.3789129212367277,-1.2140172107763707,-1.2957198664001037,-2.34615386806434,-2.4562715560831347,-0.2554142055268836,-0.8265313036979939,-0.46740157093735957,0.8599135774903294,-0.37409509012496905,-0.6781419683122092,0.5603492014685976,0.24988906740749675,0.11236505938392137,-0.6595781569554559,-0.23369626129927928,-0.4430497627955251,0.6964159398202714,0.2903632129632183,-0.025993388522818975,1.0130280602538575,1.4205175814155204,0.45823411542707415,1.069033313107779,-1.8349312315510828,-0.8619139050703576,-1.0555632447228132
SYN3_0015,-0.49465172719662437,0.7383719423716446,0.6865390260872416,-0.5862165424878449,-1.8171684811522577,-1.4993611857269162,1.4814135934887005,1.6985852876499845,-0.576868281761137,1.5891321408757588,0.08539723716838686,-1.0749411089024994,-0.2467781591080427,0.18866547408734433,1.4526394131886964,1.0477381663197938,-0.046892662038044555,1.412842579125142,0.1712739920911584,0.34533365537173555,0.3461914614100596,-0.5085808922558313,-1.1031572633632944,-0.9242795239367126,0.09188643256011485,-2.2699757222567194,0.25003760467014635,-0.6473956332983782,1.1433133761514547,0.7353043156941466,-0.3909143501033563,-0.4377456624699358,1.214571746506801,-0.17721732387570746,-0.6413888316617607
SYN3_0016,0.263396402842956,-2.173444698844543,-0.4479468999624329,0.4718397977980281,-0.1568146075184111,0.8130469595273273,-0.19413106948919448,0.5455143322849637,0.15347238860364812,-1.02482418283575,0.6134884661675454,1.9533328124725158,0.8650732024680675,-0.21323713619126733,0.9735245929459966,1.4360024365828643,1.1834105622412885,-0.31487305328997106,-0.9366608816630392,-1.1142322898252461,-1.2923650586632252,-3.1150383099694277,-1.1758054227901398,0.17911499569655737,1.7137701557281033,-0.6567829527757474,0.681599430627507,1.301700842234133,-1.1966164522581877,-0.010316517319615305,-1.8059646116644725,-0.5641637177454132,0.7039648755261548,0.9219837881738336,-0.043712774331679874
SYN3_0017,1.0891674892432113,1.4401406994389818,0.11650790906460316,0.4974071426789872,2.310623251931275,0.9047071483779728,0.5888913220872432,0.9923679363819309,0.3359586867373426,-0.22098258566126924,-1.4238607967721806,-0.21228641741798043,-0.7893149466207514,-1.0646791959715765,0.9391236080743839,0.07714577344793977,0.1732604203101885,1.3967629652016214,1.0420462033876763,0.8857087498196804,0.3946457700951514,-0.6097691133047162,0.8971281050753076,-0.34588573390078053,-1.0513959145089689,-1.8952639417358803,-0.008029384132813825,0.4794139965056109,0.4172366330277503,-1.368504616597628,0.7391677606733842,-0.12157693107934386,0.08420684339268152,0.6877829235875295,-1.1290157472118052
SYN3_0018,-0.6701113717219288,0.6265488267336169,1.0367933617766125,1.4274189881431618,0.13465810118365287,-1.1927582221478696,-0.5764488605451166,0.9604172208001912,-0.6501237279222428,0.01685642667549972,-0.07572954488672272,-0.2247542734553679,0.49237677131980895,-0.7757784064310342,-0.44732546476340096,1.4725244374180935,0.6851667248697345,-0.29455853892910083,0.38967079002834676,1.0379363978857274,0.1998549588384544,0.48745866915775027,0.7802205882873344,0.8310595100789607,1.2894952603196796,2.0495627468686446,1.0183021832698147,0.8923004284419744,-0.08186998500819745,-1.3790863245501928,-1.0178076447076538,-0.508422455141705,-0.1481128702127961,-0.33280623210188043,0.44430814287944204
SYN3_0019,-1.0786664926222291,-1.7156311430998459,-1.7630239314796068,-1.483550475082354,-0.6495661419582145,1.2517784537922645,0.2144008878661451,-1.4020740326367798,0.8643020965436843,-0.3668411384390421,-1.079903477175758,-0.15823531977476082,-0.5968657972832827,-0.9815315157271133,0.31749763794609615,-0.3563093032678539,0.11451327341143001,0.19684326620206546,-0.27904867320331295,-0.009650723369092876,-0.1506672549092948,0.8979015052668929,1.2310933878385566,1.5849581875683774,0.7915111214694991,-1.0159859470029518,-0.2749607530321454,-2.262486886137913,-1.6996210030704988,-1.2890025787383286,0.11620122129059006,0.3327932313090935,-1.0281317993607693,-0.6343126858909822,1.5857225921034828
SYN3_0020,0.23844018962121244,0.597007402998412,-1.2923390140162863,-0.48966207373463394,1.0986439071617706,-0.7726853924311787,-0.9348962174329052,0.831035588346453,-0.09526624018652008,-0.7625039578427805,0.2552703467036427,-0.3071227848270598,-0.6894133923500283,-1.5238629574984155,-1.440766518183552,-0.8539250222771411,-1.1382340978530525,-1.5997522643231907,-1.7532604600781148,-0.7943320228645135,-1.323298902277738,-2.5595694806558797,-1.481819887155905,0.4693396217654403,0.37233853553842367,1.3938421948344966,1.7195897240139464,1.3013791742798688,0.29308195551232613,-0.46792762364393964,0.5473427828617918,-0.17210536225500325,-0.3932869969804035,0.37457921899774305,2.215620764312404
SYN3_0021,-0.5916486632314957,-0.38308199138533866,2.1660911284116304,-1.1901468572853222,0.9460656405125688,-0.026767986936988612,0.15608020267414727,1.2406894284979122,0.20589004057853957,-2.872362426241603,-0.7809522680120011,-0.23004993932881435,1.4880049780476436,1.2433287563080584,1.3012397573892445,-1.1308848658268658,-0.43728651507998145,-0.5943545345956317,-2.198849711993351,-0.6683685374442478,0.30804155911598685,-0.3061552897469264,-0.8890849938875085,0.5398503113968758,0.9083563536993529,0.7882971741416649,-0.6178436672096415,-0.6048094612102526,1.5291810399070644,2.7289964559554525,0.4399766642915861,0.6146414733026049,0.8027782572605584,-0.0027976128993011788,-0.33810377214476894
SYN3_0022,0.9833897956984199,-0.37285247737191574,-0.1446895301936737,-0.6866803036792156,0.07114850445338324,-1.1827857651998588,0.100897926669158,1.2440800681839301,1.5204577871131695,1.585790080289102,2.077117166220546,0.5668125752083113,1.7480398640302406,1.0407557342501779,-0.01976842647548605,-1.627547694694602,0.08401674926694681,-2.3910383492121983,-0.9419124975522477,-2.1215479198796383,-1.2908719412007614,0.39124046680492264,1.7586310942411563,1.1694443355301956,2.409998256106159,0.29128834979878654,-0.5566991973963937,0.5902303580304207,-0.9631184399293203,-0.5790580787731854,-1.5433778207781783,-1.1420613151319843,0.5140725972165978,-0.5405071836231533,-0.29405714042005693
SYN3_0023,1.9054440276002744,0.19363296061845742,-0.9491787934078917,-0.3740562079575016,0.12536836712427174,0.6713357517478353,0.07667434752968393,-0.12674010574533717,0.9533310807237271,-0.042193815091679666,1.7659663525922233,0.8621045260044622,-0.7231672268439701,0.6843754104307667,-1.6861691919364814,-0.8858546387560152,-0.6760490672910251,-1.4503628771190866,-2.356092662503348,-1.4497831956082172,-0.1722019891343876,-0.027168380749071123,-0.0682493145477207,-0.6846332212230691,-0.803331488182439,-0.38148460294977454,-0.12964292605782826,0.6286807582500565,0.30581229931758075,-0.5268819263318272,0.5964523497527228,0.03640373677226553,-0.9822477163458132,-0.1714741406425626,1.065217811054309
SYN3_0024,0.1965391863627337,0.719461754953092,-0.7713580935536234,-0.9162149049820966,-1.1122594373570702,-1.3945196198380334,-1.2406920070434122,-0.2575495280142201,0.048580708165220754,-1.1809437106623064,-0.2898589899509005,0.11832106851909646,0.45349789080378056,0.28101495692024336,0.4723314573257421,1.424684010466342,0.9152862191740705,0.9709918404022714,-0.5081275336965335,0.6873159429995779,-0.7566481399995015,-1.433236942076739,0.4436410101389377,-0.057651630360869704,0.03561480886012791,-0.797680125176186,-0.21950070623451443,0.1815004159068545,-0.7976034547202401,-0.305810947290932,-2.1059224899772775,-3.4750259923213176,-0.02718774158451741,-0.5415147322472942,-0.10785680455809804
SYN3_0025,0.9220442486350792,-0.03371810178889371,-0.14616307640140055,-0.25852762806968776,-1.0617599269795353,0.03229703648164124,0.19075349314269324,-0.13408514744441075,0.11301549484039984,0.10771818725177697,0.4580706597430471,-1.1613217414072379,-1.3099870975634371,-0.3318144961128383,-2.220336260280894,-0.12309841664020164,1.1363001285821495,-0.06750279845004344,-0.9769088614815867,-0.8177722352848643,0.7820315636447486,0.25692505026139817,-1.0811703355868216,0.23324663585871175,-0.5618428448092906,-1.5685003277812153,-1.6020911128546533,-0.9610470200952747,0.28077386402135857,-0.9515617437186173,0.1368248883056084,0.42701725718005507,1.7060033282276617,1.9982892704332813,0.6300317004145747
SYN3_0026,-0.5197638485344799,0.712804965758236,0.9433898056512016,1.0648581518859728,1.284815634929576,0.20629435217666783,-1.2339538048117409,-0.878386834139048,-0.5511846203204049,-0.0605320500835289,0.3504390185586204,1.918109386960673,0.22838295423668872,-1.0157565005158509,0.16440840454380928,0.1647828823116459,1.7557699881464308,1.1696486981072962,1.1460638451254617,-0.20811428393490533,0.2723203183767114,1.071266812917202,-0.8521047917734194,-0.4691173293205133,-0.6866332513220221,-2.2212286732738464,-0.3646699940166415,-0.8972963040827451,-0.2748111116041022,0.4555838286212464,0.4147362522001908,-0.09942947002843383,-2.2042245783991716,-2.0910380542748914,-0.8261456087740058
SYN3_0027,-1.446321794862257,-0.11172264229142537,-0.9172239333472433,-0.07278168493089214,0.23757953345264554,-1.1428573883976727,-0.45618830910277747,0.7216904746922412,0.6151050150367969,-1.5970686670037633,-2.098703861134155,-1.1027015290273328,-1.3415968980806277,-0.33380339271323833,2.0608149500736235,0.6853930139240973,1.3004772413252879,-1.050014983546875,-1.085862717209046,-0.41919646509035735,-0.9016740169657247,-0.6206360909829125,-0.14312350900797374,2.0304187015149355,0.81273071639367,-0.002415839837328619,0.9935340891735002,0.6438902396872248,-0.29127458280455876,-1.3348194693346898,0.9850498765976171,-1.0920216125931355,0.43092846101635446,0.8864079027519144,1.4345163165017358
SYN3_0028,0.8647610349934465,0.6143480356117195,-0.15292232594358596,2.7575931584519884,0.23286672115542636,-0.5846900469934648,-1.2313704201566806,0.10373882345005579,0.4260568700987072,-0.5509485136886324,0.5518969203900865,1.067725112003504,0.7267207943383437,1.1302260136336124,0.7629580498903012,0.3848729168698631,-0.015797975878694876,0.2553534003152574,-0.628777374666591,-0.2767459047846432,0.1096557636248835,0.4725757363605095,0.3089217089516299,-0.4281096589553374,-0.4060851511427375,0.2027053634253266,0.26638915553960674,0.34904364958091905,-0.6947656813067297,0.25885630850680846,-0.16707605819327853,-0.10883127313314703,0.1247738220822898,0.27836611498903413,0.0020963620566177344
SYN3_0029,1.367491520088695,0.48661162648915257,-0.655374766730996,0.35917748156507584,1.6275438365089028,0.5844886667162131,2.284585588040315,-0.5519461558115093,0.5825009147592242,-0.2758476778296787,0.3217954620355116,-1.6125411618053658,1.2024094888799668,0.7522681497675753,1.8665767776024778,2.185443516666547,2.098389537262964,-0.5748114160743399,-0.6092343965283812,-1.3608724458024082,0.9807234416556826,0.16378340189418525,2.725322412513461,0.3964026151633166,-0.3860619765936898,0.11614502361171876,-2.689053432269147,-0.5275972666023069,0.059532348506802564,1.199195583897757,-0.5553538567554422,0.3659999337299314,-0.8020872163795593,-0.372306122903816,0.08160008182120698
SYN3_0030,0.01146855706633894,0.7113107999389473,-0.14016853488010333,-0.9985375478582135,-0.3674805627516618,0.005096706108824321,1.237235089223857,0.9940008598530494,-1.1117439413564425,-1.2796937611170405,1.808026119120359,0.11356183624708388,0.6309343142842203,-0.8918680139004648,-1.1631795601523356,0.24615497954204765,-0.5370414897014325,1.0853943602260385,-0.6699852841653525,-0.4629393361664268,-0.9583721143077388,0.07158256273164358,-0.4878479572340447,-0.9563559737499558,0.8581554878858605,0.8249419555222915,2.127873804004419,1.778862063357221,-0.44502467153364655,0.36014641759345034,0.38957207291281726,-1.8426482439935459,0.3569856028420973,-0.16989715140286737,-0.4651560620932799
SYN3_0031,0.41502131525498764,-2.1456738014491545,-1.2020414629200293,-0.019092844640818098,0.2689673915947524,-0.20305735087760846,-0.23821540929940815,-0.627285256284417,-1.05027698020263,0.2632088461004311,0.5565094372458812,-0.3627251782250388,-1.1051149383858991,-0.6889341139252226,2.0101798800899195,-0.4029616511121954,0.6558806642889072,-0.16732997634033178,-0.3030215736467939,0.4392560748296303,-0.41818328842648295,0.3809659682359447,-0.13022483241606905,0.09748372559746989,-0.7265435899132039,-2.3064147726706388,-1.4985794089617293,1.0504220147136074,1.124340762567612,-0.1891977350988114,-0.24458810550238133,-0.01005728673640532,0.7964958718776385,0.3397255123438159,-0.024632341752197078
SYN3_0032,-1.854105573308405,-1.0174897027895615,-1.789625303060959,-1.4711316865067579,0.6311548224245017,0.16792267900309132,-0.5917165524087086,0.12755623870878788,-1.1859007100570325,-1.0097925317005398,-0.20872865847252994,-1.3438287607904054,-1.3653322300235955,0.5710342417452404,-0.15251447479641678,-1.513232081690073,0.11236448630025354,0.1892266382794603,0.4098161233184293,-0.3791231170398517,1.2032946218369927,0.9283221424222542,1.3730416733544595,1.3718875964745978,0.07890114779357975,-0.9053680636123753,0.0738965145740342,-1.0598390244773324,-1.4240874203435758,-0.5911233685252971,-0.9928168191388845,-0.06778600154106758,-0.01170890920985822,0.9552728468271859,0.8248556957922882
SYN3_0033,-0.9799433448573792,-0.8733704698942779,-0.29323141171386463,-0.24810566512980883,-0.2377690499055838,0.681917243833372,0.2615575493207831,-0.6161323869095058,-0.5462566976257703,-2.147661154348747,-0.29016069768837316,-0.4657890003348272,0.9361452264879618,0.8436475523359077,1.1896591086769837,-0.23276947994724279,-1.2418470888541357,-0.5583984435083714,0.055564084560558634,-0.7282230375002046,-0.8942457428974672,0.5882512427644556,-0.9855666291332071,2.142034174427246,2.060059078184793,0.7632972359632235,0.35193475831127674,0.06903403429174464,1.8687339438986579,0.6068450040245582,-0.8651870917041595,0.4038555861903397,0.6462816682439007,1.0969520451927246,1.7199346436998744
SYN3_0034,0.1999447872499926,-0.5218125068367225,0.21863877135224372,-0.09756579735300545,0.21695677203304087,-1.1647530907520318,-0.806543490519274,-0.248154482446716,0.7851613440337923,-0.7317679655933662,1.2565542630683006,-0.3459616357288062,1.6152011009579348,-0.10575945980472995,-0.1437368874226932,-0.2992641709693175,-0.30395750977871827,0.7877266303660648,-0.07453002853667247,1.7616853186975587,1.3414570455682104,-1.15933811009909,-0.7476348996984739,-1.9050017882077683,-1.0755462894620496,0.9266451525889344,1.318821563388307,-0.3643951152683897,-0.5985211338039282,-0.7751372404788707,1.159334723618553,1.4634315420873285,-0.02624467653091416,-0.4585973385387774,-0.4075104903306292
SYN3_0035,0.7273466012360655,0.28235741777651735,0.9974194953857315,0.40227066466780215,2.131308361521569,1.1344096942984228,0.4224468595625306,-0.4183911360844422,0.1124682597251618,0.11832868335437506,-1.1379088592777604,-0.44810083984995747,-0.7150986558184746,-1.8131889387121543,-0.7632769240807107,-1.5312841711838936,1.614219246282671,0.48347079061863296,-0.45440721821081587,0.0751392640094591,-2.1237571497662384,-1.0789833065853962,-0.20546948565655243,-1.2681407537801623,-0.34842943611762595,0.8400257035119411,0.8455478789425979,1.1497091132468993,0.42231383408267886,-0.4081077320724889,-0.5168929676735804,-1.4442165917444179,-2.21549502616205,-0.4928002506420544,0.048933211305013075
SYN3_0036,-0.6528396952888719,-2.2637271203104015,-0.0617844843922353,0.5196223332704687,2.295630699092406,0.9343112310920061,0.38537460404373564,0.7156041594636605,0.6780683387592704,0.30843923389156197,-0.5392506050229192,-1.4466295683235508,0.6090113869932336,1.4219192927912887,0.3042482228157745,-1.0320012087031893,0.06433990596640887,-0.11056869175421462,0.6363202872143832,-1.5984607185616038,-1.9913248860608315,0.9878291608781167,-1.3482519443229193,0.5243526155650001,-0.24256857806383014,0.5648358779943417,-0.9549589806692461,0.23863766133156547,-0.05723519003040366,0.3278435358159619,0.4959839062844069,-0.47517367562534835,0.01171010711548224,-0.2571224480902267,-0.8667540360552562
SYN3_0037,-0.5285407373381459,0.5577932602243167,-2.5740569849700483,-1.1166422766003756,-1.186504124068092,0.7369316575121992,1.0430141932219572,-0.9791584714106025,-0.0038717187175353286,1.0155087467493713,0.8870085646501644,0.5901720156303417,0.35546696756864915,1.1890507415915799,2.4289580593061952,1.0889994267183167,0.2564488591583643,0.7431855303253515,0.3241742786123923,0.30831979639493007,0.7189319212646339,-0.22953698922511204,-1.1799789644928185,-0.45485264784517837,-1.049237772917627,-0.8336105014718321,0.887095531190065,-1.2134074276140496,-1.6252625203351796,-0.0022770927559016213,0.8928362763271429,-0.7219107769396598,-0.3953724278728335,0.07725034556123941,-0.5570749321882895
SYN3_0038,-0.6689816655369833,1.6076314931635474,-0.9649659103452141,-1.5645812968511672,-0.07682439644788273,0.4065302556433944,1.2507945115520631,0.32743123621163783,-0.21579328290764982,0.0830110063462385,0.5794584118801002,-0.4162675720342679,0.18356726280350721,0.1423353917339388,0.06180538705372601,-0.5149606097610737,-0.07038019364670144,-0.49860164792391415,0.623901192307891,0.4957613349098517,-1.3244697844624638,-2.4815425488502636,-2.0855471665506,-0.6011364375508547,1.1043637549681735,0.06528754819468222,1.1831708657629159,-0.405274328609024,-0.49899166239996984,0.4464712480082413,-0.7644525739691784,-2.2307827835248526,0.23377710844972474,-1.273623454695308,-1.1188555758285414
SYN3_0039,0.33087826886001076,-0.4308447067709129,-2.0520596243794187,0.4153119277238816,1.0013644829620605,0.3997505411673044,0.634493969165639,0.3546016464629622,0.8583587794045772,-0.02113687668040007,-1.0410594063690068,-2.0007593658589364,-0.37448034033993255,0.8836597638234897,-0.4585174440482329,0.8451260372193478,0.2933280215926749,-0.23176105510174935,-1.7069606997504159,-0.8111424179418646,-0.42752585839227303,-1.4411361037088821,-2.29751005422552,-1.2129199911454431,0.6518814147986657,0.563550679829837,2.1180091934843843,0.06745848126703084,-0.8832333640249994,0.465152441031739,1.6684541513219415,1.1717168781942584,2.924777442242935,0.12872258624415653,-0.4655944846205758
SYN3_0040,0.02622010964843099,-1.8845436798447064,0.8207281722538021,1.1618347506305746,1.03833510900617,0.6646020599713082,-0.5298389313087364,0.43787624319501567,-1.368583913128252,-0.9517629852205919,-0.6941338678494464,0.7718295653520748,2.527058453322088,1.8952496615562449,-0.09210519418709645,-0.867089144435436,-0.36831623217586157,-0.8089431216725408,-1.9715571301057617,0.49962238086160227,1.155202312154484,0.22150893475474956,0.17464400591981152,-0.3480701898732788,1.1532199692863847,0.6321627236035037,1.3953222267672019,1.7299208632128238,-0.48040561633708906,0.4500194600197429,-0.3496090895094443,-0.05075429629665923,0.6651231596795918,1.2335065415156918,0.07711632564788135
SYN3_0041,0.4990949330077072,-0.8904944643807196,-0.6954272966129117,0.14494110331039964,-0.38445050184704577,-0.7213974412602558,-0.33830914587236616,0.6296058865228998,0.4300345929201101,-0.6887112006433078,-0.5383935283885617,0.056675257515680894,-0.11007814464972535,0.5412318350326741,0.438230593066901,-1.3800096491338618,-0.6848637180417158,1.9893858940416025,-0.04226143245074201,0.3002656623441283,1.044509785978461,-0.42092002694281105,-0.8026223067688195,-0.717425544128125,-1.02066497423564,0.4210094106619762,-0.47674544341949604,1.3963033219901064,1.4787867472952183,0.5262427846143543,-0.18742522911029078,-1.4825692586736854,0.012801615164927315,0.9012400721079509,1.1188684470439147
SYN3_0042,1.4760749609688275,1.7565834668617808,1.2420982837072287,0.05195462098580842,0.6149361460618342,0.6177750767395599,0.6021385252215968,0.43060833683034894,-0.9569045834768158,-0.6525906292036915,0.47846906246895854,0.18463306233827867,-0.4075887839980663,-1.7981701177829894,-0.18249815189481436,0.9855349433964887,1.8413009070833863,0.5408560800692007,-0.49057569095670084,-1.5910673962433703,-0.2120776261351062,-1.4231714636692676,0.6574300281673896,1.4733122982499087,-0.3121602403379022,-0.7873501197801323,0.4865641039585463,0.7307654286758366,1.1526318602143688,1.4461849535770923,0.4028131447848547,-0.8595235072927077,-0.6273389112266174,1.8222579249276298,0.47578412841650874
SYN3_0043,0.9005474835401146,1.1991645988592636,0.9235195840514555,0.7888320730338055,-0.41764821043672856,0.0814314370629636,1.047624354360204,-0.4996229148826438,-0.04232128247839209,0.37161368811227996,-0.14293651022901488,0.014709348724712116,0.6542415697070479,-0.5466990569971022,0.38581110271335134,-0.6593540195604958,1.2533133109871546,-0.9470739986903821,-0.7626627597631661,0.08999595622020731,-0.0004998221672989232,-0.5377399577021595,-0.46114958353154917,0.08691834306769611,0.4657138163534188,-0.7175769507302644,0.058059459638835624,-0.32647350931771285,-0.3070356821451476,-0.4284037499089025,-0.3588188702326063,0.28080227210028996,0.2893228254925766,2.4300913656697056,2.029923883084576
SYN3_0044,-1.7767758694242775,0.8801010747497288,0.46380141502173905,-0.4425753471392335,-1.2345069826919597,-1.983801722021614,-0.7982541262986532,-0.298556543968475,-1.471646714153627,0.1005865131397883,-1.4893403780180465,-1.8290919675530661,-0.29827721727468226,-1.311016674435914,0.5809940120351242,-0.4356693170348689,-0.5157859589271988,-1.6549578016642328,0.1848117303391067,-0.1820553805585687,0.322102217224566,0.40217745151889217,0.7115804089387744,0.5039561659047713,-0.3859195720667222,1.8874903840816912,0.9968840332072414,1.6920803778909483,0.316856918308791,0.31715951410764454,0.48925607865340115,0.16397084306097198,1.0429176524823183,0.9739272095730983,0.2741249978931759
SYN3_0045,0.0016954149637105828,0.45265237811051934,-1.3817468509599748,0.7445575542461538,1.1911070286403225,0.329978998407618,1.6958481733864386,1.7362221061117598,-1.0510113464292874,-0.1984576267241474,1.1615857645926344,-1.3425487404971947,-1.9765816186445535,-0.7664413307604543,-0.346907760020858,0.3729163276659811,0.7110223629211069,1.214531105612144,-0.519661985513238,0.23302999985015765,0.12291718419764287,-1.0488586477397897,0.196762970119095,-0.3526985629506878,-1.075822665850547,-0.2559084363199899,1.1945842209646942,-0.8099349069489492,-1.614717277726973,-0.8470673503379547,-0.2384984409241189,0.21874185461915127,1.3426833709232904,-0.25787427781657196,1.0062699838624019
SYN3_0046,0.2997761986792582,-0.2669073736690548,-1.2918322213848894,-1.4407309038946419,-0.7546565809761195,0.42110170084667814,0.09099138690398059,-0.10391068596860932,-1.2690803014711614,0.5579289653004442,-0.5663749260202813,0.24440959022718325,0.6070669913325287,0.7763252388015368,0.8222014973613639,0.008297326872095757,-0.5954130668443426,-0.7929097874348873,0.040627507898021595,-0.44710055160664713,-1.0280783792011778,-2.3090475337567105,-1.1602012000806083,-0.9018471836923634,-1.0790580891247803,-0.8382180033124025,-0.006618780291124076,2.1430854042719445,-0.8122826518623326,0.49758244914460203,0.25437441963968926,-0.04072286400384127,0.5491366477760766,0.5510226994264338,0.8980390438912822
SYN3_0047,0.9691022520068601,-0.1257852131078443,-1.1151604762417746,-0.17590671408298023,0.5132411911161914,0.42886959459239704,-0.27453207429548426,0.9734655667682249,0.0637136327393347,-0.9852040237055486,-0.8897566017453769,-0.6253161782787283,-0.7121621372033416,-0.2761585981652725,0.7055427226105088,0.42022939252816516,-1.410027048148905,-0.846320679566004,-0.55361304360276,-1.0810886909801272,-0.4257128464592117,2.1480479413499127,-1.5665312530483104,-1.414138989978699,0.2014536548336322,-0.8292102595980408,-1.4782224413510587,-2.6237161337209507,0.15224297783058222,-0.41661703806093714,1.1812462829319952,2.1395024186555722,0.24852238527768777,0.5622529973440449,-0.054148733541461484
SYN3_0048,-0.14639437858167792,0.021045777279587993,-0.42447796179813024,-0.7259250529104693,-1.8650276943074569,-0.7362294849775385,0.4735414662060706,1.2143010141952666,0.2934162703188917,-1.0339887414278266,0.9409170745337151,-0.4005452986110588,1.9807049388027145,0.6176241091147381,-0.5608499153700499,0.2087722390818186,0.19734414727171307,-0.29493277043008564,-1.547378833216318,0.46677871630830464,-2.0101469667524317,-1.4416207559241105,-0.5024607515410973,-0.09947748184520913,1.0351944317628268,0.7046513105677679,-0.09800251258952151,0.6956415927129508,-0.18737176715534992,-0.28187591489590424,0.5691155972167012,0.09499281734256114,0.29011307786634805,-2.61583546779099,-0.7562259784956075
SYN3_0049,-0.09362205343114897,-0.3134902885205377,0.2800413762125688,-0.9485576758494588,-0.4938347684847691,-1.2773537054349429,-0.9445577385211271,0.8222084739810811,1.966370958072408,-0.12993834256611875,0.6437106105705727,-1.1682158635756426,-0.5649778312711132,0.7526741577093702,0.8741100267795242,0.11636257666329373,-0.16050876702569353,0.9080255037759728,1.4891197964169685,0.6204039963467696,-0.5761328765046209,-0.1790584401494423,0.6501273924674844,0.4707293055536201,0.026300199463514615,-0.14332766010984876,0.12326777375558566,1.207370359062582,0.08324536592200946,-1.1174327401129638,-1.2208175917879445,-0.07640033384867805,1.9325260314881858,1.1146838512119832,-1.033430365399384
SYN3_0050,1.2885588137651434,1.0119249210035224,0.1744635704900024,-2.135023847821843,-0.2891911765437179,0.2743246654340426,0.2646672771558252,-0.4558688449190974,-1.399170169116714,-1.026096579626393,-0.5114176068508324,1.2595562801597735,-0.36163015371732576,1.3192234302423893,-0.24476925485601495,-0.23972359707950475,-1.0490590853083208,-0.166574250688371,-0.6103168666688058,-0.4781457670397122,-0.01331836186542689,-1.3132527649892238,0.4194861871689239,0.5502841133561643,1.114695640319973,-0.26535665305428835,0.866502264935751,1.3879072807613797,0.652281240421714,-1.0201486317691393,0.1553542566675557,0.8055585105627231,0.3778632449973531,0.06526660940912475,-1.2057057588386442
SYN3_0051,-0.4268642006441744,-0.44554150100879436,0.019825035295330366,-1.418086591647949,-0.07954137610639625,-0.8374805124924065,-1.5595839338795208,0.22798327515144806,1.0747022713862375,1.4566614960194602,-0.3157000342538669,-0.464067614822747,0.06624721697126082,0.7693626812800286,1.399617532071409,2.0520368276912224,-0.3915940403454843,-1.4345403794728158,-0.824740697213747,-1.1321038914342132,-0.5452845225724707,-0.7803933470048565,-0.17554315162725134,-0.541256280988148,-0.5217035974067241,1.7271226168264942,1.3114194451648729,1.47841225305085,-0.0008190835946057624,-0.7731129130762543,-1.4874689203859524,-0.07913728011112313,0.7965271713765825,-0.8068040447721515,0.20006915444328502
SYN3_0052,0.8144110998560585,0.17103416816278375,0.4051739589907524,1.6181996051232381,1.749139871162157,0.41227336340183973,0.10221629797061435,1.9224885630865967,0.13987085489544818,1.2069916410341388,1.8976743188715857,0.5954892735067138,-0.14558353733754473,0.6296793131896572,0.23717528667199303,0.6116504424179424,1.2393174593167473,2.215439483244221,0.13482335839401585,-0.00040404162847116763,0.06935818723645314,-0.28323766370388626,0.9327099781582421,1.3034575778211288,-0.8161674105892557,-0.42308316582218014,0.07049769496561412,-0.5961873312718245,-0.34204231097664967,-0.39028684790870716,-0.6973183387407415,0.47589686652116636,-0.1546513417855981,0.8760301994803151,0.296481911618914
SYN3_0053,-0.5648562638218882,-0.15144612205174507,-1.6228447418350849,0.17136210313701453,-0.4939038666292715,-2.0064687553087555,0.11072953472172016,-1.5300452140799348,-0.4959272093437483,-1.6165665633021609,-0.7069917874529996,0.9958223402034693,-0.21786479778120854,-1.8133778150082607,-1.7221919261592173,-0.8448951778304279,0.396270674120942,0.9769329084649158,1.689857047074821,0.6057030807953647,0.15741414228423925,0.07408967175926587,0.2130617778023916,-0.5413003023066486,-0.6172813148412354,-0.9821011118334405,-0.18862756010144063,-0.00015763094993403017,-0.8922733708483473,0.13482774054633978,-2.7248496276141347,-3.1968879049694934,-1.5494067296630865,1.3674788591144929,0.19318654217376854
SYN3_0054,-0.6766974463989834,0.04429195443459113,-2.11534880762816,-0.7615288705953868,-0.6340930451593261,1.5177263059588983,-0.17449571864585048,-0.10328379684736932,-1.1064945945528495,0.7672164018820117,-1.3966388263809417,0.7789231564732214,0.8289037699975533,0.002743656427373315,0.2903126725244411,1.6359749244446975,-0.6680787760306454,0.34529706397825183,-0.6869263867711242,0.5172641581340286,-0.04545490846390914,0.9160873809317117,-0.04105834244252818,-0.41849576924891335,-1.8495904383645807,0.0890675778609046,-0.04086751479940821,0.47549621623204524,-0.39699487281235646,0.5148747306195216,0.3495451063757693,-0.05656551212506695,0.07173411424561645,-0.593448911619461,-0.36661528390589054
SYN3_0055,-0.8626586918267143,0.567448926634492,0.06519098899903801,0.4559748240545094,1.2772988428685759,0.2922851839540451,-0.5138308036566843,0.4669896499184756,1.375223038317429,-0.05110597255690505,-1.721826148100758,0.3711475980463818,2.086362294086013,-0.14374338120875269,-1.5905061799861357,-0.3116262854065358,0.34943603685586605,0.8734052630839146,-1.2827135550898532,-0.2355116649489384,0.020500366600528633,-0.00902031679181198,-0.16619804740347585,-2.7286714913249277,-1.0419409569615745,-0.13293891687114215,-1.106218434243695,-0.9039803415677486,-0.8334526542517493,-0.6854857586747716,-2.315840305660587,-1.5074612265218688,-1.832818487201587,-1.2791520313689129,0.8630452417423479
SYN3_0056,1.5290915882538783,1.2865188531323828,0.2394995599491796,0.11006604070717703,1.1014141817957463,-0.5444095900226913,-0.5291344915116849,-0.32663304512972097,1.4496143125256093,1.9066125333342907,2.8972861654430315,1.849060110267058,0.6004635834330487,0.37206237684350807,-0.6834273556491282,-1.227163684403251,-0.27705508858363365,-1.8148730673823112,-0.9693407636375059,-0.9335134695671846,-0.16833364019304523,-0.035873765014510034,-0.1655028099233104,-1.830300712795895,-0.2040655889432479,0.630294278930293,-1.3822066905573367,2.3421384068812228,1.9234357291670694,0.9132163028516661,0.5356864868412161,-0.23698341628399308,0.15678725540662536,0.7379019759506372,0.5837325364657185
SYN3_0057,-0.727477503305468,-0.6267841607316623,-1.156455754515309,-0.09667858295653696,0.11548924361006499,0.24581077056838163,1.2257367557756655,-0.015228292129027068,-1.2846607528467342,-2.1506353064238954,-1.134870015300759,1.1680874768504454,0.54419585424648,0.05104688565930508,-0.026979237087889508,-2.2360887473834308,-0.8767070933473851,-0.9158848727297566,0.8031491066411701,1.389507076217535,0.422286888184762,1.2484488017602755,0.35804389630699057,0.17234392202276028,-0.5877230115869843,-0.19073445409028686,-1.1526228908329506,0.17368808494284266,-0.770634018663007,0.4990318359644949,0.4619106237288245,0.9746283313662849,0.09782113847823623,-1.298246388812828,-2.1318968264063725
SYN3_0058,0.13947969579795125,1.4513253918503501,-0.47147382706848895,-1.6327698212738608,-0.9703484875167813,-0.19602597440196734,-0.16703796804050106,-1.0458551826902882,0.15250286643958777,1.0184833603354477,-0.2516581920271497,1.000360584987877,-0.7189830815622847,0.26086370352820487,-0.4120740618900872,-0.590691876815277,0.6389338519730267,-0.22152340992105746,-0.2820389571743193,-0.9281865358378991,0.11689927890261706,0.1784793786660821,0.6116289810810275,0.4485831788853933,0.024169213755528416,0.0016511028324317741,-0.5203304970940471,-0.4739333743797169,-0.514230095010933,0.3280296847497454,0.7019785332544891,-0.831234709793169,0.17005406430647735,-1.324648067651356,-1.1084929546030038
SYN3_0059,0.055171904434503316,-0.3858693590747758,0.7750411212082245,-0.691632776908985,-1.0469836750934212,-0.008586495876993366,-0.7656562446437573,0.3097351625945306,0.591421510316531,-1.0133542615026796,1.4183105138243415,0.3416890937921769,-0.09733004087105836,1.4123515408140281,1.5645231100358428,0.6635096559045844,-0.2920431235436866,-0.5521461252686785,-1.2474035671122565,0.915440634420074,0.8974937690624686,0.8168791411425863,0.5809170202173037,0.6197229861220376,-0.6722970155009979,0.8388842611270284,-0.12446127014136152,1.3248098339739494,0.19780221648901303,1.9860968596897821,1.0713749417284752,0.7234867841160186,1.5628230996098469,1.6103584073345054,0.1953305431564977
SYN3_0060,-0.08414376318763539,-0.4585856395660453,0.2943478809111951,0.14556648024681149,1.7580297131150087,0.45210840801029495,-0.3419379157188058,-1.2618849784264856,-0.4482890584835755,-0.6741948735132562,-1.3474005818416015,-0.3259783910210568,-0.349287791689819,-0.2996664526972082,0.018715841292121393,0.2862789065101762,-0.29574633318228094,1.2892375031194303,0.5249395120818017,0.087588452369887,0.8411361596000534,-0.5028650761308597,-1.0731506763514413,-1.5197380549548383,-1.6879537513550724,0.3839334301491805,0.16032372372148118,-0.6217649310090803,0.4079965106816099,0.6677321277178178,-0.48808634362866776,0.43162070062247265,1.1929911385065497,-0.6088724575118138,0.28203802668012296
SYN3_0061,-1.0704100887389048,-0.4142484254870995,-1.344311051598594,-1.5984932096136242,-1.2783198608468178,-0.4285860968151001,-0.2064466387203943,-1.0270692471895866,0.3026573373874178,0.8516394285726839,-0.1843732992261803,0.3024563151328934,0.39290374466155653,0.6916039852278711,0.49072302638751003,-0.3283037725534851,-0.740131398217892,-1.5563098245069142,-0.5500457419511593,-0.37266387017903047,0.7941759264460594,-1.1199242852942997,0.020707150729097668,-0.895521021744679,-0.7264390960385413,1.7320208130070265,0.7384941118743571,2.271762228571472,0.9958665102440067,0.23367449815216945,0.592288282279051,0.6284825694446278,-0.5269231642706347,1.415328072982656,1.6898537693282103
SYN3_0062,1.5097524041826746,-0.47656272193583377,-0.32184091462806086,0.2983774028755786,-0.16569894431801732,0.26537045171813906,1.3267586015085975,0.4043259899214775,0.256908830646664,1.3073616968050987,0.5917925992153166,2.094271566282639,0.29978861585715083,0.36229192279664674,1.3203468653606398,-1.9560438255893449,-1.0890629886189758,-1.6226942862857774,-1.2324346533399717,0.1596213699105412,-1.0010026956074505,-1.7427676399910514,-0.04081299589948244,-1.7182762835046452,-1.0649136730146553,0.19779389675776496,-0.9288853646257844,-1.438724319180972,-0.6261236998740666,-0.8908998356222982,0.4492697769834576,1.0280063687095278,0.4980999972997988,1.1008954627622012,-0.4659002235784353
SYN3_0063,-0.6411182275255238,0.9399146458907132,-0.7748514803160547,-1.8187948009133057,-1.0704141166179433,-0.14509390827929305,-0.6117356050249221,1.0448326117132745,1.0123439803653556,0.2751309310235217,0.2512971768044558,0.9094231992150298,2.093248939423279,0.9191654676802418,0.3358681447913444,-0.3251798081590704,-1.4405685724354393,-1.1909089816001148,-1.934001270518104,-0.5811296891207732,0.3777994187033213,1.0334025283963284,-0.6124861611595407,-0.26082915084882563,1.5726008238996145,-1.0882224150743645,-0.5732820316959412,-0.4978993822999725,-0.9876707184110094,-0.7357677308223687,0.9788704447463188,0.29108639456848634,-1.0341342982088622,-0.3852491404545306,-0.8370804462063706
SYN3_0064,-0.1276781584317391,0.06899079508315216,-0.3454442965432911,-0.46545318618366555,-1.0815808532233702,-1.3682037892288275,-0.1967082097949767,-0.7524733188424103,-0.9056603988400554,-0.2685578327397434,0.43318717100129334,0.5516584433502363,-1.356016490429249,0.6916792373388447,-0.04319689468043182,0.2422496183237762,1.280117267136472,-0.03465352957642554,-0.48323798855520417,-1.0382971388771722,0.30729325221292697,-0.4324165561665346,-0.22948173028485913,-0.37689015460153713,1.6231010055959008,-0.5779676383438737,-0.3562252158580858,-0.7157323976189164,-1.679831287304927,0.08830835275076557,0.6900773849354184,1.3549909146723453,0.527232647190664,0.6804054661645303,-0.3717169765778076
SYN3_0065,-0.320024741255584,-0.03740995727311783,-0.26897987923846167,0.05076174804204776,-1.2288236844230311,0.7784640061557287,-1.5054794082651572,-1.0323841594572107,0.0914926550786759,0.6937879772948405,-0.2582268519038384,0.34703099688604355,-0.20363708400538208,1.7926103087635203,0.6935461199783034,-0.08831821245491148,-1.6854494288330306,-0.17633987531768988,-1.0535829291294974,-0.7195956060278593,-1.952681791149983,0.05817342542684723,0.3153797769885295,0.7735082189901412,-0.49632451307900105,1.6431644979691915,1.480937194132081,1.510380373924888,-0.12027352949252633,-0.9598865315757877,-1.221439890609758,-0.670913054694369,-0.1417292710860887,-0.8548029855276352,-0.7839662132798471
SYN3_0066,0.007605846429546497,-0.6964492458142464,1.0686571371848075,-0.47822667310381894,-0.36846500700650436,-1.2158619762309497,-0.5973430476111122,0.18478853188885946,-0.9873898104754613,-1.9805208795662084,-0.7705791857446259,-0.17606226763322944,0.6645698881602622,0.3706622391777989,0.9361442151207112,1.3688842895545583,-0.4533529362111042,-0.03362997347775722,-1.9879487087212746,-1.8168148860644142,-0.9566275934714735,0.2433737050998788,-0.14330720238903497,-0.38220982622309035,-1.2527349498963976,-1.4667098897122721,-0.8405185404862535,-0.3888563920028215,1.8247448100702806,-0.9929467071160143,0.14988689135134883,0.03046320123341144,1.303334004934573,1.4449574165931134,1.0957534565264306
SYN3_0067,0.14359391105564875,-0.6253482342718645,0.4941998662234317,0.7233247841168551,1.775517518076761,2.761150882840502,1.1376650147227472,1.1905769870176195,0.31928203319133325,0.2669142364124394,2.1229986919698316,0.28181183335699345,-0.20600080425854167,-0.05399044167989873,1.354579459926163,-1.052289435449737,-1.3788380890049772,0.6223260451989584,-1.4021655113263285,-1.223165737427808,-1.0604163227785903,1.034629483645412,-0.11088905060851977,-0.8135879568042538,-1.4061587070268986,-1.8788124607159953,-2.0355615495594863,-0.6493548507346941,-0.4643773080781745,0.3206614099092022,-0.6269399556921079,0.8918886305054555,-0.642835381991519,1.2532079050690128,0.034456564646647335
SYN3_0068,-0.615187473774566,-0.024236230611437214,-1.8532698770783698,0.9212555854698401,-1.1665099056942956,-0.674787723834091,-1.2890556075298825,-1.1772473992433625,0.49685092185931407,0.9777082740976754,0.631967611268216,0.028229716379048257,0.04629844012590622,-1.6998027399337954,-0.29634793780979685,-0.1751946891531099,-0.1879108994287028,0.43713223254719774,0.4131396135314559,-0.9506957285006029,-1.0582953741426875,-0.7458424749187405,-1.3905168789662727,-1.1721288737193554,-0.1400126251743387,-0.4480659066499099,0.5481253731977421,0.5730733301896489,-0.4315106081853388,1.7333652020799073,0.6996314802466745,-1.7578203395807857,0.5394883730546114,-1.1518688062981428,2.0109769353315534
SYN3_0069,-0.06692826255785642,0.23628783804606265,-1.0494423990808739,-0.6814796398650856,1.0438450644555166,-0.6406081308415107,-0.2652622050152531,1.5151303984021858,0.44660268166775813,0.04446803465840606,-0.5008419859930779,-1.22062280549062,-1.6258649616631125,-0.5692524932799287,0.38368175523283615,0.9370832867055411,-0.4339457507303277,-0.6551277324153242,-0.17197021564354042,-0.8877222412400753,-1.8555412892758294,-0.08586381922506138,-0.4204561449649235,-0.013442789111715809,0.7630313626528782,0.7596938925041583,0.7934049886293914,1.1719296055224686,-0.281980473463831,1.380075692398986,-0.6091307544868718,-1.2132358685877314,-1.6421068618667138,1.4108400159165362,0.602197664786404
SYN3_0070,0.3244881712391404,0.67546059595319,1.7788984483865316,0.5084718071460966,-0.061175992894758884,-1.9509310830243058,-1.727030867984443,0.7231130614527683,-0.032473261012699234,0.524047727543907,1.158354011389172,2.03793021501347,-0.5985265510467238,-1.7517836937613027,0.5140365609471753,2.0093774769998567,3.0557638148863084,1.0984964046703753,-0.3125848883878714,-0.4913144083121979,0.5382139311649103,-0.69342299825515,-0.6176904848606584,0.7973325923317682,0.5381323256915679,0.9742953607147664,1.0587184548196011,1.6068299468675635,0.019256165112764942,-0.548584552508407,0.5896763482049671,-1.3503431603087743,-0.8771979293593057,-1.0585648193215986,0.17090958365911166
SYN3_0071,0.7542095515587983,0.5166950590291689,-0.10541140818563129,-0.1678448408377737,-1.2184703522318754,-0.504825368149479,-0.5300873242429955,0.1020320008716127,-0.14161083729906915,-0.4591524624974172,-1.163192761595028,0.7238330353113115,0.5921079080758214,0.22558418289714607,-0.6721076435391881,-1.4064932577635487,0.8280400485365524,0.1799417783094075,0.14741728424498884,-0.19341127332099237,-0.19897172355421433,-0.27352778030564523,1.5260815854482714,-0.5954706620525019,-0.21327625061342925,0.24633683507778098,-2.1502629661670336,-0.9438800199985304,0.262862217904898,-0.9599362204972371,-0.6952759437689998,0.9363216589917319,0.9602504951645267,1.1417939189503288,0.1713139491741615
SYN3_0072,1.1411116119000575,-1.18374334618554,0.09129913835792128,-0.8863082546139285,-0.39086422544661464,0.35191336132782675,-0.26272099020008155,0.10079695007239257,0.19298251124266708,0.030052940023662524,-0.25666853572143583,-0.2767783932460021,-0.3291760172069184,0.9962451643474707,1.0493348223416372,0.7678876633008221,-1.045714043908597,-0.3233972116013591,-0.6670098628249721,-0.6315367774473943,-1.5017974329537231,0.07954499900845612,0.26987495615369583,-0.6313375304875957,-0.40953142401720466,0.4506099911284357,-0.0794197880381268,-0.4989003929847769,-0.8180046686728839,-0.21361781601611304,-0.3135383539254927,0.83888664159554,-0.3187472341120004,-0.916618360366186,-0.8895158102039652
SYN3_0073,-1.816717637277923,1.8297166143260695,0.3507408554983489,-0.1881162905467842,-2.3632490818872425,-2.095906549706881,-0.038497965227490896,0.08885470258713783,0.059850435411012884,-0.6218863557369622,-3.101783378605814,-2.567555901040307,-2.495119169158972,-0.2331627093517441,0.7375793904525658,-0.9463349022839601,-0.8785525377118075,1.0155444164739904,0.9025599413404221,-0.43308764037038405,0.3054217525233286,-0.7689763397323085,-0.8500683895837029,-0.2270991612690078,0.5265778817277005,-1.0803649043205739,0.7624236505724393,0.738715766097171,0.6664003949768147,-1.3817039022677302,-0.31890162194118854,-0.09965936562218412,-0.23653289918572448,0.9863463867139358,-0.24533882331734344
SYN3_0074,-0.508037280828621,0.6038941089472146,-1.126488188321392,-2.636707003304665,-0.5710305874920352,-0.9441205207688689,-0.8496991487113548,-0.16837097670825588,-0.028163148673097892,-0.1071056466748622,0.36605554850103794,0.02363163559202382,-0.5372418660757855,-1.414835425547842,-0.5537922706914691,0.3695130245325712,0.2967093222599963,1.3248566380942772,-0.996776769567062,-0.19746236422913266,-1.023430863383803,0.722843374906931,0.6195936544920216,-0.012491961821392106,-0.42048888174014976,0.7716101920485473,0.8100375997104334,1.0192101072833275,0.5007222015343157,-0.5056152646958135,-1.1965858058061118,-0.14481770904593996,-0.7161883287289774,-0.46547421644520826,-0.5014906581080901
SYN3_0075,0.03478680455791829,0.6969358195892383,0.0353346309698249,1.506214817910279,1.909345682985086,2.057937247303904,0.7268134323280773,-0.4118561144012956,0.5238054472462474,-1.3728425996321627,-1.5613852472400758,0.7074575908826224,-0.1116697431053766,0.0464706551221632,0.48582419194980936,0.24145622409115333,-0.9927354037905622,1.2271845992581405,0.5410358475015283,0.4885576853151932,0.9929678547835706,1.1225995524970334,2.0899765284448213,0.9589837964515363,0.3068063865660784,0.5777393043189754,-0.07360266852447238,-0.27392242448155196,-0.5515626966925365,0.8579224499998915,1.066803490815078,0.7546304960939374,-0.7144807314754889,-0.10576231722039107,-0.34553178959924674
SYN3_0076,1.1688793641994284,-0.5259223727887272,0.44981504979232995,0.44825523593153804,0.8556159068831357,-1.4428637180199086,-0.640062968254142,-0.7703824535014828,0.19254737697828053,0.7617121008837718,-0.33270980045233467,1.7334813876467015,1.2786429060362725,-0.4360702647683331,-0.06130434223767417,-0.26230348768569506,0.9958820547977145,0.4284483630441024,-0.48250567928961174,-1.2694677650413868,-1.634146810165327,0.43177444800382675,2.086784844265567,1.133945444813154,-0.5978801476832828,-0.4954560470533334,0.6176241692576027,1.2786883195618592,-0.28244118887589853,0.2451228789229885,-0.05820516365610615,-0.18451782724763782,-0.5459220541668021,0.021912799256851995,0.6935595626752388
SYN3_0077,-1.6802627176851892,-1.2682678439425363,-1.8716537614034043,-0.2927077151234117,1.7502585126174017,-1.2221100090561479,1.774338125977615,0.2708277401758641,-0.5915605596440223,-0.33141176452211624,-0.29874099360459494,-0.45293812896743857,0.25982079411017495,0.11691211201954581,0.18742351672421517,1.0995768087565447,-1.3043872777701573,-0.820336852292189,-0.5759693649646821,-0.6138342118011031,0.445453133831632,0.9218377520068196,-0.5195584336386773,-1.4356309889409031,-0.24427651153347232,-1.156128030884044,-0.4557654678584871,-0.13331238540368168,0.6540144708675639,1.3663403891228862,-0.020014342165232644,1.0816539648210288,0.5485801049139314,-0.49121175946191536,-0.05655300350155396
SYN3_0078,-0.5942750595749072,0.27079421666209424,-1.5258402888697582,-0.7742032474411009,-0.08516099244906684,1.6596133261653732,0.8939598463724628,1.0798385842351808,1.3213547310808311,-1.1229464800228424,-0.251923343643437,-1.5161997694773695,-0.5442854847436444,-0.6711788476185075,1.5970321053058318,-0.30228067663420105,0.06636362075503044,1.5854573793803792,-0.10181437023653381,-1.1702725795131708,0.2018957754244297,-0.7029666873557295,-0.303907760452407,2.006106413884004,-1.6473925298795509,-1.0652710555510312,-1.3647188562748227,-0.340853617715109,0.1361380594545121,-0.30926948471009363,0.340451511957914,2.581828977157887,1.2405810997207016,0.5681446731246357,0.2748341656798903
SYN3_0079,-0.8463149236355373,1.3639856310808016,0.5751978777008052,0.8688569770649404,1.5840124142558105,2.048224108074027,0.8117648796813428,0.6321761493452785,1.8017362581819294,-0.2771770784311137,-1.318992012190063,-1.9519345098549448,1.507484765696574,1.8500927622014405,-0.9482833346472946,-0.28556487717823464,1.1260740050319564,0.4678975926544038,-0.08486717912153158,0.8676051723115696,1.6340518052190873,2.42346266866582,-1.296482774120998,-1.2685722371823447,-0.22100267051864464,-0.8328058876942409,0.06769360019065147,-0.6380711601030371,-0.0383698830134,-0.19104085944293822,-1.7958199236314887,-1.2956989352860877,-0.4735617882440429,1.1687877840243583,1.2798301917242518
SYN3_0080,-0.31064451666019477,0.1617900258556581,0.4546251689168415,1.0275252101169077,1.442537480141081,0.8524056462538423,-0.7282168769517698,-1.3244114589759775,-1.0313895615922577,-1.2124444200819873,-0.887301208504947,-0.42393502965359364,-0.18169645326010414,-0.4194821567627788,1.2055515308722273,1.5675956485027183,-0.04746093928715613,0.1825366931977223,0.8665193631022278,0.5654162169159862,1.366539925699963,1.0059870337577288,1.101341292672681,0.8435364336586114,0.817119953451096,0.29915447703095355,0.009166376096945305,-1.2895256784515836,0.6530282978596395,0.10281188395580243,-0.3803725527200121,-0.012090545967809205,-0.7072844739734303,0.551646909441688,-1.0967383017366095
SYN3_0081,-1.3228378900753626,-2.870620222458647,-1.2178617572088193,-0.9549810731656475,0.34251261024638924,-1.1682979589945486,-0.12427016572307212,-1.5488356170079265,-0.741580088981351,1.8661952135559678,0.5984567569613892,-0.09759008586919346,-1.2233092013038156,-2.1407318472686527,-0.1380292574327747,0.5030100750763734,-0.6565731256261338,-2.157060021970525,-1.3602519040079841,-0.4902048579620998,-1.9766943757446545,-0.47157272882836837,-0.7620834178133715,0.6452268023943959,0.25708548841554807,0.7259531422202133,-0.029074206264803688,-0.7508017350431819,-0.6329166511402404,0.12031209137524478,-0.557867537690936,0.8182147089338754,-0.12728591092226232,-0.30436220313025786,-1.7950311701199984
SYN3_0082,-0.6188132674427134,-0.2944436460797077,0.12493773709497692,-0.1507781651607034,-0.04165908945385527,1.2656372621047824,-0.009478962310001601,0.33387282444429567,-0.6467028008232868,-0.5638361346650574,-1.3124371155642154,0.9211069604279225,1.0863896977664933,0.7025014572612466,0.48646889164132495,-0.5999162075266047,-1.5900371553680368,1.1118073240093282,0.39158099262534424,0.2385962893618305,-1.3208279062126629,-0.041326658890279436,1.707894052804552,0.36339179417350465,-0.15401106291170966,-0.8270668691492741,-0.29943615005065605,-1.0014025669790743,-1.5371408679257774,0.8889922665241209,0.7681380917242742,-0.24514509678141833,-0.9552633458467824,0.17797319542054074,1.073561365784308
SYN3_0083,1.0428017099827662,1.065190762205037,0.5116308166615722,0.6596949875369293,1.2663233573570791,-0.7017915387384435,1.0616812430417428,0.0750784097077979,1.0409284975575097,1.3450236955584551,2.076642717386042,1.3271344453810556,-0.16728193544244546,-1.0810274549947245,1.3360054135888184,1.6942008179548969,-0.005064847598769331,-1.3122226859064896,0.45393793550255174,0.6775917016303635,1.8513409207600806,-0.027258078399819023,0.14690182709703023,1.2784428088430184,-0.7638928956896318,-1.8598878061046982,0.1335581573725049,-1.0194910631468492,1.056009195046336,-1.5412314974428936,-1.6043658439766986,0.8306374519099248,-0.7331010288112327,0.19483120004339158,0.5243189599172724
SYN3_0084,0.31630463646267853,0.776140163868897,-0.35052101872904984,-0.2193665615052514,-0.6235534683395,0.5044510844341593,0.3409359991461981,0.560880700737644,1.7909980887134167,1.64701660492877,0.5931226328296745,1.2511183940253245,0.851982014735921,-0.09090865582352398,1.6818944630517407,0.28225394445780577,1.364914277279552,1.326256935014899,0.005443870448796893,0.41892718575889093,-0.48637437943235134,1.8281963012789468,1.3520778428861278,0.635006856798238,0.8213551571872312,0.4915590853564171,1.5563582586936915,-0.06280500002635737,-0.36062510356828825,0.5932469745522845,-0.25475115451410013,-0.5703053605874485,-0.010435100424476063,-1.9403787897980669,-1.0783465732391426
SYN3_0085,-0.265299281874291,-1.1115576307754558,-0.3675956443119482,-1.3385978360054338,-1.5883680616430933,-0.17992163312308485,0.6233039909382553,0.3816165122070093,0.11374032958663555,-0.06952772056251208,-1.372463395808328,-0.9111950173619097,-1.3649798645720823,0.43712211171402626,-0.6619750912717114,0.8401751173765533,-0.34486399499813214,-0.3515488291807823,-0.20928299262301894,0.40065509121646453,-1.6203920596430486,0.6192171203563971,1.026048786364287,-1.7739647486036731,0.7023417035899987,-1.1369745098375235,-0.1620676199172382,0.9049916380389061,0.18309855264730115,0.08992934994794617,1.7976688312538993,0.6015432498357309,-0.4817800421171219,-1.2467237767113715,-0.39190033749958125
SYN3_0086,0.9968642791178451,-0.4117892935503107,-1.0135178319332745,-1.9985758966370057,-0.4288997459554953,1.0921516856786277,0.39379139687084186,1.3804544983699025,-0.4241838364678551,-0.06845010649305526,-0.043253744085312344,0.40213184936099794,0.5298685913356171,0.7742005515201493,-0.6920448500327723,-0.6918008248916252,-0.7577596992161714,0.31441955671083543,0.4626147044816821,1.4423606991491067,0.4668157350146146,1.0143912716689656,1.9146810639834588,1.0119440663521744,1.0715656455958174,-0.10160112554319044,-1.512269037880587,-0.09807656331645166,0.458620801192604,-0.22181284112175984,-0.1547947641880355,0.3869355120082771,-0.028466051540368666,-0.09430681839573016,0.06227531546518216
SYN3_0087,-0.34164893790042444,-0.9055002259033039,-1.2677075753204143,-1.0718266573932933,-1.812693145561001,-0.7295375000225552,0.27794232617788184,1.1078608902334168,-0.9132399046986497,0.32836589149354023,-0.5019698110353583,0.8270130646531123,-0.15682823757546097,0.5884379915145166,-0.19664222700600845,0.6634191102316763,0.6945725963448299,-1.805161126920107,0.685430467864221,0.7151767534606692,-0.2937466669248234,0.8602249048518843,-1.4879281962572921,-0.5070031951693451,0.25832343437920613,0.07084785619654903,-0.6431989553722771,0.5724766085518243,0.3644401729135102,-0.6321215492425989,0.04069095413119728,-0.32195957579598794,0.31507095172953825,1.438431680032217,-0.114610736020284
SYN3_0088,-1.0596805724416398,-0.3961785830401055,-0.6058745817477145,-0.7816068188077337,0.7625501829215549,-0.3247512305532799,-1.9781132391467569,0.4292700146432102,-0.6887842783830118,-1.3221359534681163,-0.8199505186058204,-0.018656055435014286,-1.2381496327501484,-1.735357032809168,-1.2962295788645761,-0.47248182703128067,-0.44309274596221704,-0.9724003606555485,-0.6105037315180586,-0.6392839126356125,-0.5727208175408757,-0.36513267634281127,-1.1478435030370668,-0.38443714441203275,1.739630564774898,1.9089301877196378,1.2434957303166916,-0.7310736299540644,0.2575376287329823,1.9239043705443766,0.355892512575185,-0.34805155397208093,1.2030642698831346,-0.7169391753426038,-0.535855043787798
SYN3_0089,0.10928380978858344,1.631434107701899,2.6870301132729444,0.6239171914756777,-1.8037224814484747,0.5594089486298743,0.01964827492724671,-0.6083354267969686,-0.4424854969751133,-0.9747520197351187,1.6584128528193132,-0.11132317977564082,-0.3993483444432952,0.6510067318149428,0.7222315323294947,0.06393584793656192,-1.4504034468003923,0.008259013606790681,0.3546764729654205,0.7316429306283866,0.936867785419538,0.7567932338333677,2.552002266556389,0.14816600867438934,0.05949444887544241,-1.0417569913424514,-0.46724769852064424,0.866985514627952,-0.5396032035264782,0.05792966814138016,-0.9959009379413636,0.35451680925258006,-0.1972687460487789,-0.6039610448680207,-1.0589851835841952
SYN3_0090,0.3310397392256943,-0.6741935377525388,0.24214666249383085,0.06607662640602854,0.158314824062944,0.5341705501332884,0.6012951275389266,1.5601925737621933,0.5358016506795061,1.5784170534525679,1.0710001477486597,0.3788559796450396,1.2318234694776495,1.0772932865372598,-0.43546344919920144,-1.3993273486410454,-1.2241482102099583,-1.8446268411701352,0.05047763754177052,0.2807563466279266,-1.2553824818095398,-0.23976857497736637,-1.1634182008279836,-0.899931109363036,-0.34227829248305336,-0.7225307230873319,0.5156120919434919,1.5346974807646183,0.46651117664824276,1.4429983534920512,0.0680150234798713,-1.2167687477962246,0.1691079780504229,-0.47614275048071697,1.0082811386285304
SYN3_0091,1.1870223056100766,2.3458131267055236,-0.756434586912651,0.20924064767788433,0.23334251015726595,0.6543676658018122,0.4313908883271896,1.035499882691083,0.13356736643642234,-0.7717120078506811,-0.8664833695193825,-0.7262577804722802,0.6502016974159923,1.755296232884326,-1.1472584498719702,-2.327909571304808,-0.95508248683976,-0.8823213660363393,0.12012825783503533,-1.7382909834733107,-0.5510500179488933,-0.20718766252301726,-0.7413929380472762,-0.3592988877564606,0.20874364428703054,2.13314493819815,2.3644910047430323,0.5398835491029675,2.874321245260071,2.4557615741455696,-1.3422524486353176,-1.2388399062698918,-0.01852449904514835,0.14429097501142663,0.24274320660734344
SYN3_0092,-0.14517587808018803,-1.0534233339755457,-0.12465024406172133,1.9348465406084359,2.0480025499502394,-0.13459101543425317,0.06637090171676721,0.9492462685586406,0.6700148876637584,0.7005319677076247,0.0976961746718063,0.8607275971145695,0.673041737899513,0.2456442950520989,-0.13307043348566142,0.07539056939476682,0.8710242523778408,-0.9382241188605668,-1.4297852533617723,-1.5800783698930216,0.28787859636448804,1.0128802349131862,-0.2948679898281101,0.22903547724070653,-0.25760652844652604,1.5547972886836852,0.9368709097710732,-0.3815780333525021,-0.15201832455526454,-1.8860178858659413,-1.94933204965041,-1.1397652448337334,-0.1840333082752036,0.4928352220037694,0.1329922689398935
SYN3_0093,-0.5460440337118186,-0.22109167168154095,1.2517510719340237,1.6012350893646896,1.3193564510818212,0.6355617942859847,-1.4408358527196328,-2.255581254914309,-0.6366448519720237,0.25965747663343397,-0.7041843767004864,0.09472174824403318,-0.022042318368295025,0.3133386312657546,-0.7942566831836015,-0.6973124306356603,-0.5451385410366141,-1.0815825944877815,-0.07712880170532012,0.34738784539915285,0.47339291490724433,0.10917388031030709,0.3208376712379037,-0.14777234590769128,-1.1660692352120992,-1.6046366728051245,-0.24440410105709354,1.6108030254893477,1.0444964231369258,-1.4652796096019398,-1.8539208922961286,-1.180704976590753,0.4677552759288021,1.9428321902351502,-0.3007853788359869
SYN3_0094,2.620964155894582,-0.6774664662517127,-0.5914267617369284,0.004321167726951462,0.23686884308064057,-0.2336688892221005,0.06774980610521135,-0.34197442156288665,-0.14943196280159127,-0.1342014833762685,-0.4025739327189612,-0.2682856813227933,-0.3795896043866116,-0.13570113702064826,-0.5607308001358229,0.8626363280875009,1.2958985788136406,1.5733960981888289,1.0727792997599346,-0.5238675108849875,2.1962337984794216,-0.5544681000288739,-0.8911071066128344,-0.3871534407490575,-0.010822234384068917,-0.2854957682539508,-0.5534631225550183,-0.7747160438338216,-0.5656656567485813,0.7547087889744125,-0.1608116271403348,-1.5191882544233097,1.4379431267287912,1.2754941549359602,-0.15769733989164125
SYN3_0095,-1.3218083357445167,1.0413218340537254,-1.4100179826194257,-0.5317708605247327,0.5574050419977093,1.3053402521115307,-0.4941392788542957,0.24026011935429586,-1.0037467534806397,-2.263595240424608,-2.4712160724014596,0.2789690355978807,0.09665811251730035,-0.17879959315679253,0.6752891059026442,0.9153845758472603,1.0251172391104015,0.044754294620383855,0.5402344193196268,-0.515837956711684,0.5491422080270215,0.9391810309436421,1.0588927150212726,0.862000247755957,0.280829473658273,1.511252667032529,0.9152762904058569,-0.6068980904385167,-1.1348668163712452,1.088767707596386,0.3855248198206916,0.5376204937623525,1.1407567365032993,0.011410457190948853,0.9842786913160443
SYN3_0096,-0.2771069048049556,-2.1382770862463087,-0.18710375705571855,0.2704015884722009,-0.9098324158401729,-0.6824218514408813,-0.18031112240383584,-0.4980900475943938,0.3030967691822236,1.2237908226519874,0.41476209427677957,-0.363683959079664,1.2383510801684154,1.0386985522553505,0.10313116394758791,-0.3218616921453665,-0.6060145683816069,-1.8099406556067188,-0.5297146006175577,-1.4268952516856117,0.783481027540517,1.4098815292825564,1.9003294504797341,1.469266022996133,0.6011742628058185,1.6380852121184977,1.2772064119392337,1.6703346483972845,0.6392472806577478,0.4099229118932838,-1.2102712097468014,0.35664335496305,-0.23528669475634884,0.07857154309672552,-0.9281461348991548
SYN3_0097,0.7174235725746538,-0.5405624700583826,-0.4343327775944379,0.4804310138237621,1.6813623486234952,0.038724385240084994,-0.733580157506488,1.85936961096385,1.3892724432569554,1.4356701209085432,0.7457269362251877,0.5594222777738336,0.30168053685114893,0.781065824487989,1.738686909077818,0.20342850461287013,-0.17026294420578228,-0.5315890223118142,-0.7649634261493798,-0.13458039926951204,-0.28379658488181236,0.9538066720932036,1.5107156691362413,1.6995198926130528,0.17839031731273156,1.7129597547311421,1.8522397263187058,-0.8317758460309143,-0.8925345302168461,-0.19193429491395272,-1.1095760092697333,1.1291834659035265,-1.0390729228965676,0.5143906240166942,1.9632475389944024
SYN3_0098,-0.13867065685387422,-1.709371381304953,-1.3626232905282043,-1.826087002773925,-0.9348651411932214,-0.3856282861111032,1.1967027943324955,0.04884595561167297,-0.5292215109931521,0.44336395060444905,-0.5428244495761007,-0.798187885457981,-0.32141015019495545,-0.909231360632472,1.0339733706152905,1.8324806474248883,1.9164703124522837,1.7800256593126786,-0.48334329555613625,0.017940631633573057,-0.6141985109729857,-0.7394239034595678,0.5097059781793172,-0.5657677642944122,1.1180487267342971,-0.8994302369966708,-1.3395762619687765,-1.3583668654285384,-0.7915406755795107,-1.2436922544992297,-0.08426495499972039,0.21053926740031922,0.05757655656017182,-0.0384096526129689,-0.1630905860326854
SYN3_0099,-0.8971797706565044,-0.5887248777090875,-0.6949918148166733,-1.1157644955385402,-1.3217153885731605,-1.0883310826603487,0.5356364986712162,2.4157908291591053,-0.2663432172938475,0.5614381854505494,-0.1994016653424389,1.0201279108701415,1.6942603233296825,0.5334966621363803,0.8455529504291899,0.504572110956323,0.2677809889164403,-0.8007067197191324,1.551733815417449,-0.7363766951074887,0.1975381723260599,-0.6087141261706998,-0.05570424974785062,0.6004086845832511,0.6531034217139516,0.19848461816291318,1.5703043950090032,0.7324667894098831,-0.19994426003173285,0.031654775477111256,-0.014922363255488385,0.2979467511028565,0.6509936111549621,0.11121289859511668,0.8385845460335584
SYN3_0100,0.16567380943434493,-0.8052947630027236,0.7943611186750282,1.4424976822537467,-1.162445784790055,0.14048510590120905,1.2502800772952032,-0.4829601056650454,0.2119273337484051,-1.059864490794335,-0.6149600699584657,-0.8489906354602391,-0.8466874547831902,0.7423860183606372,-0.7952563037714147,-1.3720316940688473,-1.0326985300032847,-0.7100954361614322,-0.8567782141653123,2.8653466876929605,1.2629433226624895,1.035873644698988,0.24390738824335553,0.16681974380055747,-0.38997709026183397,0.7425978939535912,1.6597286864281242,-0.012615743120415584,1.004256317870611,0.4397177762902299,0.14438962802474245,1.4360304429156185,-1.2939966335419455,-0.07018701435431211,0.8036368570781768
SYN3_0101,-1.1143829043884523,0.7165718139053276,0.6723559507245304,-0.23686715879850492,-1.3732047066898012,-0.35407681052453144,-1.6762005999355287,-1.8580586705480668,0.9623868301294968,0.3126627826539952,-0.28895224335006053,0.07026144508678996,-0.573125331237784,-0.2804144266246879,0.17058521280199576,-2.787187357049219,-1.9964069569416498,0.05308291082192682,-0.020031825326762998,-0.9100041556594429,-1.337973252563334,-1.7330661833434118,-1.4364384595239668,-1.568378506810903,0.03763236071246653,0.5532342677738346,1.3955822771627642,0.7357576802356698,-1.4392336303598774,-1.4541346454363417,-0.36090243024198254,-0.2502696864302518,0.7250843377050395,-1.513315210661191,-1.1208910606291254
SYN3_0102,-0.019295377520009604,0.8133409393890165,2.3668754907583995,1.2137210667132268,1.532047804633347,0.32418837066074435,0.1366625865149821,0.6478495805443347,-0.3711310194710109,0.37931103527014215,0.45724209623480944,1.2506025384283366,1.2201282756646112,-0.0747278561183932,-0.0015602657555152427,0.7257789128730945,1.081759463839994,0.5377874592674093,-1.4864810671702402,-0.9394553469241159,0.912863800331404,-0.4831455465914921,0.3262262319644795,1.0216913826682024,1.335644698492931,1.577661409674884,0.9369990687263392,-0.4255403751658523,0.5333472653305356,0.24793521409102556,-0.3932082222620424,0.48328302105765697,-1.3175533539708726,0.04687052947973016,1.178759525724041
SYN3_0103,-0.4192245102359381,-1.6226788556062564,-0.5512916841038401,-2.2335485464653857,-0.599570364711185,1.3797323052502508,-0.9851769531276179,-0.02968636637474128,-1.2479449396432023,-0.21326798483074091,0.985104691708308,-0.22117530307570507,-0.5968522372175743,0.3898316443305698,-0.2512927665582493,0.7037769472235658,1.1452358695043972,0.3951409770520114,0.926297511896598,0.09697434348881202,0.5031730833703192,0.713902013816627,-0.4667259848757797,1.0499073152153284,1.1145999400388176,-0.619026480537297,-0.5098069161845483,-0.20620181351190198,1.909937443723703,-0.1907681358109502,0.011771983059083321,0.02489011672165511,-2.071427290403737,-1.736209619005817,0.28658587284430664
SYN3_0104,-0.5535179939492598,-0.13652318232147978,0.2126259190758311,-1.7656196858383202,-1.5926900126331633,-1.0616789506652644,-0.48980251140719505,-0.03310520406743938,1.293139186840946,0.3057446988869917,-0.5645768323013877,-0.4074687147949204,0.5944166473380936,-0.5920388875275414,-0.3432338976405754,0.35559681101114116,0.0037118931648834667,0.12121750896891685,1.4910602536853528,0.6706474302007536,0.6560345145153577,0.17800110094434998,0.10630316985770127,-1.1471678039835762,0.6828375576522534,0.6569379421757161,-0.08609983527757178,0.362561169697362,0.40424695281522177,0.14486486085927291,-2.109360588321254,-0.9977668498200385,-0.12495913962376523,0.34645460363463054,0.858146837621427
SYN3_0105,0.1905763459488233,0.9599447886655859,0.2597394781595257,-0.754798165500477,0.37163724686053773,0.17743039551625905,0.831361204366214,-0.1654882528689749,-0.4860147542616497,-1.4211883176117093,1.1659981243889144,2.206575367166862,1.7097107128760365,1.4619200939511507,-0.5291870380022421,1.6194946934340437,0.29192245809961526,-0.2664540573969306,0.23584404110953885,-0.12378245318240375,1.0924762241721193,1.9443430697004442,-0.17611332911545555,-1.3912840832141449,0.5405156016088908,-0.42270281884809335,1.2171456771598668,0.9622944426229293,0.29385185496341737,0.5851900159966238,-0.8201868681481441,-0.4027192264608956,-0.5905498886184013,-1.497519316973767,0.14760692334670708
SYN3_0106,1.5944775788661967,-0.03974209292448905,-1.5773904382965367,-0.9698355182342943,-0.16260684780666787,2.3164028156234773,0.8015135983270212,0.6497001181320444,2.3820714301461385,1.2306609844751661,0.9771739225548844,0.062186770579318186,0.571155947532067,0.6334164140538406,0.8979256724017394,1.2899375920656455,-0.9006411755141317,0.7682143643584265,1.1457955239116075,2.741730314250372,1.4091459981174819,0.7376367808619717,1.2623638874799068,-0.5049326679065261,-0.7390755957883418,-0.05982114001372276,0.23010975340867654,0.9415902419295997,0.23675009011256795,-1.784983476371722,-2.0723537788951885,-1.5881086978418415,-1.3152120347375644,-2.2189792601019485,-2.211880629219194
SYN3_0107,0.8886658003561122,1.5205131786504735,1.1125365675843588,1.7470660038034567,-1.1260065297656179,0.3217321030581374,-0.20276334304387367,-0.5695297560569835,-0.14692265664532417,0.7546306787349488,1.601312801651128,0.98908183703572,0.2489185774671219,0.540365352423269,0.48152522915505697,-0.49351986350984395,-0.3104329800951404,-0.7315251264166425,-0.14889511617759627,-1.1337362764081291,-0.993328287839144,-1.2635955196890651,-1.3927031334626945,-1.3493975775346556,-0.4182620380536936,-1.0725552159029028,0.20823028922255626,-0.23679001227925162,-0.5826244196397772,0.8537612444937172,0.7482090960984185,1.889403163392583,0.7630010700981094,1.2189855272724934,0.7090154978983534
SYN3_0108,-0.4497579985072169,-0.9831778385402812,1.7227686749311533,0.26493368303970927,1.0456200952125103,1.0910720714511553,1.9425801749885891,1.1821640149863872,0.07232549671092403,1.3456106236396315,0.9193465629346357,1.0353167196328978,-1.3094775351152281,-1.2782340042900997,0.19596324188142444,-0.7743285873654051,-0.45331759664271853,-0.2213029874722327,-0.8090096884884139,0.04997196054831689,-0.040944984490844855,0.7518797846783535,0.8342011451781111,0.49040280949892906,-0.08518055839831644,1.4707279295559903,2.0518181127016053,0.020229289775928316,0.12250324996630801,1.7053904991232947,1.2370192831345845,0.7533769248804771,1.2016175783574978,0.23394989714890715,-1.0595680367137847
SYN3_0109,-0.3555713430812251,0.8054244583332081,-0.6952557154597739,1.4054744860333244,1.1347542204071595,1.3427619083724713,1.0730789372205425,1.6306586901960476,-1.2784423347069025,0.21154983990842685,-0.7045057037826119,0.5941892065977774,-0.3201998083147903,0.824132887689043,0.7024558190026808,0.8843324855559662,0.7717146024655372,0.7234612043527382,0.26685052051255326,-1.9515477120466815,-0.08656403625293589,0.04540789189553808,0.2754373745721913,0.8364923822004401,-0.11922583008256449,-0.24804245483041754,0.48909958052396774,0.516207670680348,0.6085515216153928,-2.2892737907017784,-1.1130060666888257,-0.5086799529569341,0.7247800761285912,0.6697297449693455,1.6293890363623984
SYN3_0110,0.44074409864575703,0.28244353407746925,0.7881386725398527,0.3735092106519315,0.702600397203823,-0.5663277701915429,-2.048078897032844,-0.8579873153460758,1.89713101440445,1.585183771987207,-0.10819951791224743,-1.4792524558058078,-2.401350764553722,-2.2063878646201256,-0.4995325295054423,-0.7958040521785055,0.14297153424240716,-1.614668426571706,0.6100567550648032,-0.5385790152661103,0.6127852046241228,0.790862735483102,-0.14165192129704113,-2.4692430661474685,0.05493961497127504,0.3561065697030895,-1.8838267354023268,-0.015200617510458241,1.488359401907938,0.9724871443187811,-0.6418432221161382,-0.6805702704398624,-0.6821457335076124,-0.36488772015597504,-0.05175358231493618
SYN3_0111,-0.31367430752185377,-0.9422991067877988,-0.9041294838514834,0.7558615414964002,0.8889191303109493,0.5026453691224695,0.5927843048796488,0.06152495667692171,-0.7220028459814276,0.3768928592085646,-0.4981825904345058,-0.07777512117242724,1.0889166224505882,0.5828763506730178,-0.9025586342916607,2.1530277785583958,1.082226889293916,1.125236867522159,0.42455670346584234,1.3429677666142605,0.25214154779222164,-1.2336593170632142,0.5113846761936813,0.22394072156357453,0.19231680875844734,1.6905435013695231,0.7331221893008394,-0.6715239477443004,0.6809643423517474,0.7267802147998542,0.37085084663906026,-0.8552201114166426,1.8506420605194458,-0.21257599473412386,-1.1501032430736078
SYN3_0112,-0.9735599732830431,-0.5121048378417832,0.06492663484926038,-1.4067086415759735,-0.5800576041510586,0.4532766807756279,-0.29252288741436594,-1.657647046055104,-0.6962261496716298,-0.377396646867681,-2.0957585587845498,-1.5542398606541707,-1.0912084798720811,0.5239617824063358,1.1151073517069212,-0.36055122478278756,-0.3689319509891629,0.6077103406582037,-0.08154162666648397,-0.49167548088622565,1.55948045095003,0.5875733515594815,0.9990971072384699,0.8391362014618764,-0.3210754464019715,0.8815706923915829,0.2934426190416894,-1.582611805722408,-0.118904329081551,1.3492099258353867,1.257338676098611,0.4714434035118548,0.8918402328844458,0.18639186647499728,0.670435880095945
SYN3_0113,0.9291372535540435,-0.08938406635993906,0.8365502028675844,0.34126254676382733,0.19262621808621824,1.030388927178656,-0.24493387685790663,-0.3845640427436703,0.3389578615026196,0.5829815354069263,1.48337098257228,1.5492819086229517,-1.7290172237842447,0.4823932880518536,-1.1109109805546777,0.6513316580036388,-0.4896568224705114,-1.0944006806175781,-1.4259222393626183,-1.0417220188342693,-1.3167911640390229,1.0142551303805507,0.5639398599645699,1.2812391714169409,0.46640466893350907,-0.7719719759148637,-0.5060775717437748,0.5062278406187367,-0.6307422582201831,-1.9795176732258037,-0.9761723577984575,0.20219354258638855,0.9272742414035119,-0.3498152443462141,-0.2067127349523085
SYN3_0114,2.0484369604263417,0.2457062527164142,-1.2881110558868691,0.24157749102728318,0.3557363505007572,-0.45213224251775475,-0.06645734533075219,0.9639106919646027,1.735814037999959,2.086054867537643,1.8162318658347298,-0.5046826326678578,0.09670538261596984,1.4395756833089113,-1.1823599347343534,-2.0705421482774464,-2.452683515872568,-0.2919035736438212,-2.4892351410987845,-1.952307311765373,-0.6868037024491994,-0.17055962057281915,0.13294357730063894,1.5615557641341087,0.46953760680818746,2.084268766675591,0.3455334364380968,0.26186950957972466,-0.9678526093766312,-1.3965099724833414,-0.4104763328847696,0.26972264608599167,-1.2169589751056789,-0.2895607235727675,-0.27956005168531495
SYN3_0115,0.5497048001720422,0.049392290927148266,-0.43939982563140806,-2.109741925134321,-0.3353099757544824,-0.44187711952262626,-0.3178353255992195,0.20183088327423998,-0.775202250025103,-1.8417871036265703,0.1094691908258412,1.5298574519501136,2.8358104991819895,0.2892340401983528,-0.0022043891788173747,0.1447013764190792,1.0772852983142625,1.2054868297165737,2.2322310798945124,1.6604214093909822,0.7318687025932067,0.2441562867607024,-0.2313917964301056,-1.2688604028329085,-0.8593760911921068,0.5347157380461778,-0.13640412344916933,0.5717940705811001,0.47227115398547403,0.13585797704189936,0.17379200784610158,0.3321878589896693,1.4614097262817158,0.43640664380575145,2.146690454690707
SYN3_0116,-0.7853369112192562,-1.5273819028239246,-0.8121986413208665,-0.8673035513563647,0.1568038083881851,0.30188729149923005,-0.6314064353798706,-0.7206363429962748,0.009647574747634176,-1.377405511147775,0.6919602460208873,0.8706804294408859,0.8293788019147127,1.097291018378658,0.8610659147887367,0.7725635601251803,0.793803204896622,0.7204504978380994,0.40379996164444804,-0.2659333341712337,0.10417455935725785,0.1661916938751459,1.1389465103179144,0.4478847911423918,-0.3929947106890824,1.0384789952104903,-1.0109243813902813,-0.884728022033296,-0.5204316706844312,-0.7754452168589758,-0.1920620608262527,0.053450359892192906,0.36233891180205285,-0.22717196939762352,0.3120245236555297
SYN3_0117,-1.301889112215091,-1.8175458438037024,-1.9472862456052171,-2.7008224580388576,-0.2613642333640332,1.480400194644766,-0.4906552672927948,-0.4178534589831747,0.05323722585515066,-0.18288419480342752,-0.13263373211325044,-0.33516922541667304,-0.19295791509421367,-0.6207440564367644,-0.6566693002538362,0.5676714735534221,0.9764410523366739,0.43458512873231847,-0.10091883169109511,-0.3086635418378878,0.6169515529066082,0.17060159211687104,-0.9050452378213282,-1.7888543885105004,1.064796942740382,-0.6761400879305471,-1.0082950058209743,0.1682779833258526,-1.7051110783408592,1.1039314178475186,-1.083465877895526,0.9835051022261007,1.7967558837716557,-0.7343368423885769,-0.8526597424447657
SYN3_0118,-1.09513937407534,1.4168773712568583,0.26195210197636903,-0.9555289501570683,-0.648141995120303,-0.009375171106907875,0.6550718292676521,-1.3468531485853112,-0.8054593975412819,-1.0031627622760175,-1.5607583726257674,-0.5590944878848079,0.4962681482557609,1.251781017338366,-0.035785615384097684,-0.35073305008992395,-1.4954871866372526,-0.5085561307914066,-0.40317184617043406,0.09194406176504348,-0.4603210294009096,-0.1469636968118585,-0.7991764089438885,-1.3201370503101957,1.5198004068843534,-1.996431380757702,-2.075877404445054,-0.04549109240563354,-1.0983006789998857,-1.0817708365493703,-1.7721192010716877,-0.2353851273027847,1.2779351550882219,0.9594333838183133,-0.24508712702911253
SYN3_0119,0.8391277071075055,2.017547487401185,0.2400554205579261,0.4282619406861706,-0.4871530805184036,1.2076829460615068,1.1640830086001719,0.6957577090278825,-0.29958553410977495,-1.0569369241798408,0.11012269642673833,-0.23142210751437778,0.2996316185941285,0.7048635852149825,0.7685536223987622,-1.2266005519700443,-0.5570642456517452,0.3362997813610614,-0.049054900508174674,-0.0784377155432244,-0.3492779762476119,0.5673822580483904,0.18477950447657995,0.5854038227780052,-0.4504245618181643,-0.43176291172017117,-0.8204444846118174,-0.7688023610090082,-0.603777022950146,0.01965793278654633,-1.1407408126831382,-1.140558511227452,-0.7342886964449995,-1.3741643883335668,-1.6951381775181096
SYN3_0120,0.17809670768337346,-0.3047367325483781,0.5912815568289033,1.3397795511370647,0.8734715328073025,0.2746085056052304,0.9232116215845789,-0.3568161209159744,-1.6918112314983584,-0.7628036333557158,-1.0355404921644427,1.707198191232108,0.9908294156180907,-1.4633050018747862,-0.09173882935517753,0.8537226009373599,-0.5583301262682238,0.6190480379379726,0.014858943130490524,-1.4034781385061403,-1.1414914024381921,-0.8565569241380544,0.24566306988555825,0.362857789494983,0.3933099439971282,0.2918971257105395,-0.9488341822664743,0.9901253843057494,0.14716239509234685,1.127216793503306,0.5942672797361636,-0.6726797640978395,-0.3794241701432478,-0.4808437074964242,0.18027411603363994
SYN3_0121,0.5934937930002661,0.27835613540685494,-0.3124305746890353,-0.3294861726571507,-0.531104937262131,-1.1909989257178666,0.38319042976178763,0.8070841177914445,0.22897547287184858,0.6833552778055749,0.6508151884025265,-0.2581441548693948,-1.542571469683413,-0.681086814285217,1.1090852825554798,0.8770901133343337,0.5414064109815616,-1.8631459440054334,0.3255072994513168,1.1191283652310395,0.2743149326717386,0.40029405525550976,2.4638942305506983,-0.20292211878225946,0.705717280826103,-0.09586901495885915,0.5257237748499811,1.4072831140500615,1.0217802088506103,0.6950361692458278,-0.4852006817257647,1.4716856544194705,-0.1263598421475415,0.16883365522796154,-0.9351114487690932
SYN3_0122,0.9762955515500507,-0.9511895430199877,-0.2395988496668132,-0.2105177878668989,0.08010412117342826,-0.3549769200936772,0.5369941973071228,1.9619458453652665,-0.878735330556185,0.21273271891961026,1.5531383707936317,0.16001356232857952,-0.2739237888410316,-0.26258639115050003,-0.25664523899076935,-1.5064502017971653,0.5241540750168194,0.8349352465384483,0.6362791892150425,0.2713927752220052,-1.5273256927654855,-0.8379549935623265,1.3260881524771055,1.9747220919000625,0.6047516928148536,0.8822418785518394,-0.15779970219197886,-1.4017488424987266,-1.0603212006569431,0.5699204414411526,-0.051915486552380034,-0.3258263151021045,-0.428219875295687,-0.24470712973600078,0.31693466631634226
SYN3_0123,1.7995569735894985,0.9014325586314774,-0.2107671401843436,0.30509102747907185,0.4605704328053791,1.4520157454092844,-0.46480142208948216,-0.977116837235843,-0.046725217031114874,-0.6609495750088916,1.10370465425349,1.4422292662220497,3.2267359409502214,1.462054736702616,1.368527388850292,0.44706063927475903,0.5175338703798796,-1.1069214684829092,-0.1284560108616641,0.8116817176957765,-0.25494544839614114,1.14089467828301,-0.18738106231323629,-0.04383289616137961,-0.9828478869303366,-0.6260448529481885,-0.9930198932655575,0.080403066547647,1.025204380274361,1.7286860620044764,2.228477879512476,0.3882309074041581,-0.26736279308435923,-1.3108596549736171,0.01631309505923154
SYN3_0124,0.3951303733077992,0.43635544761009926,0.8139680885523894,1.5612985439902176,0.7984081052331354,0.4724815104945374,-0.6563081198022862,-1.0971919108139103,-1.6722391559253114,1.6740513146642677,1.2788206491145404,0.9571013145302654,0.16899273658427674,-0.44498853749057216,0.7096154022506286,-1.1545558610168627,0.13362977344890867,-1.4532812442928476,0.9960141780183662,-0.9515602291036968,0.13837224687771757,-1.1550723242596204,-0.012879674781666267,0.5155384735075804,0.9752866588606358,0.538721070074726,-1.1636344495433986,0.15697758057513042,0.31779133245483293,-1.0500630240562743,1.8211863031091071,2.1214714816399822,1.0400646485139518,0.9945983518088634,2.1271933182638416
SYN3_0125,0.15859895577318886,-2.7058107219839505,0.20789023937840936,0.1278754804007832,1.5078614509473895,0.0968723878351877,0.8658989721327639,-0.014217860705577687,0.14438158188444047,-1.278593894692607,2.8336702872171697,1.2170912823392586,-0.5462797365874934,1.201740595912934,1.6004300984689008,-0.8973350392184317,0.07292389858360018,0.5614768808048956,0.9698061123707157,1.2097990416003859,0.6848256586916037,-0.8875336009364665,0.13865333447999809,-0.10780070157037773,0.7849470886132816,-0.11646192337764129,-0.2954076784609522,-1.2097496749950636,-0.08699944471594043,0.6220919457561038,0.6547733476830895,1.5258782235231485,-0.4842961137266465,0.0017873322497777527,-0.7250773095293978
SYN3_0126,-0.43534621286360464,0.35801804744650534,-1.6423339084785162,-1.3895550611204008,0.3824425420851116,1.2971487890417832,-1.1288739445311202,1.4867637517905898,0.12670814134574498,0.2811980264174466,0.9436207082666422,-0.21249151067027297,-0.17834250770733814,-1.4937383031213172,-0.7669951273345484,-1.9626333416121875,-0.12615579845291575,0.3563654041939801,0.42849158460703646,-0.6034658448350179,0.6133789778689424,-0.7810317545310165,0.8654714443591948,0.6521974278457994,0.6414357752113479,-0.8364070392012298,-0.5438811546119375,-1.1024900945966443,0.990442352361076,-1.3021299112614482,0.13207014317210206,0.599339058833197,-0.16839603542654424,-0.08550656906946145,0.31108529685252334
SYN3_0127,-0.10751198549600126,0.007449013383990686,0.08839796814343755,0.9150431212963726,-0.7947970728549266,1.5354873259709245,-0.33561814464260314,-0.4810763735751134,1.6997411623648044,1.2513102315721016,0.9015092900281368,0.813850335859932,-1.3352313556378586,1.2277658583637017,1.6718652707485882,0.2926645262708824,0.28765715791999047,1.0618239004968966,1.7302884570494443,0.20560487300531102,0.016071412545725167,-1.369672828627367,0.5750142642831517,1.0486725123834502,-1.9633115599299327,-3.254261775666171,-3.029141872510908,-0.587674881796448,1.5850383794964211,-0.2680960450580695,-0.8857501230495691,-1.079793658963114,-0.32159549393552805,-1.8639011471050961,0.48408006771842677
SYN3_0128,0.4014985170705736,-0.43732686398703213,0.8453464739755028,1.0411031293552617,1.0417182005250931,1.7493993523703968,0.3830367030336278,1.6734521319463938,1.4429578008010413,1.1553845427820273,0.41831150586140003,-0.10494994516739223,1.0198782236518913,-0.3299592648994878,-0.9067398192877786,-0.04100476140932623,0.5222524213739411,-1.2442218732196972,-1.383807464969657,0.1598336183685419,0.866400513613481,-0.7475890383945941,-0.19106644549797,-0.7893315841635515,-0.5258518440777481,1.1978200890134463,-1.542056342322307,0.6564500817503952,-1.6294566186166684,-0.17114046139159875,0.184086235749903,-0.2569036668397301,-1.402959309466332,-0.3798637004629535,0.49648752647886724
SYN3_0129,1.4910194122745664,0.7106603339978708,0.4360311453981589,-0.23733507132798273,0.6000210716156894,-0.11934666629828257,-0.06594468462262937,0.030300122844298723,1.7777363369002221,1.7115854707359615,2.0364990947947024,0.6658494661264873,0.7656268587216201,2.153645699917339,2.04338469863704,-0.7313455967483042,0.6517933084268094,0.6283819861024142,-0.19841793217748646,-0.9266395564643622,-0.2874912867163133,0.6341779708264814,0.21061221871940008,-1.6648189872244645,-0.6145239511284513,-1.437253423396204,-1.7839270928823485,-1.0398403669094152,0.6704504751163154,1.2017847958312404,0.9683240737569668,-0.2699208608291242,-0.05715595234302912,0.41810717386928303,0.44549091909781946
SYN3_0130,0.8592732898058668,-0.3412292449998594,-1.0154151727166003,-1.1773823730348936,-0.5264133490478543,-0.24319075429893244,1.1248090110778481,0.7073320839471773,0.13111360907645112,-1.045341187130798,-0.40545524018166973,1.5124368577716985,0.5320871446868175,0.24071108993301923,1.1516340213693481,0.9267432084826113,-0.44016925327079204,0.008255979789152507,1.217634405187681,0.598532575669964,-0.029970156974126732,0.4119593156990907,0.7960056668654082,1.294627790679902,-0.6348335754000624,-0.17971295385170352,-0.9334996047007774,-0.10530148493876863,0.07784834441033353,0.3582887358033416,-0.1788847265037001,-0.42637005593989236,1.052725819839924,0.10168219410185436,0.8034365402324536
SYN3_0131,-0.9172461205526914,-1.02267054864159,-1.085487259580374,-0.695900456819921,0.6289607534374918,-0.2662663850017914,1.0112118660136207,-0.29946923534318054,0.13238404858521682,-0.9860812362177052,-1.039635811540874,0.36275040867738867,-1.3668659597462407,-1.3125089027061019,-0.24779461181836251,-0.3690641349037556,-1.5449566832740533,-0.25756686680414237,0.9477210667425745,0.7841251337780927,1.0853355296066391,0.4614661337372263,0.47321549836996324,0.674391154110175,-1.5172638274963772,0.3044760865649399,-1.1595913958730122,0.4650982415032972,1.0501385585367224,-0.4538231871793954,0.016164168652851533,0.49082276030873373,0.7113000428694679,0.23085404131135312,0.5713654597648826
SYN3_0132,-0.510742427917917,-1.1129475253861854,0.8339823453499962,0.09945641077036292,-0.8083784495364345,-0.35961583318948415,0.6245817891875095,-0.29842548488635084,1.37286960658017,0.985697869315743,-0.19402659559176638,-1.249736341779265,0.65954837869861,-0.9581925049429595,0.9300169350873687,0.10107265202866614,1.0194136497200899,0.16844952675492186,0.8898453804870828,1.2077783867581102,-0.4562601269991422,-1.2172778099990644,0.82570144838077,0.03914674808773628,-1.1867296904499944,-0.6662765137857367,-0.7297114391933816,-1.0353138589902056,-0.7832684624814524,0.13409372971543362,-0.748094843321781,0.350181271522986,-0.5852916851135908,-0.6434983181244969,-0.04717383927166983
SYN3_0133,-0.5879181211483294,-0.915936844673094,-1.871441401127154,0.246632505937607,1.0615672129015579,1.1058088100010321,1.8240260749931207,0.7318438492942048,-1.321255210846756,0.17739133015544994,1.4995373994471393,0.43152860698181755,0.9759764934703212,0.8772024311523674,-0.5656853543189329,-0.0501733124823972,0.868991823568052,1.104158420085153,1.0651950359206734,1.4688777236285993,0.9529623850381367,-0.3098936116751622,-0.8674600191458858,-0.9252365687610086,-0.07176025823298002,-0.40247313907260884,-0.6325359059307156,-1.1284405324894873,0.015929041533158765,0.14809429134534766,-0.7364528696906972,-1.4744402521506699,-1.366103451953597,-1.1667015137241274,-0.7976148971940555
SYN3_0134,-1.4477219550023661,-1.6667902092820195,-2.8476450102171715,0.09914749282503993,2.564569142450109,1.1132143638023793,0.389804534548075,0.7330933938770616,0.7351513122111082,-1.066412427907344,0.034507088049788165,2.755704138733097,2.1513002645917796,1.1570204581695671,0.08163761505069426,-1.068972582208506,-0.8191881565566855,-0.5158490807844022,-0.0334114776404454,0.3684988303920443,0.9634331951882629,-0.44857429783172464,-0.2125413848006778,1.0329814913523134,0.8560916315097875,-1.1044598317898442,-0.07569413485168161,-0.6829000720150094,0.5983126731688865,0.04182663718296951,1.0674769065932317,0.17238144668873057,0.5410668968087183,0.06639255691771306,0.47649918506060596
SYN3_0135,-1.0620662397942358,-0.7457835264007421,0.1655376711269209,-1.6138810135204367,-2.7431914348447775,0.8408395154053675,0.4614652770013449,-1.036485196077355,0.18892404572586813,0.2760395601959868,-0.5184100425348576,-0.7172565880054237,0.9700739759037735,-0.6341346239786306,-0.10328558387655845,-0.8518117121271211,-0.2668388430213418,0.1623907057015711,0.4486593169705264,-1.1968140288250932,-0.3418443610786501,2.012679652132608,0.3441181989520142,0.6441417991186935,1.2020598128717943,0.09455829763114691,0.5146729000281448,0.4648368430716202,0.47552420595895994,-1.7013890436087116,-0.43182791707718243,0.9662691001340766,-0.1313985557466437,0.8606251847251886,1.0402750214745289
SYN3_0136,-0.9403418895303706,-0.6978249820275743,-0.782662251789767,-0.20548895334721626,-0.8681936686965828,-0.7730798407032239,0.018254423032962933,-0.8989691066281088,0.4754570858032196,-0.3922600272509652,-1.1133445277513212,0.41958813781103754,1.752053906912715,-0.26961509231099345,0.023058733640146524,-0.40050709866609585,1.067436605914199,0.3168159508049827,0.37021701542060786,-1.5184970932052353,-0.780844871789165,0.7758955156497371,-0.3034872733825878,-1.4487330297847096,-0.879073782421424,-0.5408816803733248,-0.012290327747002876,-0.910308865918628,-0.03549672544199084,-0.6068812051014548,-1.2019446062427839,-0.8952121954894879,0.9487502136230836,0.12121409614575591,1.4675493903189119
SYN3_0137,-0.06051750639922443,0.7819625022316018,-0.000613455692701493,-0.9602289709179749,0.22178405825144065,0.16848010166532007,-0.2124005869746376,-0.9961960201423355,0.24019877533865222,-0.5324772610450357,-1.2738006234149797,0.4413178790948706,0.5363207658347038,0.861935389129765,1.6021673191465622,0.32168319126237144,0.4952874218541523,-0.6566209968120539,1.5852301418751333,1.8103072079088565,0.8582759736821862,-0.6312869934351111,-1.42328029496336,1.5306501054929156,0.9063907821420182,-0.7940913876332635,-1.2171349515449208,0.8683148144473387,0.6263182248138289,0.6882704014267834,-0.1909299130536315,-0.02147727972010513,0.7847454976122159,1.3565244863339097,1.0275896363105974
SYN3_0138,0.24701061647160258,-0.9111484480750452,-1.530526005775201,1.0782647251322364,0.5624561451342515,0.6174874212381274,-1.0640514458485082,0.06542711819917976,0.3635635473594078,-0.40011627717427495,-1.3057022025285887,-0.5468333384563149,-0.5837070088342518,0.240010168683288,0.6324645416383479,-0.2531894216086786,0.35207753862974983,1.1170099757268448,2.597344367852843,0.6280543703961065,-0.24171478233278715,-1.035659648402079,-0.9493312111839679,-0.4845840366741187,1.6035169048127067,-0.4978155485499098,-0.08590293573037196,-0.6621156562928193,-1.1087240833656666,0.10651447342603308,1.0945442029066577,-0.006767814195859472,0.651991599618028,1.3226261265565726,-0.2727124863498238
SYN3_0139,0.8170914869297218,1.8539480112016078,0.8096515416045491,-1.0113314420807047,-0.42454422612138054,1.4395897881669515,-0.2952435296153812,-0.2577193174325913,0.39692200390385257,1.0550473164095446,0.26131694833308833,-1.0264416635037519,0.21667016166118516,-0.22368423193334735,-0.965631234008378,-0.5931197756648655,0.8790391872010286,0.3526534324094574,-0.24463967275146956,-0.5929759169824568,-0.6868545785928034,1.4347348834016362,0.02806981040506043,-0.3060944633994295,-1.6750288878627833,0.5548415022560053,0.03940390241228894,-1.1378598594014502,-0.32899181396771504,1.3465111977066746,0.6523379787723559,1.509287534499312,0.041391931259553504,0.9529137418177179,-0.15811785147272556
SYN3_0140,0.9576328354909464,1.7588242161823495,1.5284560581801734,1.0099281121276247,-1.3520749948892854,0.17887631558713638,-0.33955741165279285,0.1902479193489698,0.600672940029656,1.0090180857211153,0.1422445765751261,0.3995482348343619,-0.5786254173449192,-0.9683819254833723,0.07818479349628478,2.093435284343907,0.025611778320451407,-0.24602550205095705,0.055325452473256376,-0.5497311341280179,0.44210392022198686,0.18581776058805416,-0.45491828784990285,0.9776078531364812,2.0760632077316705,1.9620707977218872,0.3249381942171183,-1.1184067003208455,1.0841342666250902,-0.03844569268522617,-0.14039913464345286,0.11627548627444348,0.5726053614248826,1.0575041930904454,0.19766672502564794
SYN3_0141,-0.221538728872885,-0.011773055371464126,-1.3541663834677191,-0.20922388285245283,-1.4140682473276762,-0.5415806836317875,0.9501032869928834,-0.35796623347455797,-0.5613784472107962,-1.000141083364555,-0.8040615263785478,0.16519944193317426,0.3727216164862536,1.6753962475395194,0.46184147243667373,1.9294199675274293,0.6245704213185281,0.5835819684289028,-1.284770987487506,-0.7885861399470918,-0.44810291689895176,1.5071390803964873,0.17385543117331373,0.2840023516611882,-0.4561717317463965,-0.4613724885976499,1.0331521903954208,2.227713589238428,2.061035796284489,0.4509854401132489,0.14250832902903185,-1.0397090150748833,-1.6272570705594662,-1.9763848533359596,-0.1816967434699688
SYN3_0142,-0.7677262361327111,1.149412697110395,0.15556902502218062,-0.9246516944119164,-0.15432954998542,-0.6835779847609539,-1.510086685065549,-1.0685416804142145,0.18904832283325992,0.19943032899873528,1.0193582608098652,1.2613738805100958,1.1737472705254048,0.6783167546891353,0.40145425395888884,-1.1907049961813945,1.5615688960516778,-0.05219899007424643,-1.118744014781207,-0.6683927834754511,-0.22433362273391186,0.8759805956202525,0.7787503508174846,0.7538148545401389,0.8390415212260139,-0.9971637721771112,0.1328024888155158,0.03148311477055078,-0.13223185916833632,0.6578229499827298,0.8637878015336475,-0.4566958498079051,-0.0710897180340764,0.9799846966155346,-0.6959199159277182
SYN3_0143,0.3889058037191409,0.6889640543127423,-1.5592795074814296,-0.7233913935832754,-0.10258282753911167,1.1106554712483954,1.782771466946666,0.931495110763858,0.3504170896153977,-0.42407786852497326,0.18605156329341527,0.37449449270345964,-0.1631173931379685,-0.32749806403256404,-0.08334660060188034,-0.6318748151939436,0.4026099400628571,-1.6346173630887662,-0.16527954464836495,-0.20067120838972263,0.25027377166217246,0.2030985912122479,0.054347838418592934,2.4796044212710213,1.6138780116845726,-0.33436874885209944,-0.5915999056588342,-0.3333229135481444,0.7078159990634862,0.16684939638026944,0.4080404915579939,0.9623910196260842,0.328708716209631,-0.132812837507711,0.04685995206906043
SYN3_0144,-0.4154525642244367,2.1195653363503495,-0.2782825889584043,0.8788405269983293,-0.8261723765102844,0.2579136417293637,-0.2699568762688629,-0.7116073229518154,1.2319003955779535,0.6865997531449602,-0.4511997976400033,0.11420410758563176,-2.734735791298403,-0.4452110461083693,0.12712869216021191,-1.0522209496512274,0.24964464914551635,-0.33531647309737417,-1.1409649865736777,0.1696485205849544,-1.4208131571297569,-0.6979373550756232,1.078796811475816,-0.5012526264420026,0.2738989762916353,0.8310128397178357,3.455610946800545,2.2186955374146753,0.7505173779618575,-0.38834976813487004,-0.2433352197106989,0.13436763489658782,0.7508635852551181,0.30053315764840577,-0.00590231412870009
SYN3_0145,1.5917402239493457,1.5592843476572293,0.6940429343448391,0.9188760572637984,0.709061370858837,0.2485817950759935,1.0645353580025212,1.3390789797658555,1.2987403378846332,0.9027444971419338,-0.7082919778929202,-1.3516355477332154,0.07010415532134359,1.1211336838615926,-1.761461148025004,-0.1369176031390846,0.6536703446169588,0.29932388133017646,0.9246156182446688,0.058107606882810955,1.4218876662457267,-0.1052501634687852,-0.7781014114603346,-0.2959112948594872,-0.21255726302374284,1.1554498043810064,-0.012535243809363618,-0.4024175721042852,-1.1967846068798405,0.07392994141136863,1.4446188025515407,0.24932382866981906,-0.38799699901917806,1.1072705686223363,1.121118522176354
SYN3_0146,1.0810395598107547,-0.5522068641389072,-0.10361293066225145,-0.11827070131698847,-0.4420651721759005,-0.8466378425360532,-0.7926727520382786,0.1807618297664572,-0.38992932573151345,-0.2371960534259215,-0.0786798623925358,-0.0815464949673473,0.093014650402365,-1.6101201017985913,-0.5485790290770187,-0.34624238721205003,-0.6194145892590979,0.18137699701701937,2.2240236845611436,0.32233646471207533,0.474990264845159,-0.8884162514883008,0.5400463190109699,0.4339210576391649,0.8520383340829798,-1.5053717813374723,-1.1605430109393047,-0.9681774932550355,-1.2989562374478425,-0.6551184374000727,0.8563373846850992,-0.253954146473683,-1.0706113896447624,-1.2350989540436554,-0.27183486190548567
SYN3_0147,-0.5106505428735442,0.5879492991194746,0.5432185950426001,-0.5844532145969149,1.275331995636652,-0.5710139173072637,0.03911872834432811,-0.24446673369213848,-0.9083025889683647,-1.0693894441140106,0.5564094656941856,-2.0903184665883714,-0.9498449032428338,-1.6663675799046245,-0.6885985353040546,-0.6968300614430463,1.0105960745861113,0.033155559983826154,0.0075086595160844365,-0.7020906761910987,0.27592214861975084,0.6811714169391448,-0.1757765108096527,0.7475189101995872,-0.7761406549989464,-1.3736500246307417,-0.01829236724838593,-1.3314926420660713,0.16407803515596475,0.6537444026250103,1.0779861149250423,1.0736772260359124,0.9307173971936479,1.1420662783630764,1.888413818563141
SYN3_0148,2.0425904112629527,1.4353979048019672,0.6083732638357071,0.19040168716259814,0.25505680165915756,0.2778130380315208,0.8317709221377765,2.3850580492941638,0.4439787656823109,0.45308291399665607,1.7133520072306465,2.012794610179672,0.902295213594295,0.628483885042519,-0.31227669527508356,-1.0463442306802482,0.8242465164605794,1.0251565171124681,0.7157466203609342,0.5074284754754117,-0.4486520051544125,-0.4944045683101889,-0.5315600805659039,0.8197933713181831,0.5779750578130499,-0.23195990952308573,-0.2244817602198346,0.7293893472123368,-0.23871423134358524,-1.0471558653562725,-1.0386030259247956,-0.4043417925314603,-0.49610463415534917,-0.2263292796541255,0.3195324421233507
SYN3_0149,-1.5173939742089881,-1.5758907609943056,0.06370473553591066,-0.1749598670280625,1.4290947356260586,2.6649213422857105,2.4037191373718,-0.8430473799901993,-2.231470770116223,-1.1152644253086337,-0.02007727710454564,-1.9383678126693955,0.01731686214063715,-1.2640443295885857,0.038824755722796235,-0.20180912938294107,-1.756820956233534,-1.5870343276174173,-0.5607375391535233,0.4551230701721328,0.4689032357960879,-0.4733183374411052,1.6309908846961052,1.2964214725691743,1.9258894430426527,-0.35739781815052724,-0.42983204375988476,1.675901783244662,-0.2635512467863276,0.1120675755083012,1.1219425572129362,2.390821195723276,-0.10996854320827378,-0.09601957604670507,1.2347816467128874
SYN3_0150,-0.32140412246191,-0.41353105156017717,-0.09994540973009734,-0.0020192532913553165,-0.6900255293118923,0.9686057797644577,0.5294488433097848,-0.23504087041032842,-0.2214916401596472,0.501182407737176,0.34687116228552395,-0.6030298292650244,-0.3422804277304258,-0.1434143003218755,0.4522533428338239,0.4133279208722044,-0.9904169305807571,0.9495018229391744,0.3744236013421983,-0.4180664138471684,-0.5047049000068017,-0.24550725485513708,-0.2564479652508052,-0.24678136346542448,0.719496854812627,1.3827662050739578,1.6428028536245498,-1.114467226050484,0.18068026714486607,-0.21651680052407377,0.46833341365225284,-0.6170062396681136,-1.4315339293242353,-0.40492744877803327,-0.16512159084171515
SYN3_0151,1.339274463975297,-0.28075262536782614,-0.018086155785274925,0.5770950931964801,-1.0050846525958845,-0.6985299234102783,0.14252853939462054,-0.4997149740868083,-0.4985241951366679,0.7556600871072146,-1.0824397386949312,-0.09168698433027744,1.3342329768514367,0.488821712300423,0.47382130525613536,-0.14362384840698889,0.0781729377149984,0.03551801345645675,-0.3117133870948433,-0.07347195029211354,0.44274874048815205,-0.7024416839449393,-0.3915127155435661,-0.5028343944144084,0.12998787697363787,-1.2570247280300906,0.07096226464305389,0.6711567310882651,-0.6466382532876207,0.4415048793819694,2.2580060155784003,0.17595270298803578,0.36738597003745027,0.40325245306010177,-1.3983242676328913
SYN3_0152,0.8330700566448082,-1.0152493386934496,0.10329767956920888,0.3685446485167339,-0.6308282830475878,-0.45506348684514064,0.618715492835284,-0.5619123413787102,-0.6392235604367347,0.4913394330873899,0.13296025664844086,-0.9643404527917804,0.07787679221595781,1.287578282929271,0.45449490023051475,0.8980863323092293,1.8655104370420637,-0.0854961567228317,-0.6752372863238113,-1.303109427691099,-0.6149380279106679,1.2515460964009781,1.7611513479501464,0.6203570073700916,1.9629318618483598,2.129352146932518,0.12147611828495687,0.7148309639077641,-1.2254128739885686,-2.2207899583542026,-0.8537167994235783,-0.8357141582760056,-0.30797054959152664,-1.1855027731927572,-2.5458918595261855
SYN3_0153,-1.248572255989444,-0.053257202320557806,0.482112349838194,-0.37785192400820994,-1.0257236565246572,0.19723360274972945,-1.5664675295668056,-2.1857255604807992,-1.648628651356046,-1.1229744999695572,0.3144998881836185,-1.150134821439444,-0.6477894782994037,-0.3729670523758203,1.6712026667029547,-0.21749972752003346,-0.5471140767752121,1.1830581920697059,0.33134270841668606,0.46296403387240265,1.1152674199720523,0.9514270980329854,1.421642792047271,0.24089198882142224,0.23345083887593981,1.2674014147532289,2.0381999918573444,0.8917663912045825,0.9766464921872318,2.467563146115119,0.9250646858290291,1.161288951925661,-0.1960420567555325,-0.20348342291203433,0.731091197365803
SYN3_0154,1.9520724638490032,-0.3969014234011417,0.9705323494918522,-0.0005858072901761002,0.2456965926969842,1.3577447790404513,-0.2297162764920293,-0.2705016487178553,1.1540002538261198,0.709943041968106,0.02610617409259846,-1.122288803564955,-2.3225195326975183,-0.9355073502777851,-1.7490582871993907,0.08286343868481505,0.34611484407839954,-1.8718055936014106,-0.15758765936048133,-0.5869474207696495,0.4778872175662083,0.6235954966081452,0.2695609598036887,-0.4038457054750989,-0.610172596668812,0.8154611053664884,-0.1183931688470191,-0.74687058222936,1.144888407804831,-0.1588094530252864,0.2856320959002621,-0.27348043041468567,0.33328636035770637,1.2518629331298,-0.3059870672452243
SYN3_0155,-0.3469639567204693,-0.8490413311077584,-0.932169866093603,-0.7039775492214713,-0.15985078991331947,0.5078918034238625,1.301967355624846,0.6303650925982881,1.0039970783911558,0.12577856571873802,0.6417330807858793,0.8233659715336474,-0.8185248946089227,-0.34660477640422854,0.6086830105211948,-0.8471785053906217,-0.31498198005926376,1.6720216728262347,2.3276408926307273,0.5864496493251422,-0.6849612105903462,0.9961066454693315,0.8073145506271311,-2.172317688772346,-0.9211569416656145,1.531203172080211,0.6319262557413567,0.08082007716648246,1.1787381735347635,-0.4622423631834848,0.12595935021560042,0.3308764532911207,-0.03602218667907738,-1.3517070334686203,-1.285061760459773
SYN3_0156,-0.2053168803060949,0.42516123803233424,-1.0628546431143693,0.16979385645840514,0.3891094608996227,0.42460825383033274,0.44306517320493344,1.4441588610290876,1.517392064187466,0.4976601524867628,2.424480562852543,1.299703293431832,-0.5813427845552037,-0.8031194890637969,0.6061852450326836,-0.5517558704631561,0.6902217425221148,-1.1343305561804466,0.22857667089267,0.21402309164190073,1.5434707436074577,0.09161275534429972,0.7259128749442673,1.244991027933848,0.20496436247763214,0.29161239324244137,0.7947560330199057,-0.16527427298641806,0.9355811013414214,0.1495100990010351,0.586927188277429,0.4386389174454315,0.7880882966742855,0.9105868899954257,0.37504680699380427
SYN3_0157,-0.8163196091060455,-1.6643624516203073,-0.7595008066572289,-0.9577327138039954,0.38104469171196687,0.20371526016423372,0.666778970900701,-0.7505712325731191,-0.5083536253915881,-0.1049219339166767,0.18437443591320568,-0.4582556258484596,-1.153129988350946,-0.19219995003520465,-0.011789448442579896,0.7358481392586035,0.9490338157455795,0.38653981401812293,0.7607697843007346,0.23812409207424617,-0.033731527153122054,-0.1792017170361668,1.0422401533073735,0.9276250101131583,-0.5656822760361522,-0.8457156076016074,1.1265766729847206,0.23239343328683162,-0.32724894450996606,-0.7721230862217762,-0.5499021197170385,0.058543612143073395,-0.19512071010619503,-1.2490328086313065,0.8076925645313145
SYN3_0158,0.00998815118915983,1.0589763696484396,0.8977178436869403,0.12567453122621122,-1.758546333933729,-0.6937101411357494,0.21951200230776718,-0.6337192655054309,-0.6238166438009417,0.5130035297051326,-0.3256238523762779,-0.98309308448054,0.2512207386410161,0.3357972559149974,1.788456498583025,1.439392066162916,0.11007003800880372,0.45626225649430824,0.7394032501474187,0.42263580882078067,0.9223858325947436,-1.149258756372644,-0.07660879306514555,-0.5779453617252163,-1.283617937236092,-1.5867583658050044,-0.2893224647970345,2.4492306565075257,2.949343987268863,1.6643870535028307,0.3202772988727475,0.31104043286048344,-0.8002136361072965,-0.853532638035117,1.0045521939610784
SYN3_0159,0.5569132488419364,1.0877762670831224,-0.18658959473470493,-0.0965828431268611,0.949256915460639,0.557794603025129,-0.4444342275740487,-1.2616675871272804,0.44968513089896756,-0.401877629758502,-0.7605591225848795,-0.26807994858432876,0.08445372467163426,0.4796887590225772,1.4407441120604554,0.9220668303774558,-0.3079769903718432,-0.4953572166815747,0.5221942295653204,2.162123635978203,0.4216533744125057,-0.9249267297880398,-0.12123699019877843,0.411101845699535,-0.6478612046289527,0.2632938883680133,-0.7451837071763642,-0.32227943148545585,0.5662466118841399,-0.6924964432869006,-1.4871793779409406,-1.032232446899756,0.2212035722784999,-0.18873658232641197,-0.4621671818283744
SYN3_0160,0.9223408424334198,-0.022942202999026478,-0.10235480228012156,-1.0470620065597844,-0.3342510404628155,2.0435176259457486,0.2617165539730277,0.14697194375940265,-0.3871995617600652,-0.6286030358784986,0.2495732225398033,0.07226285047603352,1.8611786826563805,0.539940902989305,-1.0825559018941195,-0.5392822704370226,0.6050535180196293,0.26466471660714525,-0.1521144447292421,-0.01747854766383061,-0.6881895242292215,-0.4563892749275837,-1.2328185186944265,-1.038489025654039,0.5860096628466397,-0.7494415095461603,-1.3620688834710253,0.050169916040384045,-0.4843925426862136,-0.957604884661174,1.0896391785141273,0.42857504986077344,-0.20168030878249182,-1.296522854176147,-1.5526778546934261
SYN3_0161,0.13754731669725642,-2.307514559162315,-1.8017718019005327,-0.5818488056221117,0.46519570502908075,-1.3146435427933385,0.6039058496026637,0.28010991843330413,0.6029538064017068,-0.6064394275145609,0.3475662942051025,0.5648032081761991,-0.3261644757036196,-1.523201679468156,-0.27072447176537096,-0.2656567686711926,0.09516751540124783,0.835029545869647,0.10785190670850883,1.0328399565929363,1.0354682463760474,-0.33294397269914805,0.6452900845269313,0.08882213099748794,0.7122805096044308,-0.3982665392114331,-1.1310539282958632,1.0576875908010872,0.9923393176265597,-0.12833065808823757,0.9144758626729415,0.7158553298749419,0.47028247379941673,1.1528626899805343,0.5894161792213568
SYN3_0162,0.5952556654815339,-0.24097606729308862,1.011986445642224,0.7200753443291599,-1.066644617671099,1.4459764099703654,2.17776692047003,-0.19785174728108082,0.2572494127902289,0.1335386634129267,0.6314951839098969,-0.1197821412219812,2.0795298022455957,1.2320780943147105,0.17267669954771225,0.29117962050854745,-1.0514483106136536,0.7625344821368363,-1.487157361158305,-0.2510538351848636,-1.090695355922551,0.28459243141984164,-1.3189623462018043,1.06576056900677,0.01907096987481466,-0.9287877139293833,-1.0493892072562963,0.8218918459600584,1.3911764342000104,0.6346781685287133,-2.1783658912341806,-1.640173327254651,-0.9227029765777532,-0.6386948169563991,0.3015571668364145
SYN3_0163,0.2228767857484334,1.230647171078334,2.0227895685546744,0.13551677386689417,1.6113331482200197,1.6099918010772565,-0.6886920013013358,1.8363720934788552,0.8835886272442373,0.5428790790017594,0.2820202342211225,-0.11438977041964017,-0.5614601919956069,0.10910321007239815,0.4770496953247801,-0.3711291823653029,-1.381167691788676,-0.21409346178828703,0.6776113080502093,0.8912419150086733,0.04766635004580208,-0.7718233757333499,-0.9216156158841301,-0.7285087719438923,-0.7588892359087926,-0.5463117319542405,1.3384398561575992,0.9331400096823868,0.9521413311733157,0.26260890781353563,0.6351357810278621,0.9720583347381391,2.512097558095481,2.1744858818773882,0.4197083009192712
SYN3_0164,0.011582548579152393,0.3153580583141352,-0.9881596345246482,-0.7453473958586304,-0.8940700427410182,-0.81512420455699,-0.1293686494843223,0.4005729930949541,1.4784388895863476,2.4853713361588348,0.7968792148622033,0.008428077987549043,-1.6369648672247121,-0.7095382491091196,-0.30166619774056946,-1.1348256969491075,-0.33607211449824265,0.9407926640359667,-0.12660308550576124,-1.4449666035719329,-0.2654065826751949,-0.6075662905475506,-0.37240320882876105,-0.06482838554544332,-1.4468167662923606,-0.4851958393046219,0.021032458196101788,-0.9165229629094765,-0.49767663250548255,-2.433796097873251,-0.900029609318794,-0.9235590080423169,0.19703286229829753,0.5413872090182633,1.9227372143085675
SYN3_0165,0.8099607708709895,-1.1589429356738838,-0.3953856700876984,0.4051099597157668,0.2901012384441327,0.039409608177651906,1.7859156423156646,1.061741824099888,2.211285924431056,1.8841166473776518,0.13063109500040299,-1.4067809016092299,0.3348799153918923,1.800871149154937,1.620815933954008,0.8061625258038327,1.7174625352646407,2.1292604195978564,0.0333237699366887,-0.1784553699583732,-0.5436452710013401,0.47393679169960634,-1.1761813447292118,0.792678989971979,-0.24793739415779992,0.836464618101145,-0.2532548319065492,-0.9665878492257557,0.4733395668709449,-1.8692182469073544,0.08256488147922253,0.34602952096028844,1.338415509984258,1.0727153307484065,2.228758252950565
SYN3_0166,-1.1494198756891485,-0.6779947833338305,-0.5012142317218895,-0.6773540113596139,-1.569585994096037,-0.18323375770618497,-1.2189345436137164,-1.2734906419573746,0.8587831004653849,1.5339196997488873,-0.5735130241851156,-0.9268433885081852,-0.555111642322902,-1.2856623244517975,0.08267815376511865,0.149463916949019,-0.5087061765033991,-0.5817198015206895,1.0283197014601102,-0.13285558195039787,0.6096896197423026,-1.4943680424039847,1.4496641022955177,2.59821910855095,2.588989117963964,1.121038420541331,1.197734670060808,-0.823801547833237,-0.8041888974874128,-0.7947708919514843,1.818844073344361,0.07982362106993397,-0.41476611613741554,-0.03839150672108285,0.1101834105360213
SYN3_0167,-1.125280065060311,-1.520798680023747,0.7263807931826048,0.4433355969115801,0.6630986345657873,1.041574547277183,0.996871221434271,0.3794249027831875,2.717148733843646,1.7387303447483706,-0.9856682344647149,1.3593989111584182,-0.7297694758223464,-0.03691803105053854,-0.8543908407332006,-1.390794804074512,-2.194675907153172,-0.3203964421231141,-1.6645362821798946,0.9796756518165455,0.14004578342165327,0.7520415563442807,-1.0361965276783387,-0.9442918766931312,0.45874822964332507,2.1376817544034963,-0.0028645419616375864,0.8153162278410028,0.7078167141154122,0.35999999012387485,1.4284073498463883,-0.7065130268778934,2.212407009863027,-0.4000947585108404,1.247073913568907
SYN3_0168,1.2066852262149257,0.7348659430815964,-1.7358438913501684,-0.4111419390408112,-0.2213382935191302,0.5531899093008418,0.8914298697698015,-0.42525149417592994,0.03938539979342416,0.05426433795410193,0.2326078101527134,0.831207666239759,1.3319754472296261,1.729317554634916,1.5406471362077336,0.6477015469754512,-1.381297189887553,-1.0884091565764276,0.31163270034486984,0.35296468288535027,-0.8587799023507493,0.6334317637985837,0.17670652519610316,1.1679960276847587,-0.16516708860392598,-0.9584752038321924,0.45447367471163885,0.4567237271773517,-0.6390628605031339,-0.5973431415259904,0.09618905445429107,-0.9456838568299206,-2.286954892282465,0.7208130358846518,0.7842493058541432
SYN3_0169,0.6897305418282627,0.010365218070765955,0.0785734031584437,-0.32018457982236603,-0.11520764983916769,-1.1852258793403825,-0.6349121242613108,0.019431684109526275,-0.1946723185452346,1.106818267752625,0.6178607949604977,0.05568509870990281,-2.07590971700962,-0.7839344126655147,0.863558909153491,0.766805259543048,0.5742078942781704,-0.8058827348988591,-1.590163035108628,-0.2209071863627216,0.9461776990139669,-0.6726709371068762,-1.3301330643763407,-0.11323115516605113,0.7934952176989549,1.2762802147063361,-0.6647888831019308,0.702348120903158,-0.4902273216044115,1.7292809800696503,0.004144630712511454,-0.024346162283562376,1.9135586184104578,0.9113602358423298,-1.9596101223496487
SYN3_0170,0.17418388253646228,0.9652565870044844,0.2627193693769863,-1.2537102606528276,-0.22734018914918727,-0.4222216997100255,-0.8479379303509652,-0.1322251093235722,0.44105650378421596,0.1280071799621467,-0.4644486430127109,0.8611593653871136,0.5105338939079586,-0.19619069156907906,-1.5010081657442915,-1.086210254720438,-1.8049169160662446,-2.0181117582002854,0.2810788428978665,-0.365063812797646,1.0275424790452166,1.5386716919373906,0.35837717955838994,0.38003804959862686,-0.7653396078924153,-0.6688442237675627,0.25697456602718594,0.5738542100060322,-0.8118712993164524,-0.3880636967608329,-1.880301241664609,-2.0745566920512246,-1.4319272317265097,-2.8341723248977853,-1.5595616213483048
SYN3_0171,-0.32442616808070585,-0.5661131358335373,0.48825817094210533,-0.695651239147349,-0.9578437085725257,-1.0009383725639591,0.5117699708862109,0.6789143074458998,0.5237590454726847,-1.4298841112841199,-1.0490007786875195,-0.20665602256738239,0.24552553019842352,0.36418812734339023,0.9079707994817627,-0.8759763177696726,-0.8143820019811774,0.0929447150113182,-2.132727074187189,-0.38098792502812295,0.8821748433144176,0.4360125799118904,0.1443193243834652,1.098103712026457,-0.8111278477833761,-0.9753479799819059,-0.6310682247945522,0.040553438499879295,-0.5804265520868924,-0.3025776834787597,1.1058732742871356,0.3904534324875889,-0.7677831931209301,0.2900440033382382,1.6022796533140369
SYN3_0172,-0.3468151670421736,1.9908491071216283,0.4162559184234756,0.07468817909560502,-2.6440542487352006,-1.2776232689760054,-1.3673042083112918,-0.14809575091688612,1.2426729390435605,-0.407973591169031,-0.6351832217023341,-0.5825648508033956,-0.3590076595714396,0.18715240732606894,-0.33117424455422845,0.03407779215661507,-0.14392165890756964,-0.33972508268898655,0.8258763394303253,-0.4506675392220494,-0.9724193792469175,-0.1699968164166207,-1.583471673795257,-0.7391731273934901,-0.33817891211575496,-1.9749381164440478,-0.9711552428979968,-0.5015922433797977,-0.5056902203511643,-0.06759409632303971,-0.7088821922998184,0.6714113284009232,-0.7808117119060772,-0.8631177447220443,0.565400598400288
SYN3_0173,0.20189587035611237,0.3645276371660714,0.024194561671088317,-0.17890153402121048,0.36373087622005607,0.606507590756109,2.1300143960148326,0.7553551067261929,-0.022314397118877845,0.30465937833966966,-0.9591484287252767,-1.6094780981737828,-0.7355237713475778,-0.8302123155525664,1.0860789081162285,-0.7736335154339234,1.2638668910761282,-1.327815302702695,-0.7325914224766565,0.49028412986426595,0.4638159044866249,0.1182439482713838,0.34831035326419263,0.6897037090675282,0.279718491373039,-0.2681048457407274,0.30593083266237303,-0.1177955883723887,1.8122226673834,0.7637480075016603,-0.11656430635142236,-2.1544951316436025,-0.3511491086637444,-0.8123046947851675,-1.959891152927369
SYN3_0174,0.36921890676404256,-0.1472764820062098,-0.4471976833454822,0.5066546839075701,-1.7861892136760222,-0.6212616200992618,-0.23188343540871986,-0.2875761184780347,-0.9337815156363742,0.04731362994823169,0.028884180024921723,0.13226457594615468,0.8447445165131189,-0.4753912774703371,-0.01586414790857409,-1.0043446179560482,0.3476293982937432,-0.5890448741837139,-2.491696715511097,0.3600197677523079,0.3611603438108015,0.43548021282935173,-0.02030918695203579,-1.0286361633389487,-0.28288609031205675,-0.5698737521877251,-0.4676198897899234,-0.34462220531632287,0.6372506051351852,-0.2965747192387448,1.5674148568954211,1.2772372975472508,-0.9704854531620792,-0.8348464548708148,0.053633540153756216
SYN3_0175,-2.808967299747705,1.7252235078208384,-0.33466070423347993,-1.4688018378419863,-1.4725102419108067,-1.5009986903035581,-0.6899483377953448,1.4263812195913717,-1.3432016035312873,-1.6767514293778982,-1.4583454997320537,-1.8716119528234259,-0.5359435779920556,-1.6366340167310327,-1.6976281114769198,1.2924416369141645,2.3957370462449252,1.1923463920057578,1.1670761772348124,-0.4669695326804746,0.6367758737370522,0.4440988342010472,1.6242947806566947,0.9946803201266525,0.2832381348051001,0.042241681465992664,-1.074602441066186,-0.4632561234900259,0.7041060961848781,-1.5202651790396084,0.253567987659341,0.06462291337828685,-1.1802415182650077,-0.8030138698204478,-1.2622668004048323
SYN3_0176,1.9551046388930573,-0.2164194725017968,0.08923287880742982,-0.5975955538184917,-0.08226644324187636,0.4791617813566751,-0.63629093079815,0.4110590518582225,-0.40490295525819114,-0.7040217039371512,0.11209948618141675,-0.980241618976868,-0.08697270977205591,-0.5859039219078924,-2.0901846268809696,-0.34534121301884674,-0.5433214409518127,-0.6585499766236187,-0.8917899237400967,1.5911723753283593,1.6952537710002014,0.3923513571430578,-0.6787154162505195,-0.812280703656007,-0.40823048842806164,0.578618699303725,-1.8271193877205205,-1.5719346280827904,0.019629266895861194,-0.6533966270062915,2.23570426686818,0.2799819429682693,-0.6731163743559367,0.11993020081557984,-0.0957916921429346
SYN3_0177,-1.721441741264902,-0.21862819012501727,-1.298066266943493,-0.006911000341677508,-1.6504411158098462,0.14752015581863023,-2.0283816559899637,-1.0107241388695345,-2.1699354664028037,0.9457203050945895,1.8986750585444703,-0.8052241985803189,-1.1259576513539344,0.7635246194971141,-0.8708884840715291,0.038642769588719234,-0.5443067040682472,-0.6331138749004337,-0.9222016882061205,-0.4262241641447424,-0.1454187671723805,-1.4391697151936584,-0.7066432673638698,-2.2778218504905885,-0.1977516190451848,-1.5679814920492723,-1.1669866479765272,-1.2791706155229396,-1.2052502257525533,-0.4366484588674365,-0.7389972004733342,-0.31360164146003033,0.15301519978583086,-0.3120959128326622,2.3164174820871057
SYN3_0178,-1.4732729224354317,1.1766484320706512,0.7808040484930892,1.0549814327734581,-2.212053400797776,-0.6601036459034503,-1.716049824953776,-1.514469478445934,0.32453260644239557,-0.32623528167935434,0.645427313398546,-0.6303731668926412,1.4174261053800377,-0.4514820845042834,1.393628643169545,-0.1442192115714283,1.4880277008790335,0.19317728111531163,1.5630059390467288,1.2208860705722338,-0.11383465939399354,-0.18074047433359616,-1.1536088979262429,-0.48282626588277394,-0.8386699246783258,0.9166450768735585,0.47192291349830495,-1.3843405329293665,0.3494003842027796,1.377882603528134,-0.4311511997946592,0.15487596801236034,0.046996276290719265,0.0639006767907178,-0.6546015226963245
SYN3_0179,-1.4464305780300062,0.020708287261270216,0.9362287604549812,-0.19847695704092322,-1.529963169235855,-0.6348595793307987,-1.3996045955321603,-0.8957668914605096,0.05674416637736288,-1.739796655473263,-0.9746465984110427,-2.3872701438408126,-1.0795485166559031,0.2565521420121687,0.34377532393458005,1.0916578331733888,1.0034629140213736,1.8822038329417443,-0.09660498068991917,0.06812076671385636,0.9638904773720295,-1.6832970656045452,-1.4746013686208594,-0.8245792598525933,-0.5017961624941303,0.6654660829799602,0.5053950966888936,-0.08780465295982927,-0.004337648769352269,-1.5058358687189215,0.18717432070087084,0.290884408892846,1.120529766089561,0.6487639963360898,2.2917424450189086
SYN3_0180,0.441576893686806,-0.9753920009719264,0.30244577501846076,0.25272470071369607,-1.5197975612300494,-1.5457970059207466,-0.5417339123478836,0.38991121267543055,-0.26812720639082377,0.36886382836241444,-0.42173409545634283,-0.838077344745128,-0.13516056920406733,-0.6332503061710892,-0.6533416622427414,-1.2010261561030968,-0.008159231281491076,0.034181854671340633,-0.8771100991610458,-0.5205769499236451,0.16584173326548104,-0.5035893125800353,1.5971180407075392,1.8948138094958717,1.8736155678269442,0.342973413909078,0.7409456063475505,0.17761114253647003,1.2833687858870464,0.5543317193122024,0.43280911254674953,0.900239763576259,0.4622911799219279,0.5621648645547097,-1.4909648319861382
SYN3_0181,0.017754094897684997,-0.34261705298862266,-1.8029712762698888,0.27749638910909247,1.4199248661139277,-0.015591067119067534,0.451512388259022,0.7118419218881378,2.0035243242329495,0.41326944697186796,0.35483256635204685,-1.6177959164890845,-1.1072405542752586,-1.0363375906600523,-0.5153954246165784,3.733688293412655,2.7213168361931226,2.900877134292997,0.690171269225673,1.5793707680108728,0.47752279097445244,-0.4227584188697841,0.6921833211073868,0.23960248336256876,1.896099059057246,1.397255667818518,3.365074869856656,0.30277194644247474,0.3532424539226222,-0.35376654392946727,-1.5473689408197135,-1.550302259742372,-0.2940113861333869,-0.11768780657071065,0.40817793519127427
SYN3_0182,0.7148639254265404,-0.01579045754873083,-0.7705293233389874,-0.14905329775360718,0.7151783813933813,0.43045434245921715,0.9846043478433486,0.640287139443894,-0.64896565054336,1.2724145332857975,0.10656974588856294,0.2675365234573473,0.20401367819253813,-0.025173062052981983,-0.249400689992092,0.31326033341332943,0.38019806364975417,0.4435619504415855,0.5313411997601277,-0.2402760879253683,-0.44704175599896473,-0.45780000951220556,-0.44499177334455564,-0.9410781060651124,-0.14572831751438825,-1.160963998115386,-0.4604114099217756,-0.7154536439519306,-0.07728109306170289,-0.11857948188888938,-0.5602933091271933,0.16399922225001476,0.33428699152842983,0.5006840864565141,0.7950802069014751
SYN3_0183,0.578369967100305,-0.13273383370183503,-0.42811807974925503,1.340307259979763,0.8231789630445451,-0.8756495074306173,0.456965601811359,0.054394008233465595,0.5196495812764782,-0.11194175809081622,-0.09852317532969351,-0.9099541186999556,-0.2571983031710743,0.5639082279435296,-1.05901536696171,1.185681013084068,-1.5665980087499323,0.8162052867601548,0.44921143167739774,-1.5994081531372162,-0.7168700084341745,0.866122826543038,0.44778700000985516,0.7539021953497769,2.5903938531434645,0.8402847530133787,0.32063837596433264,-0.17599320030161722,0.11828360135075515,0.0066502701511683224,1.2620400892898445,1.0355174918941945,0.0957612917060191,-0.03109250135982347,-0.6830574152805443
SYN3_0184,0.36763998725458896,-1.029347709837831,1.2611014560422622,0.7959537243209295,0.5223886064231847,0.37759145285383694,-1.8698589221088497,-0.5444191682080411,-0.9084973435693229,-0.4614030305313621,-0.03012900601584052,-0.16130692386707945,0.12587824935767675,-0.7780892471223624,-0.600495352999086,-1.121452137830724,-0.2780280190670921,-0.6360697974844928,-0.5320549042648491,-0.5748955451263185,1.3234205589417363,-0.901320543142302,0.6127665744869891,1.0190563454363837,1.4247223177990802,-0.6275200470098367,0.363566006463411,-0.6311697491896299,0.20174899311125818,-0.5505540233800927,1.8811073804254497,0.915627423309185,0.5248485753408857,2.131151834428279,2.085786951084636
SYN3_0185,1.4237822159729392,0.1662659111291222,0.36299895882165206,-0.24053819017109476,0.22755038302332212,0.6408151440072309,2.1648594246052753,1.0566590214257514,0.06628031136813915,-1.0663048577633067,1.0691953728498251,1.5963776995317642,0.0057085594167212966,0.40044821425874416,0.2676525029723403,-0.6251091769564159,0.28688187487290945,0.2690682043809486,0.19102786601409813,1.345975873517033,1.1248723660680755,0.8197645935482472,0.05848663433061791,0.2863163748082758,0.08997248288830711,-0.18124744856541267,-0.3251229333545374,0.779268734009083,0.5782339889381684,-0.7406086832234067,2.0840565370895225,1.8124029092031402,1.7719308583490176,0.8823726072521861,2.401993110315801
SYN3_0186,1.7306324302664793,0.74437180191614,1.1427283473799712,-0.35315226546030176,0.8753820268314798,0.3628081847449058,0.034322608784538536,-0.6211842184151529,0.44151057249554093,-0.1084377191273817,-0.39694013393642485,-0.23403497030837936,0.13122150204299135,0.29447846721923526,-0.03924294025978273,-0.41033825015162934,-2.065490544953468,-0.8005602692806096,-0.7277850094814815,1.1016901950775297,-1.1019764363501114,-1.0745952456598755,-1.1548335593156387,-0.2792505946007513,1.2756410334248165,-0.32830276537073955,-0.8964733936067463,0.8346466943088912,1.25589966152978,0.9828540031592713,1.7729348695348999,0.7815848330633167,0.7080577428477032,1.382093938987586,-0.6185024829382325
SYN3_0187,0.01817088094748434,-0.22673283385681545,-0.9660078279258648,-1.5367808876631293,-0.31081723568300557,0.6921730833352673,0.595912174836434,1.6501834975656822,-0.30289457728292796,0.38428572378328757,-0.11403656714678811,-0.9589825566962501,-0.9931953343398773,0.20951337045860538,-2.2556208427710143,-1.2226622249076247,-1.1910577515165006,-0.43622454777135217,-0.45691278759971243,-0.690090485712796,0.5754788635719632,-0.08565353059233367,-0.46866219386935043,-1.9715587361882894,-0.8082863312560395,-1.6673732316081522,-1.6253444308733498,-2.024277398393639,-1.0791433873737368,1.0655060625277293,0.4570177764141302,-1.753157595860997,-2.177531424727534,-1.4706282364631673,-0.6343208133087622
SYN3_0188,0.8160427734996161,-0.7992786071829541,-0.4668507245453435,1.8301599675583053,0.1946427878234337,-0.045854670614975716,0.19042108930970847,0.7903795593025503,0.06801221820903132,0.19874374867307457,1.3306574244251712,1.2184755021436326,0.5077743126217721,-0.30143267036835575,-0.9123023148142771,-0.04986798059494475,-0.7317147512289287,-0.3350159645030081,-1.286259524148189,0.8215263151368571,0.49979741025202046,0.08205707645328653,0.8660190304870059,1.023309241695644,-0.5149376538256419,0.7159193661212621,-0.5797348934090482,-1.9369936670131649,0.2369805079147609,-1.1311206173011155,-0.03049263063673759,0.8897621137023708,-0.10879877003124477,1.303851432386051,1.391207326567562
SYN3_0189,2.1375458176934954,0.3157494730435089,0.4108472669425647,1.2645849842407035,1.6881114743163623,1.3038438523064566,-0.9929019177861602,0.3209200709756879,0.15422808441817767,0.9760553559215325,1.1581691652389146,1.0318688419819038,-0.8939247948089534,-1.188451785690367,0.4494160351698279,0.8184033991072589,0.36398846150849384,-0.682915592321941,-0.293053750116834,0.43214792156529835,0.05339028077256603,1.8565046973422477,0.5778480871862888,-0.21512406071232013,-0.11639108671703963,-0.39233207778849327,-1.4047745535846259,0.6858582397908509,0.7957316743155255,-0.05217935206153293,1.3938910524506387,-2.5276359620744406,-1.492423397197938,1.0150146053338054,0.5732892522691534
SYN3_0190,0.43104929332052944,-0.7692223983431894,-0.4200960500692624,-0.6269944213557672,2.5774652771113673,0.719090781347666,0.8071235920444856,1.5173576836892988,0.7500250141564001,0.21269214569935813,1.1799116273718755,0.4602277898422401,-0.7244677654350037,-0.6124488847519604,0.18297637648511736,1.8240120846486583,2.1035418058360316,1.342347938927909,-0.9345011319825887,0.07715509299670667,-0.16836883425468854,1.0126009967114673,0.5612400880738783,0.7372529175895043,2.585275257742056,1.639879413542998,0.07416559460352594,-0.09911503675156771,-0.8002989710043442,-0.34039107397035584,-0.7060588154010385,-0.2473424146656726,1.3248183913956992,0.3015697576862091,0.6991188367501681
SYN3_0191,1.4326283755618194,2.381180671525527,1.1216281916048527,0.719421921411256,0.02071340311293952,-0.35295650956259156,1.4863468169689573,2.4528196111564955,0.7839029825779548,1.9563466241282674,0.8462188110954915,-0.5015227685360807,0.7129341804719665,-0.232553032365871,-1.1661305642718147,-0.7280471793870418,0.8770951381767867,-1.9124002780380658,-0.5272367529200639,-0.1773402392969001,-2.4637302577505853,-0.8871803256303512,1.8165330398186315,-1.2762287787715962,-1.580089462875846,-2.797682228944883,-1.01190180162127,0.0976986518979141,0.41697140597990867,0.9861422881194126,-0.3715060326283363,1.545560052324753,0.03595456544896682,1.544112933509031,-0.5031979974694294
SYN3_0192,1.1785182385932191,0.2022856877428425,-0.0847140121739205,1.0173474641836027,-0.2663848132919617,1.7448181253958626,1.996063555810017,1.6302207282603183,0.653226373635614,0.4031118184670235,-0.8319921580030909,0.26079989403459863,-0.40884770012623756,-1.334576472252116,0.40894612471966957,1.2016492592707086,0.7344577376661359,0.20844680538482677,1.0099743511149368,1.0162645422761636,1.624707597576948,1.7078334444127243,-0.1068154842382416,1.5573999049935179,0.09666088038372962,-1.9609884946287341,-0.29080743591825053,-0.3414565155668583,0.0643499813169271,0.4046346734521585,-0.9396526439869618,-1.2701876751697185,-1.1465333989607958,-1.6698525732522154,0.45298721893093274
SYN3_0193,0.13814938275560612,-0.921609744546202,-1.4273407047195252,-0.7949759118236226,1.0813007612957501,-0.5748771283673857,-0.9774623641239231,0.09275367427129479,-0.4708378288645451,-0.5800766658638953,0.281332843835221,1.3565465565626336,-0.7935502616434936,-0.16417885982931021,0.446254009202815,-0.8181705439404435,-1.3637091605077771,0.23588345525206392,0.13248141945316846,-0.8594889184620734,-2.208314525506968,-1.3269205480929895,0.4942095333974834,-1.2345437436945306,-0.08466613896388968,0.33505641388016427,0.37683959473548223,1.1569964447150671,0.3401658333553043,-0.05235002737783922,0.8218513002943683,0.3620627280989125,-1.8615224260122978,-2.205780368584754,-2.2468852266969477
SYN3_0194,-0.22013214023169836,1.4381144662772276,-0.04795516401282587,1.1002951727873842,-0.010628829988582257,-1.5807324790787374,-0.305675738288666,0.6756082669524583,-0.16848953752578555,-2.8482950931286464,-0.6835989328885506,0.10580530451437507,-0.08791354826551448,0.2485383681651039,-1.1609478817113505,-0.2740418758703584,2.2296992185866555,-1.552780238807402,0.18120682126836313,-1.1959669048237223,-1.8543807327703992,-2.1567114116216146,-1.5488925626271994,0.8892089762251949,1.4540857898037935,1.490018097827719,0.9171607373434664,0.5758519989836184,1.8603649459452216,0.9590060639579712,1.2842328666396738,-0.46712899098002464,-0.6316596038111802,1.0882536488747134,0.376699388422173
SYN3_0195,0.18754158687550573,0.41652343970187183,-0.9335965776802558,-0.7711906793261653,0.29174595705486955,0.36005212295140315,1.4841613253612609,0.42751378295974524,0.17553350626976602,-0.7338213879013227,-1.5693886597827698,0.8346388849920753,1.067331118859739,1.5167541172836798,-2.0531283369979767,0.04623478247429778,-0.42371913553846324,-1.2425170488588326,-0.18265381406823464,0.40716004207196266,-0.1205013028052353,-0.5850154852671354,-1.6866278247596513,0.3604477785128815,-0.17936372471100548,0.7491051335124732,0.5408497192946101,-0.4144695756141112,0.43891213401427315,2.1181988261620175,-0.3789068263306118,-0.6863167785118438,-0.27505328173294163,0.5716344763797102,-0.32954928074861656
SYN3_0196,0.9579337602652841,0.28209532458412506,0.19611791433735837,0.37032965462507383,0.2286654987457716,0.6560141779928003,1.370331657968975,0.7484993685129925,1.12448541577497,0.6549452463019119,0.29543339837756816,-0.05200652392971136,-2.4346153896829623,-0.7150554408781472,1.1994548180475788,0.5250784415481327,1.432802111199436,-1.454902576059784,-0.12002151776110542,-0.964245644803321,-0.7199080012087391,0.5303707907269943,-1.0671030495836502,0.26191965422541585,0.1853338468964899,0.8022064940247832,-1.5202050177304536,-0.31192803286995535,-0.30971186066168926,-0.49307221516473054,-0.29496674454781774,-0.9982390777843094,-0.6317988283821989,-0.4244578138111474,-0.3704631789025787
SYN3_0197,0.04657994642095849,-2.3992488123548776,-2.435468280803235,-1.040348040688988,0.29716920842456596,-0.2159242092557883,-0.12266726025704847,-0.708429175260751,-0.6114536520604806,0.19363952503442175,0.29333999808347794,-0.6546757349395123,-0.7676159642182688,-1.7624687065414426,-0.32448584043639195,-1.2217127887981105,0.10734473401063942,-0.08897202670986579,-1.297902225201982,-0.22596453525322377,1.0303540129741464,0.8959789271880466,0.8634843071610018,0.9925722316653828,-2.6768156909086,0.19081022485402782,0.04814067992566473,2.459994909753857,1.7914377922823037,2.316927671553072,0.737753665433287,2.1773998021968732,1.015246714294402,0.8173413256584547,-0.2297346749432755
SYN3_0198,-2.6384052720116196,0.8052266633989467,0.7206731980713754,-0.9773006669959813,-0.9929414494885886,-1.4928628617242434,-1.2218599654564615,-1.1271178390691294,0.7437909808485499,1.0337006786602072,-0.08468111083217242,0.3295681903760369,-0.06311482204965291,0.29333474614525823,1.9760781248189945,1.6738712268339282,-0.3968403973456566,0.49830882279873706,-0.1480774057527839,2.3007693938124385,-0.02258193532166177,0.6278183094032027,1.5357932063862052,0.3211567750679337,-0.6253349710800754,-0.8662051990747057,-0.13832433647046333,-1.4059683887692551,-0.24635744337719595,-1.1841097023703975,-1.2040683388004727,-0.06469836566329387,0.6848474551847983,0.23390956732271123,0.2633404546276181
SYN3_0199,-0.41219702405652986,-0.939951929671768,1.2808865158538758,-0.26144004166753854,-0.7764923300072304,0.820519125411931,-0.0919585222858646,-0.49677802561814993,-1.2251939941162857,0.2897314501388609,1.405687029169271,-1.6519805489176087,-1.0727586796521518,-1.033635002779773,0.4503923113349907,-0.1519201887677432,-1.183282527349605,-0.6137925518424971,0.07012259043439552,1.7210563338353952,0.8863883379208126,-0.21921121458192033,-0.219104402346452,0.4247531398068407,0.13601776698050327,-0.07784590925483224,-0.9456076281408062,-0.012530393874392837,-0.9945962530509543,1.0115769249381237,1.3483814401477252,0.46261705558861155,0.45301701204742834,-0.591371957056879,-2.1596281591075535
SYN3_0200,0.22465976737984364,-0.006979532299011303,-0.4777782991831536,-0.2729554176812288,0.2978176705876767,-0.33090908644304046,0.595609097023089,-0.21696014652464748,0.3594161316249574,1.2621078549643938,-0.7040005336201283,0.7092322533147274,1.5038634569899032,0.9795268358636671,-0.5941986179627025,-0.0956830814231683,0.8858351891905818,-0.09115094403910193,0.1588437406429673,-0.32763934933193406,0.5428385998689262,0.2952742093949742,0.33139935927131536,0.7931352796209319,2.3941398325103984,0.9262434621814181,0.3297757718794026,0.24726184191131992,-1.3077620456001737,-0.5498373143123545,-0.2852260524726187,-0.6298171440294462,-0.5447757992332612,-0.9802803702563126,-1.7290645554281283
SYN3_0201,0.7082269490359808,-0.6582519240254707,-0.29370809071923626,-0.5600607430694455,-0.416143411254538,-0.3828583927276985,-0.1541441310238947,0.6520939901078566,0.17279559208800685,0.09176428696430432,0.8970961837679525,0.5198839455552847,0.06083002320259289,0.0938478565825432,0.2707287348660788,-1.8957991007245123,-0.16640758386835205,0.6872765789125669,0.9387088450786689,0.2678286213239316,-0.8235377746049148,-1.3129173110510846,-0.2672892663943763,-1.4566192006633065,-1.2342049363620788,-0.5141674887694735,0.8296381087511444,0.5180852588676536,2.2611284744322804,1.2823278252656696,-0.8385855570769093,-0.9192844498293243,0.4444203538552554,0.7194117979251552,1.0089079976136417
SYN3_0202,-0.576965748842423,-1.0456740438492425,-0.3017497948038013,-0.8253509832135274,0.02374464995434245,-1.2841288202099481,-0.6639382556273395,-0.5468424244068215,-0.4878679682561304,0.3994654450660614,-0.05912957332149422,1.510410855158543,0.04694933280803777,0.40613967918010596,0.5211103269499796,-0.4149356085731655,0.49532902057938466,0.5837735579857722,-2.4610992679475023,-1.570389672958251,0.07673784859397574,1.0094801983874835,0.8847139051450293,0.2088193588300658,1.1089945680994382,-0.22876812118880202,0.26016263407092266,0.14970756778187588,0.14333664906770607,2.1087644130315373,0.6417485653965852,2.5086209317868606,1.4112707568087226,-0.35206560882536775,-1.0457262580045623
SYN3_0203,1.2361368804090558,-0.3608620832774559,1.2826576727466,0.9134318322444438,0.5693630238098745,0.2662149652826834,1.1895709096469786,-0.26203645062954595,1.4820196395823457,1.0436686087628957,0.06478767507671086,0.34973524614524104,2.176360485863711,0.3162542219959767,-0.4330585405415981,-0.4502960908132831,0.24004139606669134,0.6545093747758141,-0.14203763834729524,0.6416131331727064,-1.5288709996823795,-0.5411213114307734,-0.7340134128088419,0.39627952307657166,-1.087633949308516,-0.009599744470346063,-0.37797786364648994,-0.3956843579253197,0.7089734524297254,-0.23299034767710625,0.2745135613905225,0.3418914715805961,0.49272520795595237,-0.5002114970036394,1.999359531923676
SYN3_0204,-1.7546650678205435,0.21119558908369995,-1.510723588512174,-1.8342016633798943,-1.6986737917253643,-2.090247839949571,-0.2337489345337303,0.6969246663176909,0.06316892496094972,-1.093286779028182,0.007116350410346808,-1.1784855272701897,-0.49208024804166517,0.5199771086794986,-0.46127859870227916,1.3621560405861592,0.5557608114087839,0.37865403366697925,-1.6439368805372938,-1.0401906829445093,-0.5155592224936623,0.782908282824302,-1.298932840957241,-1.5116597217799712,-1.4703016966255158,-1.486762372050432,0.2782765060830117,2.008594230294952,0.5439300598686035,-0.12765195432529408,0.6852265760923042,0.3929343804746906,1.0777125731699957,1.2318992130616604,0.6614743783099885
SYN3_0205,0.16741335921005485,0.4684447565600272,-1.7559050644342948,-0.9090263081566395,0.3326839286087541,0.09260774465832483,0.15942164420644395,1.6371274723721534,0.031423244410437506,0.49354141322244766,-0.3079464310258948,0.3422574813769637,0.832286155980606,-0.10724922368101136,-0.7053199769410876,-0.038016499046849166,-0.946170349919878,-2.3591176990734826,-1.7179945011139823,-0.6542012687796737,-0.6654523735427815,-2.4019106093695504,-2.3366838313534863,0.5002794342202722,0.04858750684423335,-3.0111350133669115,-0.6050258183495762,-0.9257344675763443,-0.9951301220796929,0.4303090642276866,0.3431510870173584,1.780930543466518,1.133624436257537,-0.45763320867703133,0.3232207169322717
SYN3_0206,-1.540928935160195,-1.0939385674734146,-1.1261423616013437,-1.2500567525930828,1.4056183146999128,1.190328655456367,0.735406958847518,-0.42878797175292416,-1.3809671464704023,-1.4835342590269718,-0.6859990253040305,0.19164568338556492,-0.19826621803255265,0.4679452484300806,0.4447525535105294,1.5039968596025686,0.5206302216076791,-0.11565634905607584,-0.23632043713876053,-0.6658536743978805,-1.083915074016586,-0.9106552224989548,-0.5446544539932553,0.46244327165064547,-0.6747558390589031,0.6095770586266067,0.39362067065415285,1.863637981776484,0.45494602470423007,-0.8574877063019538,0.18975810999167206,0.16166615775407125,-0.6377497034149463,-1.0037998074408419,-0.6586926424469075
SYN3_0207,-0.3999276374493647,-0.5331265055975873,-0.9609227420043928,-2.173968957250852,-1.3756310093934145,0.19744715731782833,1.432970380270951,0.39471848043473645,1.0472355253114296,0.6753405364217842,0.7645532804301521,0.2075777637983275,1.3394779952886005,-1.1392469288428124,1.1836545037119741,0.0164375495711345,0.2663996349887999,-1.6106730526171458,-1.9623475453626398,-1.544933618409847,-1.7725783519684566,0.2864504970900173,0.35812721221463856,0.48076131177911297,-0.08020239972763607,-0.5673749752935882,0.7601330252642343,0.13059008109112555,0.41365945758993233,1.8214369431253281,1.2144064572116948,-0.8213612841395356,0.42961851285262287,1.1467773891640807,1.3509948335012631
SYN3_0208,0.6320419277471436,0.7330707679899419,-0.185188359819154,-0.17544717864163406,-0.21581108468153437,0.31616973328466247,-0.3826620085787678,-0.10844427904415128,-0.7913925638286232,-0.7727487807308462,-0.939688823218941,-1.2423102605847065,-0.5866258683201263,-0.38831505981711295,-1.0671653301013737,-2.0248604508585584,-1.3284877243839956,-1.092806637771735,-1.5461759709669078,0.742472059727439,0.4670713879054899,-0.40597492943316726,-0.032921631190453556,-0.8072159015842884,0.10970780655902637,-0.3611696488872245,-0.3189403207926622,-0.011308050104662222,-1.3602091165252024,-2.192175080809388,-1.5919586597731636,-0.5373026185225603,0.1291458219975245,-0.8756489417031299,0.07356660875404789
SYN3_0209,-0.5814689463130106,-0.345709391483633,1.4080259287675836,1.4527560344393708,1.018013164397024,1.1883533267730373,0.7904420583218602,0.37885118402636647,0.03976573951193435,-2.8979210785113563,-2.1719835375719625,0.15843170405266038,-0.09091405349717824,-1.515965917260225,-1.397986002048033,0.5387047590505096,-0.4768933349208323,0.862138667567276,-0.9662297573414095,-0.8904824236309848,-0.09554093920584383,-0.66034331228004,0.30067662767641484,-1.0296250919291419,-0.2112549304761226,-0.4219260816770689,-0.7756809964792508,-1.1218641296888687,-1.2642068358368737,-0.7028824762302986,-0.5051788003121975,0.42806039997237927,0.23918990461542286,-0.29536064074302937,-0.5712430080251302
SYN3_0210,0.052076716271158376,1.4305012985959145,0.32614272230465685,0.6578168131433666,0.6170017273975527,0.3428135089328187,-1.4885307898242985,-1.8576539703635015,0.5427540370966958,-0.47466101707821406,-0.1690297526735949,-2.403908487014176,-1.426159494820031,0.3891959281354359,-0.6596066076178692,0.6143540258652858,1.0172691525150315,0.7117712690178251,-1.3889379598083142,0.1826446157914123,-0.13068080104906898,-0.24903289421654834,0.554442811502597,0.15878183483200842,0.8347085587930559,1.050266101491409,0.14596483457150267,1.5436606116755511,0.13139219652032946,1.0538765429642545,-0.250580709790099,-0.7900264915158995,0.15322783405171536,-0.2456148524566833,-0.7663018593029265
SYN3_0211,0.041049298926350154,-0.36456604109247104,-0.03507637787700132,-0.5323718835221694,1.2368296460306352,2.0569756790732443,1.2063700536798312,2.153011604707031,1.5386225522151187,-0.9353939634633082,-0.22124736769127604,-0.26832663528711087,0.15975912462039454,0.5659582732846518,0.022994133570435595,-0.9604090961328172,-0.9817159273301469,1.926834811369511,0.2408687553079399,0.4015716913276985,-0.3481276097102,-0.0689946161899539,0.39151848717212595,-0.24821602111823612,0.40935149098524176,0.6700728631273072,1.6257774393407867,1.2307797679764074,-1.4003779301797645,-0.4564480361871428,0.65443726534983,0.8353437926279214,1.805095605007461,-0.01446318325467147,2.3901861436006637
SYN3_0212,0.319880256769617,0.4414448912157385,0.9525221330872958,-1.8382055200609975,-0.9749176989871227,-0.62788810455193,2.0479062956043967,1.2571776604581624,0.02121171640992946,1.0885443802022434,1.6377791164893039,-0.6636153086699556,-0.01142307590220208,0.9777915813950034,0.6847887894477377,-0.08081800984037671,1.1819299196218713,1.9128911315112749,1.312636423853712,0.2826723245711616,0.26508610468851945,1.0959677391931233,-0.8899378126602855,-0.39387245616441424,-0.19144983521859904,0.060995824195910556,-0.197497929418677,0.4867957350490095,0.6467202277760722,2.0129941052129454,2.046791469427646,-0.48967739578271374,-1.6178615931907354,0.5387124831588254,-1.9710891930135372
SYN3_0213,0.0018541548539788668,-1.6355774336678113,-1.115483553525214,0.46357289952238967,0.4816830497714766,0.07925840214432998,0.5983280288664135,-1.0856378511293623,-0.5669920870872805,-0.7712794683581209,0.5006267088972028,0.11685531467600363,0.6798689558156398,1.1858973457949455,0.28340835459548736,1.2294799131456187,-0.7713676139310742,0.9966163861885742,1.8720523485725742,-0.3062591125547142,-0.14148804880673468,-0.13617464170794993,-0.731420857062116,0.5494444571019763,-0.44750976066191644,-1.1426218567933524,0.5211949295965949,0.9782680116171523,0.1810380449420406,-1.1416378203957034,1.5330905883771155,-0.9214532974927273,-1.5301066255093942,-0.5391946538757504,-1.1218423814343992
SYN3_0214,-0.7679190581326497,-0.13272069150919538,-0.5737544644766186,-0.4098584796573793,0.2662497753018523,1.5105475905178873,-0.16058442829663666,-1.6800530207687787,0.27777548120726037,-0.9563938735408464,-0.914100974340847,-0.7606803886143022,-0.6765821632061535,-0.39535476768219036,-0.8580721929525721,-0.6991243060711255,-2.5524172180656586,-0.3638605695902995,-0.11934653871791698,-0.8956785930686205,-0.6427921339535968,-1.1344846271642437,-0.7632321377116266,-0.7775283874834377,1.239419342559957,1.1209125081959193,1.5663190710978023,1.1372399999027154,2.7885589008327476,-0.319965915868444,0.08613573250411226,0.40513460529396106,1.0114844594991015,1.6823357458262962,1.2872019609038219
SYN3_0215,0.3618194512483536,0.9011627875531152,2.431160791799847,0.6057920302539356,0.16702120405438975,0.30516708611821874,-1.848817657009242,0.27149688647463305,0.6763762573942722,0.8731772242586059,0.9962711678804314,1.7355804423929337,1.0265640880511158,-0.12697485484220047,1.5019694128374885,0.29593646160439707,0.3060561435592389,0.22453118129683328,-0.6798978813021495,0.6654230499474512,-0.591707826642026,-0.025171682882227053,2.519167077330774,2.444806766948958,0.7407518705681054,1.2630576062451708,0.5887828257105486,-1.0634316021913404,-0.3899012090361483,-0.69481649680727,0.33878133858233506,-0.1152351740893955,-1.7760562437964007,-0.44021328286224276,-0.45945437814485024
SYN3_0216,-0.975930495329177,0.2709141007635099,0.9315067630679461,1.6623008739383838,0.04597050292102139,-0.003230617301171474,-0.9294502526598032,-3.1028534429043937,0.3488126523128497,1.9282766492683303,1.8577279265660842,0.8427895542015206,0.4262050323260439,-0.34628694332796045,2.021519942127303,0.68960950555817,1.5279005403759458,2.2319823958684113,0.6847674901939891,0.9488060825886294,-0.020238459545881823,-0.8931677036652309,1.0830352749032308,0.940785720945403,-1.1354275277913448,-0.4742492381896229,0.44534421514399825,-2.1002713456087565,-1.0176149061537367,0.33708106638368107,1.1682157234337904,0.13129461328698128,0.9350554906857719,0.023207935792525815,-0.08828818891770249
SYN3_0217,0.5820326712920192,1.9634894219392145,1.5071129549434992,1.1617631757285312,0.24008957227057015,0.13450000222072606,-0.2228973206822684,-0.1695839651383146,1.6571131584105945,-0.22070423741971346,0.6449052738447191,-0.47432424253661204,-1.1298914037864822,0.9432459112876727,0.14062439059984702,1.1240326280020305,0.2644287860424485,1.571898185169634,-0.05659012280365636,1.8735488015986477,1.0563085893542854,-0.149755551707852,-1.0049473012765449,0.36914544349805944,1.1791882317534446,0.26952978982066317,-0.4448150142578349,-1.712529066141653,-0.20334780907590497,0.32170946867528255,-0.5161148427440548,-0.3043420074141034,0.19611754470388312,-1.9489364529920916,-1.272600414989855
SYN3_0218,-0.07649414688295152,-0.9274009856705484,0.4004223299438734,0.047909961312977326,-0.8949771134394081,0.15533094374502932,1.0115292470067,1.2638694583520973,2.187868699628893,1.1027064368140853,-0.4462109844775883,-0.5034371188152296,-1.628025014371876,-0.3843651192435831,2.6454293099748187,0.7858956369198411,0.6191114890685766,0.9230769844950242,1.068255749107337,1.0105443669954384,-0.4591865105780174,-0.6029859121066506,-0.707464938944642,0.7961632902310101,1.084814238423049,-1.1360175681640485,-1.5229283432462617,-2.9254320207419786,-3.0863620711549147,-1.3502457468507942,0.3775560291529091,0.9046556328667791,2.185592945846818,-0.6184080643192279,0.7096656188077469
SYN3_0219,-1.8257355061431007,-1.5935327521703573,-1.1460150677271137,-1.566446724145418,-0.9697932137533133,0.3284089104157899,-0.20604623531921376,-2.014993025307098,0.061355649517681084,-0.6816025822110003,-0.6017109510268787,-0.928911378010916,-1.4235139578315643,-0.8348998897597634,0.08246100695919628,0.9420661142226652,0.5155327373835216,1.5112263150115222,1.6671131814058473,0.10069020229298202,-0.8772466134349602,0.19386696602948572,-0.964548254737829,-0.6521520451605018,0.6296664571118831,-0.05073202754231178,0.021164059390839263,-0.37966180435487534,-0.5283839528313945,0.2500290914241269,-1.024587494002462,0.3475475345494173,-1.1736053255301153,-1.7802412757323687,-1.3744152558443803
SYN3_0220,-2.45560650988385,-2.676037872203314,-1.170390217125374,-0.9993074571222262,-2.029594213970236,-0.9340982520879936,0.6588470997830881,0.4930148785513111,-0.5328871121899582,-0.2918355331024501,-0.5325557109207198,-1.241590820009024,-0.876317552591718,0.4888539513791242,0.5180190419268639,1.344111361305032,1.5400038772276625,-0.010946372048225602,-1.80301966689976,-1.7468962485204271,0.4278789808153089,1.516825846826559,1.4317258081706927,-0.0009355076971146715,-1.2254450853224126,1.5696403083216661,0.2739981161006506,-0.28983909643122824,0.25586791683234944,-0.5293856623107207,0.11297779140606687,1.156530014222815,1.654336127786691,-0.03253206348049474,-0.6543071369385353
SYN3_0221,-0.5122150851726323,-0.7899218154324577,-0.5788234969898456,-0.9316084056357599,-1.1347579462754995,-1.4988793915309933,-0.5294401362370965,-0.488348881168736,-0.5974646512949575,-0.3126412092317485,-0.6957961768347478,-0.22668301795707574,-0.4866633339503658,-0.2580392059697368,0.9030161797094967,-0.572067413923611,1.043121328095925,-0.11312150348016899,0.7488393697583181,-0.13392376940585196,0.8027624204718684,0.16632169559635965,0.5134332111480859,-1.2006281995643049,0.44052748853223755,-0.3890187409786716,1.0169484616385465,1.1792569585843506,0.29112135856886284,0.303107211525652,-1.4816587959621885,-1.0368532160516595,0.5630914638119068,0.86263802752457,-0.6788189117645442
SYN3_0222,-0.7865035713339271,0.2622155100479312,0.670588643138347,3.0489041586627708,1.4666003645346863,0.9386551332621001,1.6010616353637517,0.23453650586877786,-1.0109580894284766,-0.9726244509226584,-3.5434547676977783,-1.9886354468345429,-2.183568631669442,-0.8706161928997151,-0.71811585161143,0.7361829550124355,0.8199554011427475,1.030304231828457,0.1380697381217418,-0.19015221408714209,-0.6635087076974263,-1.0612605931444594,-0.2492878759753156,1.6138810197865487,0.5543222752311512,1.4675023823249214,0.08199824317209146,-0.2507549667636223,-0.3623003206131393,1.3598057733001394,0.4036183887632754,-0.9703737273796395,0.5981919910463454,0.38701856966439385,1.1348760152719346
SYN3_0223,0.09919512302792399,0.04864039466877544,-1.0502269535049322,-0.8299253550326297,0.7810964857308229,0.7811896866571966,0.6893615116039847,0.41491069616116577,0.28346203545953774,0.7799203751909828,-0.9166472103645393,-0.43321482624156776,-0.3896840935096804,-1.844740360031887,-1.1179521947608093,0.10841050244552781,-0.7899478634912054,2.121361410458627,1.6638827050326523,0.5244391926982074,1.1929361103364995,3.3548687808568998,1.8743101291089819,-0.06230269484664665,-0.15531581211807022,-0.779744403451013,-0.8089572060324995,0.17894021129431545,-0.5721323888918797,-0.8969074151013665,-0.7461188865794098,-1.4951747755794798,-0.4126668455199887,-0.039953294535078294,1.021725408527847
SYN3_0224,-0.035151433112493836,1.3722157377610595,1.361158964386605,0.5180502530278152,0.2802040251667918,0.010577097895676398,0.99876555622755,-1.5940981800404737,-0.5610847165202575,-0.5557935653442874,0.08428929155523643,1.7616128790713321,0.5026242405297291,0.8601215510911672,-0.5887819215329808,-1.906044240414413,-1.3459906267524995,-2.2909146421399345,0.38097569647636925,1.59189142882595,1.6214506383652454,0.6117305185528362,0.1809395532006687,0.2673223390852099,0.4464652692990326,-0.21758814650048486,0.9481779172443549,2.0821236308205324,1.3505751829259303,-0.4082715906380322,0.22437553632889512,-1.1070878260249137,-0.94067361025595,-0.8468526886657297,0.5452530493237467
SYN3_0225,-0.33772602480785624,-0.190410093151192,-0.581647980532093,-1.2207651156952322,-0.42571738406487664,-2.845343804083126,-1.1476170553474547,0.5846183051017352,-1.4420043396281665,-0.7219636608345247,0.8273424037984392,0.615872163093071,0.6275626266466152,-0.4222018942450363,-0.9647143856813388,-0.3910237062131246,1.1070174941405544,0.09380399018994606,0.7103219973421847,1.1137940806179651,-0.6721639702032907,-0.9538978952786134,0.2847670103568442,0.2520369298956572,-0.1570091171647344,-0.31656821144173014,0.029697190289321187,0.15432413806459405,0.6704207881250882,-1.3402063735888476,0.6916932593661742,0.6454449121742935,0.2683881057555351,-0.24437424253401577,-0.7261274354030066
SYN3_0226,0.02104804352799533,-0.6548292871017003,-1.5103021316130671,0.12401633741295184,-0.7648499047387519,-0.9990067055610956,0.49603718309462186,0.7707790142384916,0.44357592887893327,-0.09547988615330667,-0.36856322232595706,-0.09959693826371976,-1.4992259005376907,-0.46499076106643245,-0.6052737282470768,-0.45185100355209884,-0.8645181911781387,-1.429637403705506,-1.0453188416460697,0.7049097161916595,0.23666026568049428,0.03210232123070381,1.2308667547669194,1.4679482710390426,0.11993600422306851,0.6526857766841073,-2.195243160441513,-0.8414065017529947,-1.173526618598252,-0.6490428941421914,0.8385437221264729,0.03595996946393073,1.3684683542842357,-0.2620649962080676,0.5122763957841099
SYN3_0227,-0.04762226190135944,-1.1508743212055972,0.1416007834521702,-0.18004563465721712,-1.533410356011189,-1.8714698292407932,0.8221666497423923,1.3778583467532413,2.011243562705641,1.090482460665752,0.6512538510185897,-0.5209031270093085,0.3738864950214491,0.8127252343706438,-1.5666734577335522,0.8476599806842572,-0.7404116834953262,-1.310847795385958,-1.9601086980152012,-0.9256253374058283,2.0963450159777643,0.7014621822815424,-1.3551761392685937,0.3837135888109435,-0.3200727758971704,-1.1280167614977759,1.0009926206521165,-0.18875272866610843,-0.9207103173984942,-0.11303220813093305,0.7332274519726876,-0.13593474285567606,-0.2889258373381575,-1.2445200195998278,-1.1864599849040394
SYN3_0228,-0.8287208423397595,0.9568928218865095,-0.4186437437982172,-1.3649472380765424,-0.7753227856864718,0.7473046748052032,0.18755427486278922,2.805818228705537,-0.6762139102778087,0.03980054633088856,0.6288526465518302,0.7475219162228327,-0.5736620150571846,0.49189270533412716,0.3016959299180768,-0.10920171075172151,-0.15839767544422853,-1.044378550717387,1.8003329578022846,0.1882449114885349,-0.02920260717092916,1.1363132776816944,1.681959790691028,-0.2934965828026,0.07353190645401626,-1.2068392920076354,-2.2215197297322895,0.7795045586592261,1.4640690275146109,0.7082750263046369,-0.4468417456911638,0.9950417525135372,1.5042645907578593,-1.1071834238714278,0.16607394842028114
SYN3_0229,0.6421567060835525,-0.4135384034218462,0.2778062918083547,-0.18928205800632078,0.1680483990007302,0.19978625183553067,0.2082028587938818,-1.5445166692490808,0.17289850745753382,-0.09202024631003691,-0.2845507498322305,-0.6575630756391955,-1.0941962906257916,-1.4941997778552014,0.49102663021143067,-0.175407915650862,0.5144150546826899,0.8246907876867008,1.884324202350613,-0.3501104193910952,0.30411885797042815,-0.9117842087272818,-1.7862882335493933,-1.1647894336577937,-0.5748206762571451,-0.36627802485974414,-0.2466630225605937,0.09209607749995863,-0.14583049179768953,0.649766646490449,0.9139964610568533,1.4200441929463532,1.1788257000751197,1.066123882530101,0.33005772308149967
SYN3_0230,1.759286995899314,0.3020039191210415,0.4710864021544596,0.6207981208235246,-0.02597078946380046,0.9211858879694035,-0.8552997198184111,0.23883736908873868,-0.6105789769801625,1.15367492382606,0.42371874229203865,-0.7455204969508814,0.4582924544664458,0.43140003789702863,0.13025885108713278,0.8826116234891573,-0.06742364703892073,0.5307206668526452,0.10530266284452483,0.6881177462894511,0.6183382927585896,1.7935075631058293,2.377928067437569,1.5511705956135586,-0.09930843256487555,0.009061176267035379,-1.2421372015007324,-0.22287480765164322,-0.4042487357109182,-0.11410243877274746,-0.609533702818231,-1.1623215484851777,0.5692055180941589,0.8673543681498747,0.47955686090549526
SYN3_0231,0.26065439725654765,-0.30477894308073417,-0.7143399801864904,0.8933347239362882,0.8892569096688557,-0.1829864774072118,0.36525050309130036,-0.3906925177413533,-0.7416798551300453,1.1244673939755339,1.03725149067647,0.6683905162959188,0.019966896549847245,0.4466847848353853,0.5219005750922361,0.6467723059196191,0.3090565952958157,0.525181756433184,-1.0556135947120502,-1.7589240448715677,-1.9506973053583967,-0.5453359628111537,1.27642544263041,0.15018970684416116,-1.2812357817297801,0.4905288120512796,1.2003422449155507,1.3689554112867182,1.0667904111558835,0.40550138695680255,-0.27829446252481715,-0.45493513101240907,1.2106224061722595,0.18053960652130965,0.4803726910405365
SYN3_0232,-0.753628798048948,-0.428069199773093,-0.7276388525443527,-0.5098154082577324,0.2984178048910667,1.275318302163466,-0.3464566475690534,-0.9954373746148537,-0.03361980257735717,1.1548309218330517,-0.6015728700985483,0.34055997071726146,-0.24636141899385922,-0.8122102171516976,1.2843510845395847,-1.0856444827459613,-0.10241832858426755,-0.2953253414982994,0.7797645038780714,2.0990522135143164,2.6729769821648146,1.5192402878420221,1.3145228285173818,0.16185878362991324,0.6123100146047951,1.2300246317795263,1.7938587037634708,-0.17118634168161417,0.3173211248639568,0.8609625635259439,0.21068090149226876,1.4551469611516317,0.262214434731212,0.31536933843552384,-0.3826057818659628
SYN3_0233,1.041310340890475,0.33877576955226046,0.04114916248210278,-1.130640053199719,-0.6748567521721521,-0.054514779360650134,0.44929958199581266,1.002348428408492,-0.45783627867613735,0.9364558034354548,0.014703945006695994,0.9052929737682793,0.8918722397956632,-0.8216596453008045,-0.22017675024091488,-0.5673634770100113,0.09444131338622568,-0.36289760255488124,-0.8816272892372653,-0.5069981906659902,1.0552663043864892,1.1176956986026119,-1.5551764798183394,-2.0816837041890657,-2.1409459114346796,-2.5396333060184584,-1.053811223411384,-0.7665673192994027,-2.358210966689456,0.5903708527772892,1.463637388834624,-0.6718887678864064,-0.8258550205896079,1.0092791771688048,-2.08132444111024
SYN3_0234,-0.5507115470050005,-1.7075099391194501,-0.9846449959839016,-0.6266134299600674,-0.4591281863218781,2.861815749396421,2.3006494770778776,0.4055085499357359,-0.586596789418588,-0.6793386874250789,1.1979331448798918,0.1385530078748251,-0.7936781547672129,0.06591583260344307,0.6419992969598425,-1.3026754645274596,0.33877739975879134,0.4628650025346862,0.04580370977898799,-0.9056854389837352,0.12309062725837962,0.2505805589514151,0.900087610324826,0.06332407425312986,0.7995159743199748,-1.0638774520998597,-1.9862218212224683,-3.156226882329662,-2.094822138522164,-1.5069225457094562,-2.1430287853855017,-2.3678910730420166,0.10258647551530133,-0.5228347920844261,-0.9036759597441819
SYN3_0235,-1.1310996379547043,-0.4226153824069984,1.6125096464993791,1.383584438867773,0.24496042398008486,0.8022506207940993,-1.6942480933744144,-2.4661752341451844,-2.082283748828988,0.17600187747128135,1.8089173414696138,0.007280699596618994,0.3598601882750185,0.909154661785328,-0.5873674356774825,-0.07967367827098572,1.140434349515677,0.44344698735435656,0.5429027490966206,-2.414078091286151,-0.8594872909417376,1.1226490113064893,-0.0038327850122015132,0.675877374002779,-1.203246239577632,0.29161329754847903,1.5788473331001132,-0.08089724271547732,0.3445143751122614,-1.001762695729067,-0.7136881153072164,0.7835327917498562,1.2453899688285996,1.6002242095083234,0.0947996983704803
SYN3_0236,0.686007171920317,-0.9885093791451199,0.2659210989315342,-0.27736132442856165,-1.1740002310484692,0.1529054155739961,-0.862096532222851,0.1577540671622427,0.3827167853646161,0.5062307270748738,-0.8009170971982473,0.6701529166662289,0.10314021020637233,-0.33645460736091487,0.15034712182996834,-0.12527263978556816,-1.5145094822459475,0.14816184164396734,-0.4737330614781663,-0.32496073497278594,0.5300140292696865,1.063775638274201,-1.1676734363306291,0.6342134550846613,0.5316471616859565,1.6111605084394849,-0.5148966080132203,-0.48748618552678896,-0.1654493077051227,-0.7634942505184548,-1.2396028634489749,-0.6322822429138493,0.683296186459858,0.13920605440761927,0.8425306508413821
SYN3_0237,1.3383485585634436,1.5734153501349948,0.10073293266648731,1.0748013561799459,0.12974143701971444,-0.11398093728765395,-0.006965116533861925,-0.4226995481144508,1.093327805888513,1.5517659510771769,1.9422329621650571,1.2083723547936815,0.11923327395166188,-1.101408522103177,-0.9776893674506401,-0.5998184664350629,1.4056160633904253,1.3774368857033505,1.0698568781774138,-0.5084723163455347,2.043663615762816,0.6387502752985357,-0.16751447111118753,-1.4416611697457402,1.0272170832850818,1.8359691832407978,0.826571626313594,0.26421384603694814,-0.64519808015308,0.6718930360611439,0.2056524822451535,-0.40654355410185505,0.7775134956360277,0.5770865781491087,-0.017389321858730697
SYN3_0238,-2.224110216932325,-0.6629456491936678,-0.2006199043958644,-1.5098114252690407,0.29602448985125834,-1.8901742550241232,0.1484606957823675,-1.214848362568242,-0.02574297970973704,1.4834605806741965,2.1549435215384434,0.635602439162247,-0.1695004302207676,0.3538731425797347,-0.28981520057770926,-0.6644657517328907,0.7933007167176299,-1.630934339818017,-2.513572876328482,-3.2611094842238524,0.7946147576840732,-0.0071590611150336315,-0.6110042826005352,0.049277894143282416,0.5824986287987863,0.7564188967552687,0.22792510412414269,-0.05919141147836751,-0.9864183299203083,0.18715954368640428,0.21472756162862516,-0.6938181691004759,0.42826027725667576,-0.4828062367012809,-0.04077999632719983
SYN3_0239,-0.36619857459750976,0.38695884625755367,-0.04048064429486357,-0.732862779650413,-1.55203371021146,-1.1873667208491616,0.8315571639715112,-0.16971237851707796,0.17768953858844325,0.40382095695500847,0.4953693221357489,0.6362811114804483,0.6306793590701765,2.641237640489529,1.8805480324535033,1.4869286155019013,0.728410098937978,0.1597204003179279,-0.9176384041849459,0.6961129223989102,-1.1750622682050595,-0.5839429247562641,0.17013844504682,0.4663134471165992,0.6827477145415626,1.0155164064155984,1.4375523974754825,0.6592079250322612,-0.28837471376460455,-0.7785377054588768,-0.2360871432048276,-0.8599489459738239,-1.091371484586252,-0.31834272972347416,-0.09284528331523671
SYN3_0240,0.1358061523674453,0.6770639903236264,0.37093086087233057,0.34258869742518533,0.40382668068114846,1.011036719070275,-0.07246448443586258,0.27237627046480745,-1.5715569860902443,-0.8157973557275889,-0.6314049583287004,0.39976632994849515,0.581946012387304,-0.2885526202389443,-1.8074706471616888,-1.0764554288803514,0.5476439659844096,0.023623159310675074,-0.5399252264595595,0.8074061888272978,-1.4395980433763083,-1.0209339648510292,-2.6400478140583643,-1.8049311894053692,-0.6962691942379786,-0.03906208843791955,0.47094120829528074,0.9157806528212801,-0.556662983821368,-0.45583074415907043,-2.7934082150061603,-1.541790762653068,-0.24928248618250648,-0.38392451694972257,-1.1872351957556602
SYN3_0241,-0.44483506094158426,-0.7648178563532597,-0.952278044764502,-0.6251755074781564,-0.9035364437229076,-0.7323658140795023,-1.3057208208738575,1.971804023529795,0.7195306779392884,1.9502710308794842,-0.31535439715100655,0.7447405578817085,-0.5009602529930949,0.018141951341658198,0.6226876511000784,-0.620340989966056,1.0661418522312123,0.5625315054654912,-0.30447450810990506,1.028690300537293,0.3696769219719671,0.24198007085387385,-0.6427435669823088,-0.4133554665519136,0.26486608090513736,-1.598737249371087,-0.7686214536041638,1.4998491011075787,-0.14027039191573556,-2.0021024396597777,-1.3856242127504035,-2.2924125909332727,-0.7171588251590642,0.13883262703967458,0.8115750871067051
SYN3_0242,0.8538571001038818,0.7761441037417285,1.3233780868100637,1.239676146560872,-0.6090338236860335,-0.7900700132901624,-0.7723849357458868,1.7041635175002057,1.332119071715408,-0.06992031784747332,0.41321762293392167,0.5439698907195709,-0.9020454002372283,-0.1849700297964247,1.1002478843337182,-0.1324497307687354,-2.040067966936357,-2.5104604131076043,-0.8764521447558592,0.4229103773946575,0.7903780493309622,0.2159339688471214,0.9967378652052563,0.8797628409889577,0.5027227801065705,-1.722719699479938,-0.5120998400440955,-0.17323270696509638,0.3099219609889573,0.22842175248379196,0.024385397743468144,-1.0439870262174589,-1.0065101687388671,-0.3310318602433698,0.061236298588576404
SYN3_0243,0.6607263939658718,-0.9608628658212428,-0.11049666184413691,-0.29971468576679217,-1.4508291131404458,-0.7373235227664078,-1.1731621469680844,0.22823340829926891,1.5476966187580385,0.6195005121829295,1.3097985850674492,0.4752465914570441,-0.32291691485633583,-0.6312108454566296,0.6557039627996142,-0.9330741094517822,0.49397327685593645,1.3712107362112922,0.7866161031331761,0.5884395705255687,-1.3509687394299528,-1.6631383326145164,0.4037852207512778,-0.26185154751398504,-0.46994018856389796,-0.6247538111354947,-0.3846271845207319,-0.0018240804892463113,-1.6061821464405561,-1.021407941298377,-0.7703002381987372,-0.7901924102739486,-1.6384802428018725,-1.4945942546129427,-1.2925462615382972
SYN3_0244,-1.294825075645658,0.8100807791789857,0.2685537680318945,-0.6065142198636059,-1.3029774056033312,0.11403264176515823,0.7643263794082805,1.915782486195241,-0.7352457764075845,0.6250825135189157,-1.2215279853173322,-1.8052854663269151,1.0124444003999988,0.010497621776405853,-1.9965971710754131,0.43703686841472716,0.43616301625664144,-1.612637262257676,0.5922192901297443,-0.2039423793694757,1.6337296722838028,2.206354924704172,-0.06955161353030274,0.39489947605388526,0.8446880511541125,0.7194457020794707,-0.40098768740953794,0.9151712119540008,-0.7217310380949632,0.6427215990416102,1.149759629153643,-2.130091751865253,-1.443934315556553,-0.6810866947478745,0.653671935291877
SYN3_0245,0.23359786832015905,-1.0499374882367625,0.5956203447091241,-0.08962857351690283,0.6398855117887856,0.5384087079615631,0.14433330751821646,-0.7324038084905278,-0.2960826455830329,-1.2159760026201825,1.3457512754490537,1.306084304974804,0.302475886681477,-0.7848156661613754,-1.4093465324888599,-0.5556025741068732,-2.5896892691234217,-0.5753427253190958,0.5571941931474496,1.627122900855136,2.5867266292976896,0.9769657123606902,0.9117038821366024,-0.40807364942462815,-0.6497298352799012,-0.6711956282959242,-0.3210034777520463,1.157408077944965,0.8008590072336518,-0.22247550941058275,-1.3528311033529068,-0.17299041407168733,-1.9791991288945168,1.4318487332241552,1.1651109801809518
SYN3_0246,-1.2317424580730165,-1.6149537854195672,-2.025213475423098,-1.6274164654239243,-0.9333771392629445,-2.0084113771891734,-0.3231675635360812,1.1857202434814398,0.27795783618962,-0.9564047482587704,-1.5389675543587054,-0.6743606507833927,-0.23882269833176545,0.7304677785687061,-0.03665128164774074,-0.09784846358277256,1.355700343793962,-0.16511104287801234,-0.7160033345450659,-0.2816175608135019,0.01113360261254343,0.8668101029843286,-0.7527029743736272,-0.4042294474863265,1.197129335715561,2.6653712349490597,0.7712440421383303,1.6111773931823956,0.49768387806066794,-1.443037000803135,-0.8949767608305359,2.1252604269782087,-0.6210049432685664,-0.06795681845120596,-1.6648660222104128
SYN3_0247,0.5422724227281603,0.8058181502788824,-1.9057274985845332,-0.550548934526586,-0.6432685880966194,-0.2931470431123147,-0.20197380801091794,1.1387546904370858,0.08644441761845748,-0.3551022092838285,1.5373736283950432,-0.32288408185574985,-0.2673736533933354,-0.05409601638023638,0.3911459873536338,-0.23796980780502947,1.5377743161401314,0.44027013696564116,1.8359927474434121,2.2749235068475695,0.6150924467589669,0.04567559608191719,1.6863233670356101,0.5644600037047707,-0.25364377428129353,-0.04739721039696797,1.0562326650406928,-0.38313484279002963,-1.0674218175471915,0.1264173638531899,0.8794458479755173,1.1418658051489858,1.4403700956498708,1.2412832145329569,-1.1519470953332007
SYN3_0248,-0.13875341260549862,-0.9141332930845292,-0.2069778613666424,0.31826634840238055,0.3917189734366197,-1.185728218053634,-0.1706212593920156,-0.7400748108784334,-0.7791927109124082,-0.5152896764350511,-1.5924140866629455,0.3143480125089558,-0.44245704494813204,-0.3005916184027549,-0.8336663178775671,-0.2801312062968187,-0.7385940876338265,-0.36492291907758856,0.9646450646940872,-0.18328366790009817,-1.7381569697434662,-0.7775028116997724,0.1023130266463843,0.14428757624989977,-0.1057636189086028,0.4923609535531421,1.2405008050024935,-1.5772995125132463,-0.36125006800985704,0.4332466915608606,1.7033519750664274,-0.04580765887000665,1.1415319831242983,1.4972024532899844,0.759484281826532
SYN3_0249,-0.013264001492637999,-0.3749465017776142,-1.1199570032682988,-1.2271044223282186,0.03374174444950547,0.16785582322371087,0.3011158724684059,1.105989581958427,-0.2726233920356538,-0.2804939461384326,-1.0335930447219375,0.27844110594069377,0.6457302857316329,-0.7170160945990033,0.021529555180246684,-0.26019125999236237,0.024712614115540835,1.0891857813562384,-0.5312587740043923,0.541613322942734,-2.026498497734366,-1.1589560864596213,-0.047567716403128575,-1.1476719280065386,1.6137466750231075,1.4300713012830588,-0.12884158303770613,-1.417464198372762,0.005162808338735052,0.7537171535075446,-0.30418409776018446,0.0833156682916109,-0.1660408782349875,-0.9924755399133707,-0.4659809877136354
SYN3_0250,0.1446363565628921,-1.268299423473542,-0.3020012481227395,2.2436909544381014,1.2423571268972533,-2.8832897538382287,-0.3794692680457584,0.009261734952794594,0.19641466877391622,-0.5224114891245768,0.07802591923758907,0.17590415127022865,0.7149576594811466,1.1160481681897718,2.0304065764520978,0.9692115865647367,-0.7124308323152587,-1.0605171472356951,-0.607585246671315,-0.8014703258750183,-0.961519704149957,-1.4400781057198828,1.3757251450222627,0.9021547066161972,1.319723940724938,1.1207857251041125,0.3142222667511208,-0.7768618697240051,-0.7856870925180321,1.817582519735298,0.19087311941694127,1.7179787042753991,0.4020058620100264,0.20575737955543782,1.0654635148290605
SYN3_0251,0.6067410620655611,-1.4641596377179622,0.35134035598762386,-0.9334574491183376,-0.016295489576850942,1.7296303983962638,-0.5950188012018967,-0.2933444919147673,0.6484411215634936,-0.5325912284906162,0.6200495278095294,-0.15182942311005532,0.1965867294886153,0.13753146466744692,0.026001005571019652,-0.02978616038084284,-1.2462213542915639,-1.9964639558105817,-0.599736088982463,-0.17958458326210733,0.7206143843691815,-1.3743177411181031,-0.43016243487665035,-0.826760623898966,0.0601420202602856,-0.5280127615380039,0.2683640355729905,1.4625040026238991,0.9937633410456831,-0.5561598554779128,-0.712808969876252,-0.11761655546603529,-0.5452322046846824,0.24411380529581694,0.9099998346762512
SYN3_0252,0.540315012011521,0.06306150254684975,-0.490908674123197,-0.08299808819118137,0.5049064441716482,0.7649720536218534,-1.2398460123608623,0.11644599695256486,2.116228844216213,1.5399560053744683,1.285711840748778,-1.9985369194112796,0.20289248513702834,-0.70165430344946,0.007073389204437327,-2.6352154618556636,-0.536088645282547,-1.2304313068915598,-1.7948140857811745,0.510526493794551,1.2873359615022884,0.392102230398596,-0.9194910263803486,-0.15346902432368925,2.474435630398086,0.4362249517776804,-0.09746564668203933,-0.2592563810979002,0.08315003799472326,0.49271041968096396,1.1177947111783193,0.21938820624080838,-0.5909221254007363,1.423276474852237,0.23414497478643614
SYN3_0253,0.6130076844429533,-0.4480591893452352,0.5783362674449902,-0.4219252256333305,-0.09805179887507079,-0.11003545437782906,-0.3718080461918436,0.4664021903334042,-0.1607236764183031,-0.4752868121386809,-1.298648720289956,1.1900571464602363,0.1595834228169246,-0.774625094870351,1.5159319753178873,-0.03173202117326929,0.5320125500174934,0.11558585604445731,0.9518413735574509,1.0987069036348722,0.6150794779302016,-0.620532679063191,-0.5300019974968745,-0.6366229976232919,0.5066730169769132,-0.08807551816817742,1.6520166664606606,1.5883124833786475,0.04394607629557385,0.9033689260290636,0.11658543327420942,1.4285774095755155,1.4607027423840464,2.440743917126945,1.3893005345039804
SYN3_0254,-1.7256388521146118,-0.8847808785817459,0.14751137208334017,1.7478875398527427,0.16307477075380802,-1.158151416912496,-2.7583534482269476,-2.3255379695514202,-0.3286875069474832,0.10613743597552744,0.6289246836899024,-1.3130827830852865,-1.1536607760570579,0.05048333098057813,0.8080541690582367,2.633640868726382,1.7823576957343719,0.7285740035839258,0.9336762727445427,-1.0584116749969532,-0.03836093793356709,-0.297063531140698,-1.0968587662370155,-0.2819270687029723,-0.7249592052060978,-0.706141850723215,-0.1802785105334301,-2.398589065725119,-1.830624295044462,-0.5288848213001067,-0.29872806142281527,-0.12006574571040614,0.6287608737693612,0.15129397407486214,1.7831914772059176
SYN3_0255,-1.1568771358556689,-1.8326987324999016,-1.0154161542060083,0.14754542473082335,1.3419655199639453,-0.8051915921073567,-0.6277935963323348,0.5839082925417632,1.514670046318878,1.1707887136087,0.13645233845695956,-0.7465402271343251,-1.237742845896628,-0.8885163612183627,-0.713870729959791,0.7520493451681676,-1.5287744492892277,0.5664901844682702,-0.25227389583239185,0.5305481370724127,0.6714387567882627,-0.02700721130103953,-2.4871238025898394,-1.9377156750598044,-0.5905028933956988,-1.7650386167549812,-1.9289018278285923,-1.6020718299439267,-0.4692856086336723,0.5691902665667609,0.46829728158186024,-0.2687736531496336,-2.176739162836547,-0.7448624211656388,1.2262859001166695
SYN3_0256,0.9478687617486625,-0.9376899742381934,0.2155290150159301,-0.15204128849590132,-0.08344362964312795,1.0465795283762198,1.0118999629087198,0.15555864135814676,1.0370665364988454,-1.204496848357027,-0.07552599816725473,-0.06832017510515738,0.9614273161893129,0.7490968496083127,0.6755719991163938,0.04498502919201188,1.019286096474624,0.04130956352625542,-0.6138278279864736,1.2270975473892984,-0.01975802931138319,-0.8252225258126205,-1.1962603595426118,-0.269152562565629,-1.3452278234794968,-0.9069676831961542,-2.1684507804260034,-1.5213174496754613,0.22149651080181834,-0.11674887572898074,0.009775770978051638,0.33998171113373266,0.6805524308875716,0.8307602407994913,1.3805615999818628
SYN3_0257,-3.408241581644213,-1.4108159898837913,-1.8903484679917215,-0.04558137422968093,1.308929099813759,-1.410217481180065,0.24114003230956363,-0.4013659232084265,-1.2310670089896438,-1.1694117795563563,-2.923728336037503,-0.5823861614679936,-1.5058520422804527,-0.7749335779678873,-0.5085365298459245,-0.7945189807284296,-0.1514016026506129,-0.3661161979432614,0.30260001800005465,-0.9339704821112241,-0.2642940338655879,-0.014338576587379298,-0.8800220833997544,-0.0891977294907085,0.5170137835455314,0.7441274543422579,-0.048310074208517594,0.0108056204828341,-1.4216054102596642,0.6227456029081128,1.131376722002945,0.7732085388886378,0.8228476786968694,1.0583398870718672,0.8863952895176631
SYN3_0258,0.08872899114439997,0.7792285475949443,1.6430311833855518,0.36829626906189833,0.13250608901513794,-0.33278311423338924,-2.016493860542338,-0.6138201885490471,-0.39567418010397676,-0.7664771040865321,0.2147829218661789,-2.2423503253018056,-1.5900946525223831,-2.3036040084189495,-2.349787955264031,-0.36997820016670535,-1.2301637659708804,0.449616666931238,1.867602864383046,1.6406823183988704,2.3088400860816782,-0.0784938320306602,-0.4023671926489845,-0.5690999570978373,-0.9573824035156339,-0.5291621966547153,0.6492000536053266,0.16415428465084692,0.09408880615699991,-1.2622311834998559,-1.5140298414076498,-0.8955729439703318,-1.0845530448592258,-1.1798024908012705,1.3419832498511568
SYN3_0259,-1.6752971944224153,0.9813513017140635,-0.45491737357566747,0.0416687141387552,0.6697981095896212,-1.9245341132721532,-0.9598299909701645,-1.7189287490742318,-1.1772909425502915,0.07598989530163712,0.5528249936928777,-1.0781646642947513,-0.16516997721079474,0.40606071030988117,0.3207735963875597,0.30405399595876764,-0.35456831648500053,0.06934837679531912,-1.4425032626227587,-1.1056792576990802,1.6431355891323156,-1.1084109141642988,-1.4055074658236428,-1.1275988585136987,-0.19294097088222248,0.19320064144733423,1.8063179880348386,0.6719190740455215,1.0299466188217958,-0.216181332502268,-0.43271468484218006,-0.9626498040369484,-1.0781044648309799,-1.2958461923375018,-1.3844700001203396
SYN3_0260,-1.493531366615142,1.031386617472786,0.2528991941050239,-0.11579759871110892,1.2092159366955482,-2.3426163420712944,-1.196661217216402,-1.9089199873585665,1.0413718372754202,-0.27227427420551487,-0.31932792714954333,0.9268147071466454,1.1235580745859586,1.0963072997928205,1.0157430253137234,0.4799310023845219,-0.8449694919682897,0.14070456396650072,0.6408849350084881,0.06613062681014024,0.17168772193510046,0.6926353471100812,0.7899710293403641,-1.650419853444411,-0.5607942168127623,-0.6151945276937154,-0.8670663932324335,-0.2585437446723738,-1.1428757101649711,-0.7797294133920036,-0.09493953550855544,-0.5153885508869669,-0.8675363070417035,0.2803554624197183,-1.4451612585370426
SYN3_0261,-0.7955569435547275,1.2640643947260264,-0.4157120817909737,0.8616644771867512,0.09954107751929644,-0.08778895682527625,-0.339133324059918,0.547256117496969,1.2659568742954614,-1.7879062973660715,-1.09143423937421,0.6492029191098541,-1.0578122416844014,-1.3911967213274061,-0.7448164363426519,-1.072092952242959,-0.27822833552538495,0.67413063787253,-0.31654431276550693,0.11842790892905966,-0.17481434231943083,1.0477393924888083,0.200517548791829,-0.10585870802810342,0.17988389808883645,-0.8237003529490524,0.27354213944050587,0.9246717473112978,0.5072424481563903,-1.1881549956759758,-0.6467450494835523,-0.5854390396020196,-1.264957523389155,-0.21696952642283218,-1.6521827685415142
SYN3_0262,-1.8828330727063798,0.18422232790936022,0.3756861224998971,-1.300988638356996,-1.0225739806330443,-1.4642249707729909,-1.5085876982265518,-1.0206276109396102,-1.5168001333662287,-1.7081002064594737,-0.37011781883021305,0.7537861132326102,1.8592338557542736,1.1877716542616412,-0.5904538040164693,0.8044996372180591,0.18515157178123381,0.000735239347151203,0.39954433073017454,0.09145689053998832,-0.6649375780309801,-0.3462036404213921,-0.41543085187115486,1.2438102396813804,-0.192878638763375,0.4030672766644688,2.215769061395747,2.667330602096581,1.1268426605560415,0.4013767364496404,1.0373684009897894,0.440684890087508,0.3617518388292393,0.67349603085278,0.8056007669234913
SYN3_0263,-0.15724409851216836,-1.0375624419423157,-0.39265513748383407,0.5544408245411485,-0.4879903685809111,-1.511199926299125,1.326489865731182,2.8054029450205284,-1.0445578488302532,-0.647007963184269,0.5933577334359816,-1.7877404776906514,-1.231762732070447,1.2224116574636708,-0.981344723715905,-1.056535515640614,-0.7468232434863875,-1.299077061998389,-1.5044548120160948,-0.05519093891658458,0.6630998250084927,-0.7492228657594342,-1.772659782002107,0.2703202293290919,-1.2428205766708438,-0.6828443658512482,-0.22028640975782304,1.01771193776748,0.3770662355155431,1.1682761238918606,-0.3935279317033587,-0.6559353734013149,-0.2959349416651888,1.4187457698859323,1.4378542221512898
SYN3_0264,0.7653506727813976,-1.2315617557782568,-0.5795141619132766,0.895919536233174,-0.14675399471219916,0.560694845623519,0.4378933492553521,-0.6006712400774851,-0.09788833512774163,0.6758218191372724,0.8296597688072058,0.670610472586897,0.04873425321972921,0.07568094331828257,0.09281237851649725,-0.2164962348930516,1.2066026755791763,1.8422797884013111,-0.08376669557939044,0.07968472211878827,-0.9699458402861376,-1.677153578110054,-0.25974187253602615,-0.590705045592054,-0.18761621360479414,-0.20757794938054702,0.9473960969956223,1.2972763829606575,0.09959782349027188,-0.6021435104358391,-0.025700733894608203,-0.14231771125567538,-0.20553369821893105,1.296649206196124,0.5713361918247324
SYN3_0265,-2.609222665011968,0.7951558560922682,-0.7319496520627459,-0.42762094047025584,-0.9054149358445494,-1.5774417634279132,-2.3416335656599743,-0.9509694890521215,0.8908582988955422,-0.36126844437834654,-2.038357236438231,-1.9428524285474462,-1.4190248553361777,-3.026480031214128,-3.4651949562193134,-1.1829712504875742,0.2666978716124473,-1.338625289038846,-0.965858544396348,-0.8148473000365073,1.5595185931447069,-0.8276303320374451,0.567668166923931,0.4756342475658541,1.7104224152457104,-0.27451905141711613,-1.2741133271415208,0.04503389010256461,-0.7597201148049846,-0.9381055553742168,0.24976873532647262,-0.751254079324001,-0.07509447488144931,0.7803102933689048,1.1424412588128752
SYN3_0266,0.26995350646593125,-0.6414393278021586,-0.873466253950727,-0.8809910538126301,0.5075571213609464,1.5552608131419445,0.6188785317774932,0.9624058930715866,2.539576645208622,-0.2572461687647972,0.47319446471970683,1.560099949955825,0.21095792364717705,-1.8254626198161623,-1.6209564427489414,-0.4500749393090777,-0.4163322808231042,1.0005896982412308,0.8452125083023114,0.04943786169568286,0.4818601574575583,0.9150537874287777,-0.0009204945292510848,0.44779971127347135,-1.4049978506521308,0.21105910479530185,0.3853923781503212,-1.0595109101578002,1.5712531623553734,1.2870982561728421,1.0519387467926988,-1.2321695559306034,-1.0148844539736706,-0.1924239827211265,0.009013381975670247
SYN3_0267,0.8166093769640285,-1.3654591329667392,0.33380323235435266,0.056769983469728176,-0.14778105395318625,1.2926115328612175,1.3367307783070868,-0.32201772514754645,0.11680837331729695,-0.5679676071167293,2.563607295086729,0.8128963811148949,-0.665113751266973,0.45710333510730994,-0.1934212994018702,0.11750038271336222,-0.6879498839340177,0.7042065308546928,-0.70392792676108,-1.1914969679922254,0.5827731914262395,1.1779602395725757,1.1049683358982483,-0.3277383510018393,0.11409153622719671,-1.6827770470850625,-1.4456677957600697,-1.2998787407323809,0.060007292049046826,-1.1794661023077193,-0.317764095432104,0.2951793502908926,-1.17308559266957,0.2240471181748585,0.4650473601486762
SYN3_0268,-0.0029022135586666267,0.5538137188590311,0.5823478223992364,1.151034602310303,0.7088659209551841,-0.65676604538784,-0.3725361131785762,-0.7694682920826328,-0.920770500460165,-0.8615142056811621,-0.37547343293328495,0.7956818976513438,1.3020598282779554,0.755661914774779,-0.4338122118649145,-0.03742810872646254,1.1842616730083142,1.5004932689597907,0.8279084744082356,-0.8593534131379745,-1.548021837093834,0.08023470435741448,0.42936779594497254,2.482435340617514,0.742995692344672,-0.16166003194045336,-1.222121505677722,-0.7604081645465781,-0.6397113865720786,0.34588873788240404,0.7612954339180218,1.3796510496369905,0.7904559221638614,0.6676223112051882,-0.877558385262
SYN3_0269,-0.6484173947428352,1.1619938616833179,-0.5949368897810026,0.3031482926117297,1.1134322764641977,-0.8234338092977197,0.48808757201376674,-1.1696734783977607,-0.8608373172131707,-0.6907712183560994,0.786106652870306,1.4146722783488077,1.8262049995959875,-0.5461291215318136,0.044828319918594255,-1.4549392828946097,-0.2564981657739696,-1.184336921523385,0.127577561968628,-0.20205174838708717,0.5329738969105687,-0.6534411018513252,-0.6416326028151267,-0.9776501083987656,-0.9775507717981061,0.6583054039636987,1.387906200817137,1.4654276700151192,-0.7196413643343016,-0.0028777350602926404,-0.05464339189143794,0.09144747760935262,-0.835568406256498,-0.942957369239381,-0.8993767970409173
SYN3_0270,1.183343979920586,2.2084533334430287,0.16849189301584255,-1.1953906026063887,-0.9731937822053943,-0.6931710074890141,0.2965966042015318,0.27553139769687945,0.4101482022318699,1.111172833763341,0.9130802138364603,0.13364877921206625,-1.1887038766103823,-1.0709942131698824,-1.3322124547414533,-0.4580582400832842,0.19637647212735085,-1.2339696107634268,0.1906649302401178,-0.1627218866667187,-0.5997483250602452,0.04860513241139845,0.2713609183881165,0.14572520923274598,0.5301546059601874,0.2115961520623328,1.3351526985792936,1.013728826483479,0.9737647367199996,0.3434916082478408,1.3845117990577644,1.210919637727906,-1.042375311263582,-0.8599178101366235,1.5899918432224405
SYN3_0271,0.3018360755440757,1.0862578478309286,1.9719645429379782,2.4288034070922313,1.5946095118165653,0.7714652801980888,0.19311112114105847,0.3449426481910723,0.8312109031024995,0.8499296117086136,-1.622758802136149,0.35047650157783344,-0.5485166138132902,0.2386676359726779,0.5329043718313858,0.4652104653583176,-0.5587994725129644,-1.9285483469462346,-1.9892444116409773,-0.7376165043726232,-0.8908497531751896,-0.7129532938859977,-0.7875361924675557,-0.434018582958037,0.5312917126431098,0.19460944780981135,0.5936629070644808,-0.41136785085492034,-1.1683801899522643,0.03008262030624748,1.27722535376452,1.6423518943717326,1.2120503449434552,0.5643271762977092,0.4136975763662521
SYN3_0272,-0.14891466781942878,-1.3051495164659956,-0.619631388853436,0.22288436776266363,0.6461520388139224,-1.3888867171100305,-1.3861397281907288,1.2277215060111841,0.13428092131913633,0.08702497981612113,0.0905709296098691,-0.31895226309281527,-0.7835187125018773,-0.5167157640497537,-0.060007402877568485,-0.8846608415766501,-0.580353050134027,-0.08828120213018512,0.6649664841421353,1.6660856181016184,0.42807406728528513,1.0316752535174805,-0.9389986340819029,1.7263472520667886,2.3205308512274865,1.5482041882665467,0.07293402441686979,0.9800229083469739,1.8093911316968725,0.22176716841010302,0.49076133728447535,1.1995154846527532,1.7223264202119075,0.34496127586620984,0.6976355271096962
SYN3_0273,0.8630495486354366,1.0755582547515008,-0.4506276756096286,-0.5141442267004094,-0.044875476481505874,1.949762480242,1.4372610978240772,0.8646472826382563,-1.2890959908431,-0.7242126148821367,0.5298987609183092,0.2111435119574106,0.16386192289656829,-0.41075862907850963,-0.8593251290288805,-1.7814284473555153,-3.1753584350660558,-1.1334251860751188,-0.20705323284920804,-0.7965266343430023,0.644354395687458,1.4172522895218658,0.577985113020812,0.1140871553323531,-0.5867328416498772,0.39250109052941073,-0.44122262203104173,0.30993191036937506,0.017214733941304565,1.36013081941097,1.2359145725918703,-0.42514651944763276,0.7358042104053252,-0.3024308316137814,-0.5199009065411541
SYN3_0274,-0.912806432306306,0.5179277672814492,0.7489835724405463,-2.529666294222162,-0.8736811009937775,-0.2439926422157745,1.2427431622072935,0.21658292786438607,2.7359410219940847,1.2527901602699996,2.464177010401251,0.10735744439960876,-0.1368848911940652,-2.1449038959097835,-1.2426144416428533,-2.344879144862131,-0.648280588781097,1.4802317153978315,-0.114993724967134,-1.3625359018156913,-1.3247530994596515,-1.3210530770292064,0.3116127612212308,-0.0440207784061332,0.22359246911055705,-1.2556748419232382,-0.9605712692637907,-0.04834824606758772,0.027733586128269493,-0.6032173913128542,-1.2536665963723177,0.9669815367944207,-0.6242770249454779,0.2355170442958085,0.05687888018944657
SYN3_0275,-1.5792766234073632,-0.7257897952346696,-0.38026019024073976,-0.848248205644308,-0.9214973594377199,-0.38899807980473566,0.598211066598142,-1.2389601406261836,1.388949883954799,-0.30222506823933437,-1.7343576052007184,-1.147322647715107,1.3295435948553243,1.4111236718552422,1.6499077369206723,0.2822754340597485,1.6124241663016943,-0.40529617450037436,-0.2596390111013001,-0.01436437716055429,-1.0071824559390903,-0.8402324940241989,0.011031123742429165,0.5485627884536729,-1.310192892214224,-1.7629469519176577,-0.3982256255439756,0.3713775133401603,0.3487207580464179,1.1159018489360828,-0.1515410603721654,0.1407969290951537,-0.07206579417700318,-1.276993779428756,-0.10663079454494649
SYN3_0276,0.8649959017435741,0.0761103726917522,0.688893693866109,0.21299390194928033,-0.32415143170016325,-1.2441802987665407,1.5135080720642908,0.1110795529590938,0.6995588128952934,0.557518167457057,-0.24297803483142,-0.9208943975228912,0.5703568083205925,1.4649969161719418,-1.1516309450379514,-0.716591862742424,-0.10214533440268353,-0.2300948546496439,0.41510151055382627,1.1174355536157652,1.268633494760401,-1.2092845795512284,0.018697469831925963,0.8908108827090985,-0.2362846053141466,1.054773972853122,1.288036282961376,1.200116668457967,0.03962214551572058,0.3630405066808609,-0.8899542843733208,-0.8339848777281661,-0.35688097007392977,-0.8683446415222432,-1.306829233437136
SYN3_0277,0.9497516363584474,-1.6769281836086571,0.31254948776266145,0.16493162955244572,-0.08439944677664964,-0.5824463258676786,-0.22490997691994635,-0.29389773103746686,0.026086156335426536,0.516968886847401,-0.4236077454088836,-1.2880463950056908,0.21025052850016876,0.26973562016500585,-0.10944115313847867,-1.67004189529963,-0.631884680771213,1.6345398231799135,-0.779881803556422,-0.7864877643023039,-1.0983637316773203,0.037422529741866314,1.8529283588838437,0.14728894551605523,0.1602585130932245,0.2891127007207973,-0.1308046641666971,0.750776052653461,0.11204186061244559,2.0070365509788934,2.0265387783126156,0.3661584309078746,1.0357820748641393,-0.06340164494321993,0.6800171994795609
SYN3_0278,0.23362357619236568,0.1563390606867948,-0.30388367669199523,-2.083016280936131,-1.2047875753124422,-0.1552412201056384,0.25831840986932925,-1.1262941573800895,-0.9668541972681776,-0.6460596133437738,1.3719021928278663,-0.8750413385831641,-1.533727294397622,-1.7464576100660518,-1.2854169426194213,-1.229667003760828,1.7887755822133875,2.0696249610336124,1.6253842922899784,1.5158446475189715,0.6973571651988427,0.09053050548530286,-0.47309127502233234,-2.001093268632293,-0.32246058339010847,-0.5806786902536065,-0.14534595028302144,0.7328911789870455,0.5603107732225179,0.944791287993951,-1.4613385512381265,-0.11726485968181935,-0.2633610396514435,0.11471474952601199,-1.057596261596557
SYN3_0279,0.4609963396369226,0.9659211685681872,0.8594461183264127,0.48557246821494116,0.5185720300401835,1.4121622828777558,0.17053531192785823,-0.8536036047495535,-0.45004068545297354,2.164085951732172,2.4169489000501296,0.8444916050453937,1.5240508301047304,-0.2538419998060424,0.3250950004019121,0.03107169269407683,-0.04196467216270702,0.7052847205448188,0.5485850594720236,1.5182751150512812,1.0998859364038098,-0.8390886326094676,-1.2323550108548633,0.3938893049393878,-0.13861067012909206,-0.111064597611828,-0.5291591240294414,-0.7672108511638273,-0.9194235910528743,-1.5405495609734852,-2.1384211087788345,-0.7454192510797573,-1.0837217498411038,0.8136643596789783,0.4158614669447933
SYN3_0280,-1.4835760128052624,1.4409678426848607,0.16245674410495198,0.21500947112760252,0.8728238805982279,0.528728122643131,1.2387032404882419,0.4102613310645953,-1.1393096744387623,-1.6270582756184404,-1.3673259229952281,-1.2253859545045476,-1.9356751931553342,0.9624728501140009,1.0119259308426922,-0.07521593311417081,-0.8030474185856535,-0.8711505462557145,0.695536735858415,0.1277969468847038,-1.0303787952486103,-0.7700255238849374,1.4879722716793697,0.3712525978286638,-1.7081352274681967,-1.1278216254668967,0.24564497580572975,1.3625377665231457,1.039139618490352,0.040501103648839104,-1.1584482146974826,0.85064904853519,0.6284081801398284,0.15405396279113753,-0.7474840443663481
SYN3_0281,0.6865644930250007,0.09051813045727469,-0.0851422132939145,1.6010782444719849,-0.5884895082643016,2.548453598073918,0.7438284554180455,0.9083960245763004,1.1495093390981135,-0.1461830471649271,0.16669167489357842,-0.8569736022247828,0.9690862885640357,-0.7046103154098636,-0.3557163406048229,-0.13502859780753526,1.7869273026932206,2.0614263924162555,-0.3461769798903062,-1.2558362422726026,-0.18006074977151962,-0.8872982109026609,-1.4950421203726647,0.6001630542206576,-1.5298541611724221,0.21264392903438936,0.14452731570313104,-0.9401818485157138,-1.710329410499848,-1.5333932746864114,-0.5953249600008077,-0.3285957123847707,-2.0068486135926435,-1.9019764570475481,-0.47518648381223655
SYN3_0282,0.8042352970286303,0.6529070966671888,1.808170973676092,1.1940067658685494,0.7315017952014058,-0.5481993457083926,0.6302079460778913,1.5370315563670784,0.5372657030150177,0.7868700112977801,-0.48695191641887947,0.18132265320270577,0.4368020538660225,-0.5796315996429462,1.7983758936071648,0.6452721791815306,-1.0464900353867237,-0.015105949893770421,-0.4806191198136918,-0.9230954595708731,-1.004999780678376,-0.0815444240363232,-1.4712676782925163,0.6009451405937324,-0.29493114313631164,-0.34788238038063857,0.7604472273180687,1.2106634067338873,1.5437278946358788,0.7810515540698488,-0.5012913805182825,-0.9525248551023663,0.5408694419914134,0.0756270716560978,-0.31726347529458726
SYN3_0283,-0.7105326032405933,-0.12094217285464987,2.5273150138992437,-0.5859716648408748,-2.7405277209221834,-2.005914358032442,-0.6357951630823069,0.30514621000730113,0.5783460545788155,-0.5280868847798433,-0.7069447209506003,-1.1508822171561524,0.17656237233860234,-0.8879232449738252,0.28152502070704694,-1.22936052175948,-0.8856664774453903,-1.7882339128803062,-0.9470396739785023,0.06343087267125878,0.6557907210667995,0.4262452159857452,0.06467467322999156,-0.0883106237954943,0.0677754099152867,0.7757055605431558,0.019507360382221162,-0.9809703564292207,0.5847332379456873,0.9470424353043375,0.41589277662633173,-0.6472356291488853,-1.2373406463442898,-0.8249337223300836,-1.1387957809795475
SYN3_0284,-1.9624360396340323,-2.3272271747752447,-2.5313995055556067,1.5499834839123425,0.3922032263916687,-0.6337584933364186,-0.43708712238837033,-0.4154668226509828,-1.5152179555373262,-0.9271321637148742,0.2847906516808899,-0.8455203222368838,-0.7511389294292351,0.17008430985446632,-1.1469781031215354,-1.0340841293902887,0.42419226254354,-0.5161463590815075,0.6405386387087963,-0.07444986181917994,-1.2092645092720329,0.43088320649472833,-0.00791626644556524,0.8252798262062607,0.4905860761601113,1.7889911189112067,1.9804931179291554,-0.10638895560565352,-0.35288141594531514,-0.4243625694451647,-1.3966250582718962,-0.6924374742577732,-0.681804233044321,-0.40656140554579934,1.7107896196057972
SYN3_0285,0.3148778229859011,-1.0854329959794953,-1.2330799918033266,-0.5705734270450117,0.11636849228004326,-1.4306678068782532,-0.684384244866966,-0.6835668957273554,-0.8752985947629981,-0.2363188539264823,-0.3783314906840836,0.9884548306889351,-0.013739529537945239,-0.25376188053503074,0.23524409433290194,-1.1588274616994185,0.6593486720097587,0.40161929368967786,2.022691917029619,-0.4432671192951755,-0.18253873959758907,0.27514147047371446,-2.0813568628591006,-1.2943686572763557,-0.5614454013234474,0.27489124873177123,1.0685957241041646,-1.072942774149335,-0.556885776441475,0.7741189567546581,-1.2747469856231752,-1.0158884650636062,0.3232447823657534,-0.21508206289761178,-0.08791628175586726
SYN3_0286,-0.10726313500745896,0.28948784721664284,-0.34008614173546825,0.02950242121172601,-0.5614503526032757,-0.12367483057272781,-0.9555686339762305,-2.586030310262876,0.23551274410613526,-0.7249588252430967,1.2626971077307474,-1.2959471337045987,1.1417778013555988,-1.1583637011816237,-3.069436756560639,-2.1205734357649355,-1.8351924014199177,-0.1284793541931494,0.047410635404159886,-1.7096348439236047,-0.5365123486787261,0.09927755959990034,-0.8488284625008727,0.5932582458795699,0.1105555616695475,-0.8432099691940345,1.8180323322360321,1.098765637500889,0.8978287207303497,-2.4105255287202234,0.9642465033476452,2.348275613684478,1.8530368579458252,0.13022230064399118,-1.126892663351365
SYN3_0287,0.028088572205941777,0.7135530922661041,-0.15713813258943846,-1.674214944397509,-0.4587715676181119,0.03104814020071472,-0.0077833410581496,0.46318216479521385,-0.6450795949234515,0.3601970775268847,-0.742670788092687,-0.14830325125735352,1.0672551088286322,1.1180650985754288,0.3727483917157764,-0.23735756988642884,-0.2943524713707872,-0.3699111995566342,1.0300490691936859,2.158679057719336,0.9960510133666518,-1.0213051162982616,0.8443677111166945,2.643308971969177,2.1827641986997994,1.5804506584204698,0.20523686778826994,-1.024487501308594,-0.0690989680836675,0.36823636757716405,0.8133203119180149,0.16120217101039386,-1.1549725996973204,-0.3352210136236005,0.7574117584550356
SYN3_0288,-0.6339717123668648,-1.6673307166000437,0.7988515454163915,-0.13071102188128617,-0.42287013970535847,0.042902783459455994,-1.1183103451929364,1.411192890486123,0.9513674893494446,0.9112765137201807,-0.6604077897513059,-0.38371393538851184,-1.3372497739355091,0.11635520180201266,-1.3139681840997404,-1.191977949467903,-1.2254490805721256,0.9221856260383131,1.1398854052952576,-0.06261278280603066,-0.6520767067119596,1.734420009738553,1.1960596710345262,-0.12435558718032896,-0.9951705411800706,0.17252919659232546,-0.1842051809699913,-1.1024324604512783,-0.25385944828559265,-1.478639224801982,-0.23469058423260616,-0.9828287615164447,0.2860847078257321,2.0168072557407055,0.38580042538900483
SYN3_0289,-0.18649066366635003,-0.07590569397906606,-0.8588924777227492,0.2049707722911951,-0.2842192124034184,0.38768052951101395,-0.7177388830225627,-2.0319234277762708,-0.026362779962737913,-0.12124808134017732,0.8802026005127433,-1.2759154545393856,1.2311178213953544,-0.8987302874859692,-0.34910074881904196,1.348900592107116,1.4922047470670317,0.25727276827930307,-0.5785016044449183,0.3427082653643886,0.7149120570175679,0.5796666308839615,-1.4298120835621286,0.39195179444364275,0.029230273202370854,0.499242146028339,-0.5837436510817579,-0.0009937531381389655,-0.7644863638651559,-0.7315400292724235,-0.7690855328972644,-1.3983293438227684,-1.2092470689994848,-0.6081402495938926,0.3155403377323595
SYN3_0290,-1.69378446977415,-1.373939735650755,-0.7895099015114967,0.07448358595814777,0.31288267373592843,1.0079283074177237,0.18793097649540025,0.010191482923841309,-1.694369196384992,-1.9188090079281483,-1.8886445626398336,-1.9864428856212535,-0.7838767932947103,0.719379736990865,-1.2956722975232184,0.08875697183021404,-1.9255691155512342,-0.8093502322665346,-0.7564483542889218,-0.25689139003013545,-0.5725871768771066,1.1839524982381766,-0.3745839487732493,-1.0735453096846457,-0.15853526614824082,-0.2210297036690203,0.6812559025002529,-1.381315546389092,-1.667373029148403,-0.40215954791759634,-1.204273252428729,0.5758076379283601,-1.4285571808022175,-2.2596187490429838,-1.435946584693235
SYN3_0291,0.8347385973577908,0.4423832768685302,0.4595059007766095,1.559724640012147,0.4517467611602815,0.7941596757991691,0.6243230805138936,-0.7635507406560225,0.35091783899798584,-0.27308027908596527,0.7600457607620582,0.21392299156968483,1.0944847691578399,-0.1180079443478826,2.0567187486371585,-0.6102422319190209,-1.0808024528414033,0.4981844233868108,0.5324688885604427,0.5334613392130908,0.5302703650999825,-0.41467386956451413,1.6037808963503088,0.572027639939097,1.0452973450848122,0.2603989050196328,1.1939624989256248,0.7197322671018387,-0.33255038191466296,-0.5832408886047684,-0.9716229515705183,1.191978504247914,1.4177597665591641,-0.2691741119768208,-1.7627278945734424
SYN3_0292,-0.736232223633767,-0.48491060061257535,-0.7320435425143913,0.28101326367539115,0.6481576339397885,-0.09746663982787451,2.613583523017378,0.9325062981900994,-1.2973764844992512,0.7159862677398847,-0.06944976552597498,-0.6730789998646898,0.6729385433191977,3.0950375482361374,1.44166377543069,1.9422589612581476,2.128494754436982,1.6137431035115641,2.638316272718974,0.03219551525528132,-0.2717499344462689,-2.347571878544847,-0.9606728880293645,-0.3971010234409492,0.4219693310269194,1.300749902827335,-0.5401724466597138,0.19179805279600637,1.4599294656510797,0.3071588528168087,1.937396626030693,0.8798262105167081,-0.4190931493125778,-2.04277765653895,-0.8662560609568273
SYN3_0293,-0.965343184513268,-1.5762015252287604,-1.032602284350445,0.339127108902569,-1.2915932984235667,-2.323342545830534,-0.811936876591572,-1.1704671886606761,0.24446074359929257,0.6428745922951442,-0.06394587900114308,-2.324158102657079,-1.7356389000802444,-0.5901050806027024,-0.5123667904875566,-1.8185166787248337,-0.970230395309764,-0.9014859207976614,-0.2956860949542244,-0.569229163399026,0.3301510379893504,0.4909545491490216,-0.3445420398054344,0.8505074007086697,1.1383926282637236,0.20639185887509376,-1.125452545760594,-2.3114661870174067,0.6147738119216792,0.6122802522810037,0.9722570647605453,1.99303311401736,1.161537873298916,1.0707985430248983,1.0612579551897643
SYN3_0294,0.6859550167994951,0.1195621265729393,0.847314148986543,0.14821415265164312,0.15597926298180897,-0.6043502486924446,0.3420436479580755,-0.23314878487114138,-0.8896028282165199,0.18352479831778587,-0.24734302330143096,-0.5593391666927938,0.2604860113055846,0.22243751690410457,-0.03058920323407103,0.04367634123042422,1.40990744427651,1.5373552748845294,0.30795893815434955,1.2750963345296065,1.2585005524212405,1.583627672405995,2.343862728216815,1.2008317125302093,-0.2791629407116669,1.5966116754800912,0.7372409073844607,-0.21331987035973599,0.3722049669023669,0.9098919244291462,-0.20282668954138489,0.1574934145901859,-0.49063788781118595,0.1537627630881964,-0.14940371934214053
SYN3_0295,-1.2068561009173442,1.1341525891597681,-0.34686253651884735,-1.1626188541072204,-1.2161636671082636,-1.6173419398240754,-1.137693607376088,-0.01789667086502147,-0.7325115210824514,-1.2346029001070093,-0.7273855654355057,-0.36565194679908264,1.1305123708029359,-0.20705278545980377,-0.768485161471498,0.9387778142509294,-0.15265525736983615,0.7014279616298464,-0.3579806234114114,-0.5465597037231412,-1.062123152785304,-1.8227626618847963,-0.01603468241843358,1.279323199119476,0.8092181724458674,0.05256424186047157,0.9685859887537126,-0.7311486308280996,0.6764218248214009,0.5812466072010353,-0.20620728159509805,-1.1500515250798593,-0.4080532970747764,0.5474936285500225,0.4928360847520834
SYN3_0296,1.0309429250180357,0.8096979869401764,1.344614663659551,1.1919488998066297,-0.5815588987981044,-0.3727082428853596,-0.9009259336165745,-0.5907812154846649,-0.05548152931522668,0.2363777670950026,-0.7106395779894641,-0.8449483429619258,-0.3487632010458162,-0.7979945269140033,-0.7463022127636231,-0.46222951378675586,0.6483820426459642,-1.3007067848809688,0.531420046718592,1.097166447244158,0.1848589607426259,0.19363227722838572,0.08266620018700184,1.1433916490841813,-0.5654640723658988,0.11766744814664414,0.3365462755356085,1.1336977874679057,0.16924086735066843,-1.2090636504907566,-0.6931591298217005,0.06778743207437407,0.9960553918676275,0.032017070155546584,0.2989168005851388
SYN3_0297,-0.4986904421612889,1.824899784366386,-0.4237154521887407,-0.851232661645734,-0.9318288247427632,-0.5816084002956623,-1.761674267389852,-0.23685781565889819,0.3427812252771848,0.9001903036362937,-0.017674391074599963,2.321263847849785,2.614256916730847,2.489372697558976,2.2359801426510924,0.7389013480045679,-0.29561554558566644,0.509895690355047,-0.11868132777939895,-1.0213453413407714,0.5481210963983506,-0.4369107192621603,0.3403297245903278,-0.7371779705274137,-1.1975135026556396,-0.9219018899920668,0.09854612345690307,1.271181210211396,0.6445147040009125,-0.5728534252518647,-0.4359905116545607,-1.2677441608741529,-0.05648416309689488,0.1275617654298062,0.5761060944440752
SYN3_0298,0.3897096404250516,0.7014185675005462,-0.7160771075819077,-0.7862169501668903,-1.0902222867719784,-0.6518982019761007,0.8269176562467758,0.26344762699494173,0.5385318286953475,0.7261198760114262,0.6167614377042551,2.5788047951242272,2.7116807124584716,2.6270763343092707,0.6650652293217789,-0.5587540261706193,0.32685855197941377,-1.59238265513991,-0.08285596004385667,-0.38132454155048706,-0.7365612814615422,-2.480547253855414,0.039214863957466525,-1.2100083116170426,-1.4579129515927947,-0.21395218383167108,0.8125189389979002,-0.23428279634905383,-0.6423648550692047,-0.659192496708979,-0.3458186434062032,2.107826206470006,0.7414478108498703,1.4794757474463094,-0.6398601986408928
SYN3_0299,-0.20704840373055527,-0.6920849043613209,-1.4881343042905466,0.3927209702176423,0.320341206580567,0.6595078972622064,0.04836484751236693,1.1161685328027127,1.2159264707126842,-0.41918627157531757,1.549267883776538,-0.6626626521689781,1.1531063536978465,1.1913597835139176,0.5428715155042272,0.5632224339954043,1.9767808544763594,2.4431541431628983,1.412072532714725,-0.7233722106389996,-1.0782047337846334,0.42798503740201604,-0.11575978871541136,-0.4926690443129284,-0.31093018221211544,-0.32234537526277507,1.7574239776492402,0.19184880724723646,0.37438691812046393,1.946658035485754,0.2877065926005238,1.2067576293163875,0.01947385703162585,0.1200072187181576,-0.07703149218884316
SYN3_0300,-0.13805847850038666,0.48759282627379885,0.30699690727966134,-1.7276601401309752,-1.2249215896371834,1.8330471151561119,0.37005116994272763,1.9407930384896623,1.3465695262752166,2.38751594125658,1.4850969297515926,0.41993436274914153,-0.3919776893307871,-1.0015658310243185,0.6447589542929136,0.033583609711330425,0.8119270406115708,-0.09730120001051183,0.014822989787520165,1.192153686517383,0.249141011505125,0.1138677240847688,-0.32670444826704664,-0.5176838261495299,-0.47724127962320845,0.47489406748261936,-1.0128311156267222,-0.28010119055019317,-1.989621361115077,-1.3811590372463123,0.32131031818993755,-0.2987040809930533,-0.7534986924069602,-0.9344520434688058,-0.6664111375727305
SYN3_0301,1.041240150631084,-0.7254721725443509,-0.881402200976849,-0.17812010832395697,-0.6724976770200966,1.5015565307389167,0.8755954374520655,-1.1887780958978449,0.21724145308033682,0.4414193555421045,0.3249878336629056,1.1078991230351325,-0.25101685413021146,0.47049210014416104,-1.2102072536574353,2.217529997222136,1.8047740795010814,1.2844294110073375,0.7859682471226431,1.212857062897913,-0.3319997114610878,-1.2809832461965796,-1.353047756965528,-0.6380559791665814,-0.11108750597019788,-2.536461553812821,-0.775556336676741,-0.34322341908951065,0.09764193306976648,0.9752998887052624,0.06806010986046844,0.7203292445621361,-1.726965535722413,0.35273282894313485,-1.1662481857196008
SYN3_0302,0.4647722435058909,-0.4983473054856558,1.4763302581066913,0.5260829622070883,-0.8404596968666737,-0.05792985697836884,-0.4832138829389245,0.21337612838134126,-1.0939863021382519,0.9798051565843071,-0.5784472431982283,1.3168974044727775,1.1368117449965465,0.9707372868648342,-0.1488313668512983,0.15922678826423203,0.8849328854049003,-0.6682280464449608,0.45804464045402205,1.084465770057127,1.734928221546275,1.4643056025491754,0.7729015759469393,-0.3179057632734349,-0.3450866983062827,-0.580451621586592,0.9240200879711077,0.30726751673775293,-0.3701336219265294,-0.34831153019952127,0.7289337053769291,0.6205822882514181,0.6750238179144437,0.16755960241351045,-0.991894863276696
SYN3_0303,0.558315009188615,-0.64119859753283,0.2783469297591623,0.19486979751775835,1.2593747080497708,-0.661533933938128,0.2135230463999242,-0.9539400223811217,-0.9021689207552763,-0.591408348906263,-0.7560347057232478,-0.7714792299870159,0.3185749520511652,-0.740413385966925,0.04264785040240643,0.7891197159574777,0.8304117724074926,1.3590167337618293,1.3071644465661443,1.0803640522111961,0.5725675618311554,0.24421122267178633,1.4903839085809982,0.5359878403324781,0.48271096226953625,1.047099655045221,0.948536880613842,-0.052804591239871176,-1.0937093768627142,-0.7189496604219362,0.5453820604021224,1.9712407990758178,0.29267062240832736,1.583964051153489,0.23074432233044925
SYN3_0304,0.029251625923281174,0.052385814878597156,-0.5964995093278725,0.3411645613509655,-0.9815267658099699,0.052255823033800046,0.8278353969976348,-1.2833423716527217,-0.9352714728077111,-1.2590787104133505,-0.1895973053477225,-0.9430654595659711,-0.8633807707218079,-0.5152941158970618,-1.1125902542629138,-0.7662471854939689,0.05378708206669724,0.1579469690863986,-0.44459722064827273,-2.232341740450474,-0.9173941883090736,0.12960078313805337,-0.834776375121478,-0.03253078357723488,0.10101913398453832,-0.996771292596192,-1.1216127144144428,0.5569685149065035,-0.14327872972710476,1.5408896770999716,1.1627718261335782,-0.6051225072444129,-0.6461684715829601,0.07231139622655006,-1.1576011019213788
SYN3_0305,0.9723937684463722,0.30764004650602944,0.9663417148031946,-0.020137584307246454,-0.41795228913235927,-0.41475106277803836,-0.2088388626569887,1.4545370114885103,-0.5480513622901323,-0.3692170424485349,-0.6702391831740155,0.35770599126077146,-1.0952253786372683,-0.3758394102422276,-1.657977190627217,-2.3452074779930374,-1.1486889992826006,-0.5819820625451588,-0.6375004574347445,-0.5874805544229336,1.005455265063698,0.4244530682831677,-1.228978692597941,-0.5012062854278989,0.07910798799393176,-0.31323341014296197,1.039341675520012,1.6308834225236881,-0.8611571297157983,0.05464616636131691,0.5241105275719012,0.2226543662192437,-0.840944614363339,0.66202371296045,-0.0018593000505796294
SYN3_0306,-0.34962861562198133,-0.6097219640941893,1.7030271034385724,1.6540623209025396,1.4419936110777622,-0.056492931291889224,0.20703266864646097,0.9055685671207793,1.0205081351914205,-1.33952099412833,-0.6352896646340546,-1.9788077798534458,-0.816382762601,-1.8871698929806586,-1.6574623125986017,-0.009321304316278164,0.017951595873240866,-1.0639004249168271,-0.5954079221856462,0.5663782484821754,0.8887809677300472,-0.3836704239760925,-1.452752207290237,-2.5590250359379128,-0.34346927870018523,1.021931204546465,0.7213998340766737,1.852395141209323,-0.3185712399258243,-0.4142693276032755,0.7893821124920517,0.47112631103684777,1.0546264442431617,0.8392245614369663,0.3131689877258353
SYN3_0307,1.4087376856780205,-0.12923119436375233,-1.6309830865560835,1.9379081064351988,0.33433932030904084,0.8085512464816935,-0.11685748233248525,0.2604640144567286,-0.41200267629150006,-0.5059263223098224,0.4810518291866645,0.5057082616533681,0.3214085522029627,-0.21843089294752566,0.06913827010704499,-0.49307896367105825,0.3782966613558082,0.30764798740058014,0.768612817382214,-1.2739725450742452,-0.05933274344231354,0.45553170140356564,-0.8754463135441857,-0.7930299703153353,-0.8079079668466452,-0.4469117920634315,-0.2028445945267188,-0.9704925930766042,1.5124217643429332,0.5699170135174965,-0.7211450142744067,0.4279459525871557,1.7066284199092292,1.985152391811595,-0.27108336043551207
SYN3_0308,0.4955041089475449,-0.034617643050800624,0.05874147723849549,0.6830550264384662,2.3025594701887204,1.3948522458933832,-0.5092033807225043,0.45107222799255037,0.5982862562356436,-0.5197720995044481,0.04077259610005119,-1.3856357970777078,0.8078870211649252,0.14942498289793643,0.7507202485188176,-0.8641310758696952,-1.063184273025541,-2.036363618877237,-1.0635564947323706,0.09234546964355275,0.6831438496232247,-1.8429305833634055,-0.9924479857975137,-1.5395802413753124,-0.3783776604500547,0.07831283653896816,-0.7105069836684194,-0.8763495578202857,1.0456771787991161,-0.09730853324020781,0.4597279346372939,0.3232230782185023,-0.561984301959902,0.19248306115957617,0.8379885981507615
SYN3_0309,-1.8187819244650234,0.5079182011084772,2.259939173073996,2.1323679324154132,-1.0259094405540075,0.8544839832169798,2.6190200216653805,0.1766909487086766,-0.246641370771195,1.0018225135922054,-0.44144770450517545,0.0028541882303245556,-1.2934679463273298,-0.8806978374897111,0.36950285999070637,0.25473679692686196,1.090331892853946,1.6314666978108079,0.533266683699916,1.2561808527228502,0.5639768595370608,-0.02824817970213603,-0.003948690683312403,0.9910690226360938,-0.7565591407286885,0.8185238192433567,-0.3248646282920379,-0.4997867003086228,0.012562240127845924,0.8275906468889451,-0.04911637184232685,1.1874958728084088,1.6748331718999747,0.5224495518599006,0.0684686003644085
SYN3_0310,0.3745216677950987,0.9193465426599329,-0.32440133785150593,-1.9093000770069444,0.2858269485597565,-1.212490214694342,-0.684436372572666,-0.10412954538844167,-0.2788298993676784,-0.5001460914914381,-0.5608091888818761,-2.041151838123733,-2.258644863166502,-0.7652783412834123,0.9832219592053447,0.6060299213860202,0.7567992019833104,1.0148227712894176,-0.9385057952284972,0.9704676889673703,-0.8760000296020013,0.24857765467377912,0.06746349387470288,-0.9497652238401855,0.6296742493684349,1.0753874351327581,0.7956689056728075,-0.08870564794635852,0.24010446512527658,-0.8549815114067039,0.7084955202962038,-0.44282561794509706,-0.18188275344250038,0.1258221152687885,-1.3015356435414829
SYN3_0311,-1.679414421342892,-0.9578584111345586,-0.9890893614313843,-1.2683865942841055,-1.5027406249341841,-2.237720566947524,-1.3997374752661622,-0.8331514633308994,0.7539712267344085,0.5078031842523214,-0.6556787448337135,-1.1689847642686781,-0.7675270079306059,0.18951985212387587,-0.03324620375755969,-0.5495426005896556,0.5946455461999399,-0.27669448736302016,-0.5213117967968622,-0.5590521135351872,-0.4172475148758123,-0.3360935841328616,3.1085056967132485,-0.5079529151939659,-1.5005673984828722,-0.5306732288267886,-0.40352793769057005,0.6212890975421775,0.10674799689506763,0.6719966034542831,-0.4591186743038344,-1.1529861842223315,-0.9099417883753494,-0.27151951094974214,-0.04729753570576614
SYN3_0312,0.9566582468017039,-1.0745527292572752,-1.3698228310688856,-0.5921301880703457,0.1818398498973833,-0.0470711004140776,0.20907199604106427,-1.2215826913901855,-0.2180115347818403,1.1420611817342763,-0.14235247867437145,-0.8620648606072641,0.06456898182403766,0.14279006272527137,-0.08918038340183365,1.257473473349914,-0.307391508082085,-0.46432158877707636,0.0627605829744456,-0.8964407458468123,-1.3607750174646327,-0.2958420977233178,-0.8443875562511128,-1.24649956065836,0.017587619598141414,0.10413154893425347,-0.25771420339731693,0.28403410923284755,1.4580767679401727,0.06606176124710891,1.2787412636372824,0.10356913985973487,-0.8677297797187341,0.4602899977047593,-0.7707593924837484
SYN3_0313,0.6345410898636377,-0.03682335531617699,-1.1069385543864199,0.7183880700557879,-0.26830144248032123,0.4001092445022691,0.03800316818979413,-0.2181248051532977,-1.4338047309125408,-0.8987332085023934,0.0966665885779449,0.31650374152530514,0.03855434296454671,0.6557617063675495,-1.1428008243553864,-0.753989590929072,0.42496754052729036,0.5848029545103355,2.2201660558945617,0.49000532761872306,-0.8566206209365728,0.5074431372257697,0.5841595692022198,1.9704246374863719,-0.3789404268273098,-0.1625460732955094,-0.40109573637548546,1.855336592081351,1.6884497337528281,0.5580100620163055,-0.26018719572030563,-0.622778382346924,-1.50556084338541,0.8979983368995936,1.4059289739805834
SYN3_0314,-0.9093882177201839,1.7274566392742896,0.35997349425091674,-1.1874087069419594,0.3592499341636076,-0.22756094604720284,-0.8370842831372274,-0.6005555807693697,-1.087155559754567,-0.9488968352142205,2.0833687530295153,0.7265006519970038,-0.4496544530765757,-0.11757035767571548,-0.38871857033427754,0.02622518645643404,1.7418486525384846,0.5120938688651651,-0.033570789074929115,-0.04259821965978272,-0.01010843077129259,-0.06575802814252704,-0.13772060822876758,0.76237885792939,1.1440686358506849,0.5002440720220532,-0.5417206945950755,-0.8410463003862305,-0.6167833137262327,-0.669186280862217,-1.7518461095238809,0.2972403958695473,-0.8692723741971906,0.9829983205862662,-0.9965819281416538
SYN3_0315,0.15071637338122687,-1.7038193828798132,0.6248469882026751,0.012729610554200804,-1.1099214964742976,0.6705930784292663,-1.1315327352879063,1.0814963600813725,0.6658072149368904,-1.0804280549604364,-1.0042540203554269,0.32820366737047035,0.37428499059093945,-0.19724129536283103,-0.07482157065305534,1.6145680334869086,1.5341885489069218,0.22973674333014235,-0.24796400307132263,0.1203178496912485,-0.9567784896327546,-0.0818707838004115,1.0249791396933412,-0.8844671906265865,-0.15450291879901457,-0.6834242365006836,0.6359680149496257,-0.5728797326346263,0.3065748974803358,0.9591371139234521,1.2175235677005711,-0.7900457331048918,-1.042017357444516,0.5481772539918154,0.643840383663054
SYN3_0316,0.032214675050735934,0.3957655532666346,-0.11016260989689959,-1.7168660034259282,-0.15325744785661408,0.33580050604551137,0.2756015530518317,-1.6332484292133118,-1.3597510278086289,1.2052538660579888,1.1388622368474373,0.9931286135934152,0.5963915421335682,-1.4803273482375991,-1.3111012480915674,-0.7480594783682265,-0.30904615526602136,-0.36110398617738704,0.8696913749891356,-1.1201148149569788,-0.9797372836604535,-1.4523200342950353,1.638507628030274,-0.8548814238256887,-1.1244192400915631,-0.2119117556112389,-1.2138543899674512,-0.018404402270689478,-0.7348883588185952,-1.766037693621642,-2.3491116697005796,-0.4501351494265938,-0.7016319283107243,-0.32739360100357695,-2.002811903897623
SYN3_0317,0.4063311673858153,1.058487672903288,0.5347275309296016,1.8165724973850252,1.2632247832124983,1.5911164866551009,-1.2562039837928947,-0.7864006858553085,-0.718079023550098,0.5290552367325371,0.6941806945505523,0.16112522118534411,-1.4749080482972161,-0.8487839958695387,-0.9343893057324829,0.937298969534769,0.4048116834801975,1.3115033040204067,-0.24565209694915616,-0.5461587387742818,0.3038147895171801,-0.24561901394324406,1.780073143785508,-0.03918926293083255,-0.672688768656102,0.4963044053587433,0.13145156436694871,2.258534473343435,1.0668486030808975,-0.5955807455586458,-0.3753890947865582,1.1859347012046386,0.349888022913138,-1.161841011121613,-1.2004557505311408
SYN3_0318,-1.4463568113617205,0.27526057529227993,1.840097004245656,1.2235973720844107,1.8166176477900515,-0.5146473337225407,-1.3048851318053656,-0.8924525682413058,0.050081901171050484,-2.040283635177198,-0.7992939679418471,1.1034943027601256,-0.342001802856207,-0.43838620602987277,-1.8755685014452388,-0.018810161890791426,-0.038931695438626866,1.7901209463532577,1.9832955432541655,-0.3561068397871687,-0.4230319681761827,-2.2528684480781562,-1.3816073099375188,0.9787888672662673,2.214732415423346,-1.019599130269216,-1.593686808411792,-1.5719594967081656,-0.09753655196261514,-0.941146836842667,0.8739939438406554,0.20695176929414777,-1.1176241114019108,0.41130634504459695,0.40039607295656315
SYN3_0319,0.6283046099397499,0.8713812114462802,-0.7970744151282448,-0.34930874139282037,0.016355173603617865,0.6130528637379395,1.9403605105522836,1.7416075969590437,0.5223405957952251,-0.06257295786833615,0.34291231084093593,-0.41358641249926315,-1.4828129103787968,-0.8998414627994766,-1.621504138927774,-0.2556858506004596,0.7025249018280522,-0.5319814259817567,1.041371361148634,0.8813035806236749,0.5429969990952876,-0.4429673576166874,-1.277611537937728,0.7457645317557307,0.3639857739770848,1.4647511269174238,-0.43152230446109424,-0.4340440765168867,-0.21977034594935993,-1.2695401025009285,-0.28137955213787635,-0.5769199218356562,0.5045846312649676,2.4822377441036667,0.8047929153993174
SYN3_0320,1.5107634271462265,0.41000478148493863,0.7303341834036943,0.8587511943380508,1.3392356358229685,1.1757046884488211,0.30267301268618513,0.7881435302957288,0.24644367322203944,-0.2901849656350948,-0.09335319143372199,0.18190584634988957,0.30045507591811077,0.6456798298188022,0.37045079392050945,1.7343099159936008,0.3679660067048259,0.28425459587759416,0.9033992207346703,-0.1531730671928933,-1.5517805731100591,-1.2923577334616003,-0.6525351856906488,-0.8953490988531986,-1.408788444258476,-0.6062306046184758,-1.9404804018726578,0.522974039941762,1.2998987284775825,-1.0836278838861426,-1.464445935535512,-1.055282998563885,-0.05372478612513139,1.5307739897069892,-0.3312919059640521
SYN3_0321,-0.1966210826813349,-0.457339495606991,-1.5208142700898826,-0.6051340965711607,-0.5194598181067871,-1.4318900225329545,0.7184242124675805,-0.18390861689866828,0.002862107280210643,0.8352883904503728,0.2670841889931537,0.23491302190508534,-1.19603437380906,-1.4579667110615597,-0.46145281776193525,0.35331826865423127,0.0051790420705324375,2.6886975737500367,1.879955965843263,1.4263118625406601,1.1539887510898683,0.8835850429957929,0.3912676128835216,-0.6172579530502944,0.13343429316386757,-1.0541537736108755,0.9908473228854234,1.4216521485501332,1.4082184061368497,-0.46933870969392566,0.014292580344853685,-0.4391611808095953,-0.34208161939431153,1.5061569805939714,0.8997450606795193
SYN3_0322,0.708629939467975,-0.6648725673186848,-0.1657965656020636,0.34163924148006636,-0.02518159201499592,-0.17890452817996494,-0.1559493034925793,-0.30535335570374633,-0.7942389583688182,1.0946777241368073,1.1116291821147395,-0.3709710777210599,0.7039411039159963,0.10560168079226552,0.7624358154043889,0.07904737907633598,0.7046824507310149,0.3224677006427902,0.7895221465966882,-1.0788526155799916,0.18569065977072724,0.01787214602405944,-0.4205796349933741,-0.08817807077037773,-2.07624737755813,-1.7190406016177477,-0.8506987262924312,-0.9118853562390734,-0.57699623588933,-0.3769911060866352,-0.7275257427770728,0.14785556518499055,-1.2941314459871418,0.021182002266066136,-1.7305449110911153
SYN3_0323,0.26356221414576914,-0.349651707492117,0.8433562734589071,1.5082370613044356,0.9547404371080266,0.5251823818865418,0.27988034968761133,0.4489030165361575,0.8920333913721364,0.4580624220722052,-1.0283080410835237,0.9016316016705835,0.8425140657507605,-0.4403005070248817,0.9664081525531575,1.2294490731256391,0.6380551546529656,-0.5588375421888644,-1.069312138838091,0.15406991270755524,-0.9970140552340603,-1.6227433362903874,-0.9858265701162972,-1.1900000526390144,1.595434415814931,-0.45562257012362767,1.8955708950432788,0.20330670504559703,-0.1220358740938795,0.5396422434255331,0.9148386669207423,-0.19809947556031338,-0.7336920423595459,-0.4055758502029123,-1.9747047295933615
SYN3_0324,1.3543688998996188,0.4119992074954669,0.5758079697454769,0.42550169561137485,-0.757707427728185,-0.7692249323352908,1.6325918432271767,-0.3502611762660952,-0.16456063380450928,-0.045670619333001594,0.7238103586892795,0.45975511561245375,1.0367084864567802,-1.1744272973536496,-0.6613115158393675,-2.029765271260461,-1.0296156244649126,-1.6618656859692504,-1.0196413258170718,-0.8504169307044396,1.0626993777365918,0.9845260613447874,0.11406597789580554,1.4148529566939507,1.8026598556692228,-0.04759167865632929,-1.1505406196948202,-0.24023071730410112,0.04079400633888221,-0.360420379761403,-0.4115159217835623,0.5919381078851305,-0.5320657203093541,-0.5183936429680257,-1.0333839954972939
SYN3_0325,-0.014644119051402421,-0.3969397078209177,-0.4074886847747562,0.1816617679479333,1.2104774011410284,2.2420635690372865,0.47128197558460355,-1.0782755963619925,0.6139606231569139,0.520873413528977,-0.43655455935828436,0.6326372115879113,-0.7667039851855674,-0.3416603990192317,-0.6474752235132223,0.16188318952607383,0.14978326505820927,-1.122097525123795,1.0796058234435144,1.0739490305020516,-0.6622411621243298,-1.2032821589142333,-1.9788125364904334,-0.22758860278042803,1.2636872334331741,0.011413546072011286,1.990763257014808,2.295036157316286,0.6209486471774878,-0.5858227147272934,-0.8684532941149619,0.14590613831796315,-0.018984593820158543,-1.9772547550132653,-1.006338413273075
SYN3_0326,0.12707982192746403,-0.985651137615238,0.8758572939905355,0.6817205383773843,0.403623713244669,0.15023359735681047,-0.7946321452121718,-0.7832507682377712,-0.9238610726461756,-1.1525516087082308,-0.19189525777956587,-0.252750453089895,0.904204769520569,0.9719853611676993,-0.8071017742939831,-0.35023461287319985,-1.1835946798750292,-1.283704991337802,-0.11227198629035484,0.024055470533257167,1.385496292605905,-0.8743408808129445,-0.6649967049941933,-0.24906624423741583,-0.9758541685174039,-1.3717551218524902,-0.19979617659778293,1.1149755056002029,0.46164301421038656,-0.7309681724116923,-1.6593888715253007,0.6110173032481604,1.4356121498637555,-0.6729732199431406,0.20770600548251844
SYN3_0327,0.22782986152637702,0.2589421688122631,-0.6063462447329667,1.8551159338540049,1.390168680508837,-0.4420403500992844,0.17728876450292483,0.4135112206257036,-0.39012134724040465,-0.47603903581077733,-1.1090888480828844,-0.2554599579656914,-0.07701471302408303,-0.4828829917208542,0.33898534203266495,0.24074200206204435,1.0164202876115203,-0.2766750121256028,-0.8268767017110498,-1.0918982504768746,-1.2523502925854304,-0.563723085062374,0.0038802130978928193,0.5129891130241999,-0.559253967922055,1.5190189311750364,0.058561952123782804,0.7013154291747212,-0.19982454189105417,-0.05605383362773356,-0.07150870350893625,1.3754976503892589,-1.0158689689774203,-2.6076165598087178,-1.2334762060085147
SYN3_0328,0.5604122125976546,1.4344512077775633,-0.3883071108472078,-0.4811812412013295,-0.43472611803970607,1.0868508267569705,0.38149792017118267,0.15955689809834808,1.2121463404351571,0.794173508308465,0.5317586414347717,0.7691953963843927,-1.1319310881037754,-0.5714272718953854,-0.12053349645829027,-0.7904893710340465,0.21064202278875674,1.0733527470016988,0.28462368469545113,-0.09063433461358969,1.1687022945350078,0.7389518662701404,1.178232879618235,-0.8098973394800335,0.7548998734303777,0.5496253311077249,0.8237612638385347,-0.41420428715679203,-0.7682735410843928,-0.22869849265020378,0.06259023302507356,-1.2416663966101549,-0.19251997858067085,1.20119325352556,-0.5354367747177408
SYN3_0329,0.7773350040970165,0.25396518289788583,1.18713436111431,0.3409384629487926,-0.606395258357597,-0.8298245308063443,-0.46709997146906373,-1.175880428917827,0.23920118231363055,0.6016414875525552,0.7428775815006066,1.3986196411272263,1.8297934276957553,1.1753119779245509,2.040005844572325,0.3805370409541199,0.850955502155166,0.21545907630260877,-1.3465663624173962,-1.4703247737484326,-0.25011228282037196,-0.02322295158477389,0.10256851805887623,0.8037344695987826,1.1581443456846718,1.6758011909365014,-0.46056029512055313,0.12109078425111924,0.04435871551087498,-1.1318572306448946,-0.5203055615498761,0.07965108093522984,1.462572636989356,-0.21479398488319193,0.5783621204555884
SYN3_0330,0.7653071888408768,0.18479557464009913,-0.8959724017206218,0.07065258522383262,0.2043751054900352,0.4941013836877144,-1.4981910875246416,-1.7608839441983946,-0.44194458621288696,0.7725345043615095,0.8706722059214641,1.0651798374111052,0.6531299617207447,0.20191604922148085,0.8049306502961461,1.985868692138721,1.865573754521048,-0.37834124695651455,0.4990511185449295,-0.6253521694478678,0.5426246096572677,1.8572410755572175,0.49954307135320997,1.324497127953101,-0.5837274232315459,1.6786885421705204,1.7195322530692339,0.6383213101220518,0.2912412801513073,-0.33476007996894547,0.8690757418632006,0.837463484545937,0.3979657748935293,1.373939018391469,-0.0531802891420723
SYN3_0331,-1.7796491253755988,-0.14571162411031308,-1.8734255425458586,-1.8519570950696667,-1.2260879846842088,-0.3252393476661969,-0.2536559758320365,-0.2361496439406188,0.6269059471235342,0.8462279835349983,-1.046801869290612,-1.6716343994925666,-0.12587857262990232,-1.993748253566895,-0.5002684090069681,0.542304792283175,-0.48346107171558755,0.12482584993424245,-0.2461207469571353,-0.22780375955867335,0.8289500854485832,-0.1643248565005315,0.9380119650987497,0.7749241314984251,-0.7695754382215083,-0.293032549722654,1.2266594679947735,-0.4402531222592794,0.29897131471571037,0.5045980420038058,0.44705921481557975,1.1804352846725872,1.5312749720729562,-0.5087139111039057,0.18738182325156028
SYN3_0332,0.9532861491725015,0.7062669864375208,1.0076800247479574,1.4570643747775165,1.0855052288771556,-0.6686004058042795,-1.2303204870779036,0.9795428481318705,-0.33170157111822457,0.9672292798252323,0.20411124071625203,0.40282911782662545,0.04186208477641127,0.16014844328467365,-0.9689424634361992,0.7071179822411793,0.14978571287037204,-0.3715135637773226,-0.6518540315059059,-1.0550446706688914,0.3413903207954778,-0.210877100438254,-2.2436716603929305,1.1650017495092873,-0.8779668195138588,-0.2536954540690533,0.9089900523380555,-0.5786229591407017,-0.31812376527368774,-0.7177958116453722,-0.4876690805297739,-1.6352499837844503,-0.8814612474691028,-0.5758620011636568,2.560218705678239
SYN3_0333,-0.4873819852403026,0.30775477559413633,-0.8572592825418947,0.5572915988024606,-0.32014934065468376,0.7420594507725358,-0.6947690972309445,-1.3719608356117392,-1.4162639228629088,-0.3842878158211788,0.6266423982186597,-1.0237210781694053,-0.8706759031621347,-1.5269741779139534,-0.020509840803384846,1.8084185714948693,0.2677941324184138,-0.7434832621117491,-1.0108134185955109,-0.7517441478822734,-1.2867496263472953,0.8013131264288681,0.5531351827182066,0.40115465672530465,-0.8994005046902988,-1.89913093305769,-0.18438955691448639,2.4578488981001505,1.4181025559971236,1.257382315490281,-0.2489189066444101,-1.2775529894986428,-1.260076662098592,-1.7272062110426762,-0.14949005734059534
SYN3_0334,0.8484593603072452,0.5544188037984208,1.0906967475062443,0.21095908772336958,1.0567095245299,0.8780490966991167,0.8077056262762567,-0.17777385969886733,-0.5158949630598003,0.015021348334522688,-0.6532868260904708,1.1148354682971298,0.4675990193533371,0.6974578744521822,0.5979553456664641,0.43814313108277336,0.17330683524320778,-0.795903282605873,0.5061967671370872,-0.2817042037963884,2.200860335244059,-0.0985773776023185,-0.6407533286535405,-0.5771627596580311,0.5361915702703006,0.9826792755084504,-0.7682112772321215,-0.624924154474197,1.44248527362116,0.7057120926041548,0.5980606581893209,0.019906784688436492,-0.32357917857703844,-0.6324007099530615,0.5957516544434648
SYN3_0335,-0.5110344622858662,-0.26664851526875716,0.8735525164234911,-0.6804534348768719,-0.2059399291661438,-0.6090172018344013,-0.8085250782061282,0.7160172452061075,-0.17862286196506102,-0.13731111201685997,-1.3825974866559865,-1.2418949025543833,-2.1016898475172723,-0.7807702784639844,0.3046158968041604,-1.739418299231291,-1.028364112268047,-0.9894548295476203,-1.6951606018286682,-1.5564322191524853,1.4302701192541232,2.319531586681768,0.8104367309380646,-0.7429052396911756,-0.17175503209631668,2.283651270753677,1.2870010738423583,0.9119288294112871,1.4909845463307625,-0.558936750853523,-1.3909387798171329,-1.7900978260378106,-1.0723400991244643,-0.8483597600774936,-0.40379711702358034
SYN3_0336,-0.7431363657441442,-0.7099134344297309,-2.3660340300507388,-0.686893321280216,-0.4860100785464418,0.7642793230213994,0.8563137789455001,-0.16194152756702188,-0.5092512728615058,0.37033834665075266,-0.8443390936104832,-0.24538777480118115,-0.2453788526484132,-0.07314524537396123,0.5765499987857744,-0.7515580850064137,0.18281579211726476,0.5463869317012647,0.5468305287048547,0.25650952167187385,0.7319539813460334,0.831552233366199,0.8521563136953438,2.1194150273783716,1.607751507374669,1.3625861325492248,1.4640069612258262,1.2579270928214463,1.2149775982430142,-0.43728790733227096,-0.6799926210587838,-0.11609324942679254,-1.0861678867762832,-0.12721747118075982,-1.6088433352384606
SYN3_0337,1.1867949195522176,-0.49186800726251423,-0.3082907952799376,-0.691615174598383,-0.2345522283330915,0.13860916804481443,0.5459332063695949,-0.3884322846065167,0.22493804546814752,1.4149146417335687,0.33435025016082537,-1.1257722962538985,0.7544235394168523,-0.7962704883436456,-0.09374328633726585,-3.4753659727859185,-1.2161214301216476,-0.8906430634538356,0.7485864575247475,0.313788071221072,-0.7639883500135525,-0.4709049509175196,0.67381736642377,-0.7336850955046273,-1.875268353320455,-0.8568719954961826,0.16297671358347202,-1.0267715911365314,-0.3007383264388184,-0.2679355099782307,-0.4892038542034827,-0.43973757992874,0.5693716238603741,0.3475561969094946,2.067815177857697
SYN3_0338,0.46260368967854937,-1.044830492176883,-0.6130248441256669,0.03508818013463854,0.8417515943191934,1.8947238776383586,-0.05377387912879124,0.29451619861102984,-0.061280557932547844,1.0522907428205421,0.8886583319742616,-1.2447011803296215,0.9980122686210875,-0.13885795586267938,-0.49391106507913307,0.11174751677106047,-0.26560351090507467,-0.396156715480558,0.6380978437940343,1.4824460126635535,0.06951761931504377,-0.5284054779635627,-0.271443571790942,-1.421521677501519,0.3202654181859975,-0.13030821727085343,1.0673632593782645,1.1446105141758969,1.1795066218796615,0.25388827153307825,0.13216005867476854,0.40811799226202533,0.4929410349655589,-2.6415506567521767,-1.5008780642338155
SYN3_0339,0.02936841987158506,0.828339729188546,0.25595199927191914,-0.6346188558620324,-0.9930088051273258,-1.7490653991851683,0.05396118189306379,-0.957898560684227,-0.5312573519927016,0.08462668217966982,0.23387019213372714,0.8552183549437877,-0.9533475935987087,0.21669454859167314,0.2910558933233022,0.13419003436275365,0.28869682526706775,0.9704294557827723,-0.08808554982721031,-1.063678583451818,0.32991129987687107,-0.47939458683823877,0.5237798912551307,0.18103550356698594,-1.1709575001219312,0.48779072314607674,0.8049994365811328,-0.28203349999415545,0.7207005499006348,0.0037191764530685434,1.0403485607190248,-0.7625374715284128,0.488276491236216,-0.4497371822907193,0.09212084822338788
SYN3_0340,0.6497302490545224,0.43409589060379283,1.4156667071569846,1.8644120316679045,0.5548799123291407,-0.24564352872788542,-1.108661939280576,-0.42183964109209376,0.4400978066480317,-0.5023631108350104,-0.030063623309083787,2.084076910136677,0.6593891265283596,0.042647221929171315,1.0231837625005418,-0.37721870799171686,1.4849847821850441,0.5529123932200702,1.243081552256831,-0.568463578670023,-0.018585622694258768,0.009574738692693246,0.6364561147287195,1.6357242667581773,2.0132064419682574,0.3064155935790382,-0.9317130063977237,-0.858783380510361,0.8818768737085557,0.9903393671823638,-0.18130110037872132,1.0472241238182411,-1.3056232935111372,-1.46259011409436,-0.44337025181206935
SYN3_0341,-1.3116650925853517,-0.7837849779457813,0.5207740641725328,-0.7995071724041506,0.05506225933068185,-1.0548029946329505,0.9794193491483758,-0.602522224911384,-0.834825331867593,-0.5783989321538571,-1.9491165057013822,-1.718326821960292,-1.7484336363422335,-0.402418046981871,0.2614665533492201,0.3937587191955183,-0.21152878268340064,-0.07739171169508056,-0.49196235888350137,-0.13627004547452531,0.5771916089609037,0.12619305814228665,0.7105182433732921,-1.238290052156381,0.29785016035835626,0.4542231360067279,-1.9298775506640977,-0.011940691317882609,0.10746574514234099,-0.1442882210285135,-0.016425301930481456,-0.1510126035735166,-1.661533464954986,-0.5877640278669206,0.3603638436964265
SYN3_0342,1.9722389370994167,-0.1051458248349339,0.20846255946552134,0.11421069239932863,-1.1375291547519237,-0.16884708022878195,1.107845247356638,0.5293534307773378,-0.19571553714754117,-0.6833699136929728,-0.3035304482719486,-0.307013199876224,-0.12958554831040034,-0.059650843340901684,-0.8088796404432299,-0.4850982166359012,-0.2850626455958108,1.9173905161294196,0.8281361575142983,-0.8263327369158041,0.28833126929285446,-0.19210212662263385,0.24710113508791132,-0.18236567832392095,0.5800992693895075,-1.1157653486201582,-0.051724500532023876,0.27068024426865767,-1.7196384925763533,0.06013858481259827,0.35390247552448845,-1.2550599017632593,-2.3212498633694296,-0.4821000187911662,-0.1145334654675056
SYN3_0343,-0.43073345453006096,0.23987049492192902,-0.1514136692071433,-0.21574272845586234,-1.3236691963888736,-2.3331596084621093,-1.6179510712350513,0.9580573266449129,0.257146572670142,0.6581039236210154,0.4108046804066356,0.6583047918665913,-0.3890521970663381,-1.6052698822662577,-0.6679591085955994,1.7755962129893683,0.9187204621711482,1.5175052122445662,-0.29574058174411144,-1.5682101203917322,0.3873101878413486,-0.5914678029734447,0.3017062195176407,0.5624639302656781,0.6835734236441098,0.5665141218849349,-1.726531455905289,0.46947284309258375,0.6740583086589972,0.19639838726636136,-0.7631338146607236,-0.06749392038660552,-2.532540761775832,-1.3913717785697657,1.2095603033982132
SYN3_0344,-1.861905083552016,-1.2801517485137541,-0.5908679777722096,-0.6926244844278178,0.03383147539583781,0.8227128413669531,-0.628732391226422,-0.6259512611137741,-1.4373414636338673,-2.3383990378353623,-1.485380754713778,-1.3137139275474385,0.6340003485894934,1.3941801357315868,0.7583076598074224,1.660184710503947,0.5875189453077279,1.013993111597494,0.26743972223785395,-0.10691995524155382,0.8580711712049058,0.1891885686927616,0.6420300401172709,1.6007318376015367,-0.10605265054876459,0.5212536418909268,-0.3590796255368113,0.9170773008088214,-0.789792004096497,-1.193204180312061,0.06052360126491851,-0.4415859364558916,0.2268413261261226,0.06455326609926287,2.4379481551278115
SYN3_0345,1.64351352060562,0.5447311670044583,-0.12925937250237476,0.35784387013481556,0.7945971792462351,-0.56140931908032,-0.5102263824910876,0.007828259215952238,-0.034113402079335456,-0.351366898740647,1.0565312329937546,-0.6927571849039484,0.5550228021809196,-0.5818073362030175,1.011487884681465,1.9997293477979692,1.9738662038743868,0.4175049327172917,-0.5201827636997236,0.10039524185065817,-1.9706300051796746,0.3663155701502489,-1.2982334403877094,-1.8830102136603029,0.3473834661357472,-0.43409788725632803,-0.8645065197901872,1.8262648173815925,-1.1108085826453953,0.5500932563895147,-1.1690794927335721,-0.02497637034034955,0.16527832694746064,0.5466023774528839,0.5179134374282305
SYN3_0346,-0.30629754392360753,-1.4806623044298268,-0.8142313050541494,-0.10051104151739568,0.4631790410508423,0.77855701681281,1.5162886568097647,0.7581994079471538,-1.019972433608011,-2.5956839699766503,-0.024366938533820177,1.68117793828745,-0.24262742504491985,-0.5366465308182334,-0.2281578885019964,1.048458939066319,0.26066197686424714,0.5416637738092662,0.24793363587831854,2.516813974795459,1.7025785537341702,0.3409614459696366,0.6652993827549252,-0.32869331768568244,-1.5009632679683622,-1.399070059546714,-0.7123172565973026,-0.044964445772003044,1.8513435189099439,0.07731500768069101,-0.022390507081639165,-0.9118865731143758,-0.43969682204231597,-0.33306199787525836,-0.994745942605693
SYN3_0347,-0.8141797853697895,1.3852196576393607,1.069497242370533,0.45848492845003685,1.8512213720357227,-0.33240434384564976,0.3221440500996737,-1.113622104465443,0.3060503745325596,0.300851926831652,-1.2890526639451523,0.8764659622573021,-0.5076012136489937,0.310856409575524,2.6607523614563653,1.073233736685798,1.0626080219413319,-0.8494684555795419,0.626124747209868,0.4120414513624679,-1.1064098472909616,2.2899941417004674,1.2392162630939734,0.32705712020551614,-0.8006781189926211,-0.03248010724234115,0.7546377201029306,2.00866631206347,0.35339917063653575,0.14389356343796902,0.5827838509923396,-0.637068935728615,0.369518697226312,0.6009156166328793,-0.5732078835676836
SYN3_0348,-0.8918790167933465,-1.945416649405874,-1.2560036712357165,0.5634249793380137,0.04594739635447201,-0.003364266311099632,2.137801950750999,0.9787434205516893,-0.3255653527951253,-1.1225139742319425,-0.6276947980548044,-1.082282831108282,-0.4497040494601215,0.5418417801939,0.47817125753380796,0.32083187141431263,-0.32361911064098525,-1.3478003811807429,1.0754878652568247,1.6005391448228492,-0.08122601948239572,-1.6096883126765615,0.29470036135822486,1.4107305080043062,-0.00794394284887581,0.7316425775030744,-0.19630026122740818,0.9281159349425925,0.12635459893429038,-1.427031743104488,-0.9827858059307114,-1.8627098279259235,0.47125787689711524,-0.1281285157747349,1.2375601451993439
SYN3_0349,-0.05962872872282446,1.5344782441899811,0.9886004041315476,0.458711616565074,-0.011939505328583979,0.022799836975471142,1.580211898159272,0.7670846892160834,-0.29060142310764736,1.8758466066944843,0.6346459797998346,-1.189275214011849,-1.5428326110361883,-0.7269408013719749,1.3253747099588868,1.0295796491856881,-0.263321191526093,-0.27946334710433474,-0.17694996809268282,0.9203652927432376,-0.06484047330547474,-1.2115549544487387,-0.41456962335164016,0.2532837066057146,0.28849073148716137,0.3263094319232041,-0.07146411710204484,0.635736059643864,0.11629462705813698,0.4684882913860835,1.7622847346136836,1.5111335324815311,-0.3716234809641044,1.0981039095441396,-1.266540816761709
SYN3_0350,-0.9865928568810913,-1.2913590303211477,-0.02030747337514294,1.0485414317455377,1.334480747813641,-0.030327094966135032,0.8382804325034885,-0.5847870343362004,1.0070390311959174,-1.1800610709834294,-0.3862821976620076,-0.8610247408378607,-0.8294361504877632,-0.13081881756955707,-0.424145991588175,0.6033256721063589,1.9276223717612937,-0.7373280408116559,0.4275076096802695,-0.6398008483885748,-1.2666338026032735,-0.5376087062899519,-0.6118347347867369,-0.9821991370996643,0.3055018425728356,0.28963867107315144,0.9663826132161392,0.006951268907128708,1.5114898058864505,-1.1495257323346566,-0.5446774150271244,-0.39659758426309744,-0.27068014425869025,-0.3009435462606214,0.0250273067360748
SYN3_0351,2.2875424533390096,0.12690796703951548,0.8847560030118807,-0.6756511787225062,-0.186760551232126,-0.2885974041567194,-0.6438219056178235,-0.06504138194513756,0.0309784002334795,-0.2173277642816586,0.25014917424272065,2.307850261416071,-0.4573493827079794,-1.0824426440568011,0.7691607409044193,1.5682523200044631,-1.354403689909928,0.5332828444416513,2.1162638034731684,-0.48823015823528054,0.11082789775057429,-0.6723891248616856,-1.8010326338048346,-1.9630138750246875,0.5600538250717834,1.6088516124711112,1.4708725742704556,-0.2299901821000459,-0.05233397607982999,0.5574124162535365,-0.9717352888595083,1.0340669218137715,0.11791795855663745,0.677515533325745,1.3849364526618666
SYN3_0352,-0.0032935035882808873,0.07618547610285208,-0.5500829893167318,0.1550778034181877,1.177819043846401,-1.188978282259072,-1.1856474308503322,-0.748139974036556,0.014862193680326067,0.5937407348255603,-0.2445361762576793,0.1495742656396621,-0.005537292178470347,0.2862581912164762,2.0958891452450943,-1.6252729221660203,-1.6612949074709142,-1.0803335384376924,-0.29327430025209394,0.5678545963488865,1.3633787193030726,1.2648020868553005,0.015707434840604814,-1.3195626489352517,-1.5420874127726312,-1.1676691823288756,-0.9501051506163437,0.6638648526460953,0.7026180906755126,0.2880324570806473,-0.13675882798228606,0.7079509148767114,1.7986976020298515,1.1819487156278838,0.6736302162698299
SYN3_0353,-1.8265144515320375,-1.778312685818277,0.048782136798115286,-0.4540550576684454,1.110531523888926,-1.109744523923093,-1.0378916406447016,-1.8755150972429366,-1.806050072483205,-1.859054560808817,-1.1254985516694693,0.038264805331790934,1.157507873413358,0.3761679473844894,-0.2380798220979049,-1.049805568251922,-1.5307001961993747,0.009662550761491466,-0.756530260008071,-1.0707893412484475,0.31064120401774264,-0.35167466592488844,0.5474579296149537,1.4439225675218628,0.39657615709268346,-0.10471294561715663,-0.21690101946772058,0.4802007225859837,1.5301751871605878,-0.10033906892096114,1.002091429556056,0.13925452314860642,0.1883654692313877,1.0163787628034369,-0.40841357239606696
SYN3_0354,-0.9426911802357982,-1.2344569923029025,-0.5382925954511701,-3.0935904332193283,0.6678863550736124,1.0468574368008816,0.48076441218449467,0.18204357284787423,0.51974586750685,0.11123161525082616,0.189399339476148,0.4042226614669043,-0.7356377836217673,-1.886030701659315,-0.1895504608435026,0.24935184446161948,-0.22264950742959255,-0.24500598873398563,-1.4884065243612494,1.120995074063802,0.18877981097160113,1.1692271137127885,0.13546311719922266,-1.8421433006614076,-1.4484847497006814,-0.1386198739241797,0.19557695267273426,0.4579816032708786,-0.6646743018971157,-0.2652090214348796,-0.48048878013229995,-1.2633317707506353,-1.9534249224257019,0.3334376539671588,-0.023888245103322086
SYN3_0355,-0.034298817331830295,0.04914689297510924,1.0679545389116663,-0.12993388826269117,-0.38472386416895493,0.3112995395578001,0.47537653416277165,-1.2633391298907042,-0.18879784548363865,-0.2992126708233428,0.4692630270714477,0.16317174203810492,-0.3388041361277993,-0.32178493836943506,-1.8878965640069474,0.06265545801413669,0.027482281273351214,0.6482982333180585,-0.31996662869473863,0.1393328745398504,-0.34846573080764437,-1.7681700949320311,-0.7455456321546031,-0.9758809421270024,-1.146155206140236,-0.6281215284888533,-0.9206409132253884,-0.8690504531694238,0.3004538210583572,-2.010667260751786,-1.1885023597772304,-1.9590249667606232,-0.12760042914446004,-1.1739632209368829,1.4373958271400438
SYN3_0356,-0.601840439647826,0.3975236165498321,-1.0311304486357378,1.29200120859174,1.6384209377335006,1.9437428318063432,2.715763466993337,0.7438432671621276,-0.8733879451628752,0.3040637461756892,-1.9173911463222675,-1.0067612721814385,0.03159477934548192,-0.5542336806149311,0.4417514050383783,0.0670301998373261,0.7238572057169497,-0.772563744197856,0.20181382502732217,1.5651915742768838,-0.30096196118311397,-1.0691221177128527,2.0502555440000334,0.09911517411518024,0.05140445073443888,0.5845530013015673,1.4000019571081295,0.00823654288943984,-0.7833872157164601,-0.34185199633485736,-0.8459700578539355,-0.23043363023467847,0.5309949555956089,-0.7823532051865829,-0.07549576659548536
SYN3_0357,-1.0072899195667926,1.0317915373646227,1.9417979849520544,1.187766830615959,1.0309309824841202,0.06163389025106712,-1.4760840964225777,-1.3999077399615882,0.8912939459430542,0.881628464041918,0.20041308272907388,-1.6773494132195235,0.8883674329949208,-0.7100188958334269,-1.5784444609435815,-1.1509185828964257,-0.8175678280158288,-2.1657424990566194,-0.191435709635821,-0.2640936900368179,-0.8256980223198929,0.23095912920147368,0.03490997845832277,-1.446172513281262,1.3446310128443058,-0.07843727827066446,0.3740839864209297,0.11683571966235008,1.3826416672890127,2.3387229229225173,-1.6731752955655472,-1.9387487469688072,-1.3279834256294432,-1.0133616034229473,-1.2021699953672205
SYN3_0358,0.2989911555853005,1.4329786547231536,1.0420830592000812,0.11427164947511863,0.9269688586737503,1.0876271797901171,1.5325494572471965,-0.19562903392415987,0.10078877774167348,-0.05307195553208163,0.9881476421422266,1.3442356521451564,0.5169587945360202,-0.19026614377000042,0.7233852601406022,-0.24964970634323075,-0.10992928532807379,-1.0479188061679872,-0.1660893591955244,1.4917980420725738,0.8178223729161406,-0.20393396833365757,0.4631628051731742,1.0078200903037018,1.3217634522660484,0.6156378550283053,1.1077572603779458,0.7356084775913891,-1.8155355126783734,-1.5240930053599528,-0.8520920873709349,0.6863702863202165,0.23956327271591757,0.03454401507698721,1.5315479191605768
SYN3_0359,0.7190730217277318,1.0632843549121649,1.9909775007734762,1.9522317032369387,1.4712652149888807,2.1275475961799066,-0.23536691179080707,0.024293857789093667,-1.0965440251346492,-0.22485584638211642,0.06482798353236302,0.08811921413442371,1.1285181650138811,-0.5435471479645615,0.023312824613245006,0.45983650646689084,1.3309726877207944,0.13353236699539728,2.3442306748086383,2.3927019996313628,1.2152395030698575,-0.5651981255135619,-0.9552497957525359,-0.8164678745552243,1.009747711827194,0.8474334753330971,-0.40541525053549216,-0.39444992422815955,-0.6671577188758026,0.27637930247195597,0.34641933054336166,0.600186866295357,-0.33584226009531926,-0.8401192286555772,-1.1164370457159731
SYN3_0360,0.7895466440598286,0.3802308647365311,0.01418871091005704,0.7072417525519837,0.5762927422197821,0.797516197282348,-1.2137585014082601,-0.6706730328293483,0.8182453967802923,1.051526074192312,0.3176081753227711,-0.3488215437117914,-0.4099141215280692,-1.6915473949695017,-0.7712406000940717,0.17119815192396698,0.07706999652737079,-0.1359957902680802,-1.9239691729794568,-0.5334153709908318,-1.0937487935782102,1.1907416426398212,-0.07240776840575393,0.50078667452708,0.9829711817207852,-0.5564771184738109,-0.9541156551804075,-1.564484652273802,-0.08798382827266424,-1.0937869983395323,-1.0917525713655567,-0.055965966372528125,-0.27015175838324784,-0.7470946929013771,0.145291924441811
SYN3_0361,0.5053345138510289,-0.3862705994390287,-0.32707475880232156,-1.3090859844502767,-1.4098814491878846,-0.16567156501669378,0.019337475548239873,0.6822647303428063,1.1182924617043009,1.690249350298046,-0.4307874491088299,-0.4907751802539513,0.3044502985211541,0.0046200219706153,-0.5980779648743424,0.10885276110901922,-0.3344674921026394,2.2320322783481963,1.0827650366251993,0.0544964897288177,0.006051568340014138,-0.05975664427291426,0.4013106374177003,0.44069489525395344,-0.9796668715505843,-2.057799491712522,-0.17050472938219335,-0.4465644524910233,-0.32057078394821353,-0.8315069577898442,-1.4543684468272522,-1.6742749999032809,1.2561298122418192,0.019036801615936263,0.8478813258510167
SYN3_0362,0.7476256049461855,0.4932711555355776,-0.001898045587456369,0.6095567166609824,0.8804009772360197,0.8147670965793891,0.5118106140286599,-0.5465317055247544,0.5388834089256462,-0.8451504497509613,0.7001035144704862,-0.5251099444750167,-0.010032055643456182,-0.4222969627161052,0.7434793471219628,-0.08389240420643239,-0.4436572434972083,0.7200693053437444,0.649893362646997,1.7810760796463538,0.47642030501509786,-0.3880835564617744,-0.9540809610707713,-0.33735079404524365,-0.042715411527547716,0.2856531951511368,-1.1096224060763844,-0.5772465489616218,0.9892897233283572,0.3764976224265256,-1.619663194114506,0.5602641707960521,-0.6718452996818596,-0.37597657644279053,-0.2625584534278676
SYN3_0363,0.03489115482741981,-0.8201661357455807,-0.18632013528187427,-0.09387353365738438,-0.4764044291719497,-0.5799172493854051,0.7963391787503405,0.28074031086327716,-0.8442541591691841,1.0237967378754198,1.2363248857019773,0.4304542651858072,-1.3502083188615042,-1.1819240439830618,-0.1305941062383253,-0.2836605905363316,-1.0534732324315361,-1.2097571913663454,-0.04501709673416708,-1.57631974154791,-0.004014064515675518,-0.8076753228921674,-0.30212337202351314,0.33373498066531654,0.17933565673800103,-0.09771199191809493,-2.3336454373733604,-0.46010083004840274,-0.014047375568601419,-0.40157458137726504,-0.2939349479415742,0.8768020468654255,-0.38577764828315053,0.5576905452364678,1.2502288833208584
SYN3_0364,1.2792691512930356,0.7776526921187387,0.15153118762258436,-0.05574941811072789,0.14662060261013418,0.08994828853755023,1.3708600639096276,1.2402887409341772,-0.0781565807179739,-1.4923599889182775,0.1751185286517665,0.5445145463425964,-0.6983282988144666,-0.5176541324492197,-0.645605634826386,-1.5146622712943052,-0.9263592858453458,-0.044930559350799315,-0.9478388205100067,-0.9679920030977948,0.27966168885192766,0.3622019347799948,1.2925904073553371,0.8192076408794785,1.5746016615587708,0.8589156918544789,0.37738715082372476,0.9231275515924647,0.017272708024904854,-0.4567187336415606,0.3462315281260408,-1.1103390393273156,-2.552438392055237,-0.09913504898974974,-0.6004958601713829
SYN3_0365,-1.0069676211270435,-0.09671517269159233,1.0535730590012793,1.0250556269564588,0.22738529840829777,-0.05791472513613364,-0.7585619323719587,-0.6850399982808545,-0.5827461975350628,-1.767495525010173,1.5252978416068073,0.3571735381968239,-1.6689196651231308,-1.2257573653476919,0.07181325183409157,-1.3931795750609337,-1.7042552723510054,-0.25077388620977714,0.4430593081000816,-0.02591712381382025,0.26957643894936295,0.2665115846802022,-0.5498729321513144,-1.0381541129238436,-0.6077228116368332,1.354976635713116,-0.02142164696626556,0.056109172045835765,1.034762518802784,-0.9957998241492954,-0.346201976907335,-0.5673472518175379,0.41408044776273656,0.4149777380697284,0.37818486737818446
SYN3_0366,1.0003819574838684,0.15058880417820647,0.29603201190067446,1.2323752415081357,1.8799070283214965,-0.3097987031190522,-1.515800073670974,2.6284335017387166,1.1717729757752742,0.5550514075811256,0.13612666386946193,-1.0473856877791117,-0.5534283264887369,0.6359984761685203,0.3475366471149774,-0.9833443559276076,-1.4962843743685923,-1.028398926701981,-1.5046243088941744,0.11096010686356293,-0.5525486078080886,0.47437270889387856,-0.28388614691742825,-0.5109928494269969,-0.7164075652814035,-0.3072075106106143,1.5390828374521328,0.9129636353072372,0.7503843975387071,-1.2350949190842284,-0.3142436700152798,0.13006893439378406,0.15236106923552376,-1.0500600593825895,0.16436717971761766
SYN3_0367,1.7543571961855942,-1.2566379031411639,-0.0069130558216491935,0.0977541825780762,0.08827364167234272,0.7187109755785748,-0.14704676950186024,0.19618958594098954,0.8182233373904779,0.6549076381547051,0.003858076956148774,1.3740811420571146,1.1539050298688278,-0.7390093838721301,-1.3241235329232188,-1.6406570550022617,-0.8417656947491166,-0.07095462193898702,0.9379763955909676,1.9716288969365205,-1.0622752236797668,-0.9926361171064187,0.21474659129358717,0.21973058404080803,0.1640305195582699,-1.99706974616483,-0.12211401133679493,-0.5931120250502142,-1.315535658045697,-1.1271922579053237,-0.3877338429782996,1.0708489476223482,-0.04725808656696898,-0.6050065687485555,1.0194336508919448
SYN3_0368,-0.20834271436960106,-0.3978202214717671,0.062399056614808976,1.2447177950313815,1.781601418617712,0.41881671387840363,-0.5424028772692262,1.1314016360507029,1.5252666152313015,0.5177927207371928,-0.6008237678375853,-1.3981036150117279,-1.5165606545818127,1.0383958263154762,-0.6133631167853747,2.0666880472435087,0.6255091752669049,-0.4325548254731862,-1.7954578864300739,-0.6775500477669144,-0.683551919060843,-1.0807799410454015,-0.47521337807656955,0.5563563807310881,0.42226808110775105,2.54994094820864,0.7530162501235371,0.7770468302401607,0.4066865801014281,-0.4424252505283014,-0.5970753066115676,0.2996410953023468,-0.4025927374119245,-1.6623410709162931,-2.9548042016108544
SYN3_0369,0.6598442230457144,1.737244184889578,1.1143439368012438,1.2873920325044457,0.3738338041331007,-0.20425274178609354,1.436674744955791,-0.35829480260887947,0.29029853757323826,0.36058473853037126,-0.2683759441686929,-0.7145099224226783,0.3390434185767506,0.24016155950128518,-0.2035771740700486,1.4523064103447785,1.1482281040402393,0.8831843380413341,-0.39559174978561484,1.4003103243483461,0.9513316107915303,-1.203231400892794,-0.00404539796258257,0.777434125502477,-0.7951562953835155,0.6954199954204182,-0.3102927387717512,0.08552843698241486,-2.532657960029021,-1.1206160771271962,0.39628129249772776,-0.4503678322202919,-1.735923209293887,0.2715225940522895,1.0967766295907964
SYN3_0370,2.2001801797681906,1.1812862115467655,0.7297578017962445,0.05441428447396129,0.1529881110641669,-0.49145088966013384,1.7005515838163254,0.49850272284137026,0.21701314575990624,0.2701015178142708,0.37672171315885017,-0.14761287389650635,-0.23388128391841878,1.3459778036248216,1.7524568267096776,0.4351566257612314,-0.43819771042242783,0.4134445420430215,0.20093674398898437,-1.3976792721975917,-0.8928724233030776,0.8786365430065022,0.34855978481349165,0.18678111030830355,1.7916744434197416,-0.3562986173265209,0.428930542955887,0.011586360847500372,-1.3496482353249597,1.3472373127876651,0.8435458319710795,0.3025265666256972,1.2799688767976234,1.2421101052160652,-2.1062196215043953
SYN3_0371,0.8852623463818514,-0.9922702426076444,0.11808007527754318,1.950263153693297,2.452184833959557,0.05548269887431616,0.2505325001153262,-0.09297564963028306,0.13818388340935234,-0.6543574880640363,0.2250858055902463,-2.1908684582877056,-0.8046213775975017,0.10146895033036597,0.6405232733066495,1.221364206546621,2.6035603163674494,-0.20289635665692937,2.9400294318167153,2.5343579696672034,-0.5321551191180888,0.6190051146559704,0.5114373596139574,-1.1308271269108094,-0.042836934968199236,1.7268637933992572,2.0533348314582174,0.18604383732562427,0.6015993571526591,-0.7090226255480537,-0.3109539421056973,1.437084540336712,0.8191676108410312,-1.1932476177489972,1.376992982133642
SYN3_0372,1.4004649064736086,-0.07614052563605062,0.329500864821558,-0.05207182292275669,0.6453490827683416,-0.6552279369061214,-0.2809180676405387,0.9804293743554107,0.5033096448587733,1.527540449454725,0.8852021861893209,-0.6155811956613035,-0.07141575127721908,0.9573264416473669,-0.49740495392562123,-0.17324446403615257,-0.29640329009455474,0.5569062918381255,-1.0664148856485836,-0.18095867269975152,0.1200382061809627,-1.7484331536765585,-0.2263498143435803,1.840643165479429,-0.2926045434977053,-0.47054343659229525,-0.717664906609438,0.46730030344959445,0.8939879591221105,-0.7953266599365594,-0.4939829655194734,-1.0494863311487852,-0.8553196953495684,0.239373026027689,0.8212749649563378
SYN3_0373,1.5537355240217532,-0.40354711196714643,-0.025571597862921912,-0.24235311633519713,-1.1030231632771228,-0.020533207712602874,-0.7457809071752138,-0.10916047254951142,-0.4206348718487816,0.9671741384561341,0.21443242849050467,0.9947444696747647,-0.15558614834897683,-1.090425589112727,0.058711492920929774,-0.8168895017136123,-0.35166140709481136,-0.04489974953881666,0.21164787557928114,1.0545695993238229,1.49235345514684,-0.6673454233502533,1.478649057684,0.13898766439043728,0.25899042805161626,0.7563955845062629,2.019503832377897,1.2438301360351671,-0.973660015146622,-0.6528244584863732,1.040760744679973,1.7147119204638814,-0.003105104272613135,-0.48861916017341955,0.6327326060164511
SYN3_0374,1.0271249928927395,0.1250463662901145,-0.7187858141503131,0.8695914300884825,1.6783070245167604,0.4489685689223746,0.5487478482586993,-0.6511823796969285,-0.3561403564599782,0.49741004518883863,0.5007591241083423,0.1470352672405666,0.32502865390639396,0.10249038577169892,0.24949140007277046,-0.6285962042257833,0.5482535613914287,0.8798260782820811,-0.4958173859816128,0.8739404982547234,0.6110672320706553,-1.0559451157361464,-0.011947577940776586,0.013022541406573966,-0.7515382933057038,-0.25697555437252956,0.43310426160437765,-0.16757461827571607,-1.427456994605875,-1.686858278003993,-0.34445660070628625,0.29237025367047204,-0.21655569729778157,-0.29904466758700127,-0.5804871072525779
SYN3_0375,1.8797645759282826,-0.4418762022279967,0.6886327983532669,0.6195348017934421,0.42356221064505073,1.2378433652577272,1.392262003067552,0.9488814729804389,0.40544011910855493,-0.112927501253756,0.47886902418821004,-0.018023488790797182,0.046894988185246636,0.21684400250985175,1.1967649635456308,0.4607741459528328,-0.03094705290133215,1.5350050652706666,1.3500751888625706,0.968649106280728,-0.41752062830364794,-0.8779010159022319,0.8382227942694459,-0.46060880414634214,1.3255071207496736,-0.8978182916052777,0.19404779973074315,0.9991697274070425,-0.8023746746013293,-0.5917372705060348,-0.22180346062199827,0.5188492952583438,1.3901777319421469,-0.3941159981297774,-0.2212290295816805
SYN3_0376,-0.4822516318003608,-1.3699271522822873,-0.2959852957911163,1.3812172012484707,-0.26453910278299475,0.9931143853476206,0.8499351404219536,0.06902566311605934,-0.781961871630986,-1.458219134301508,-0.9413340769070488,-1.4014052867565947,-0.5019681916145535,0.2119888920388873,0.6763360943317942,0.19344663550457633,-1.5767945101462473,-0.8759039739549869,0.597674731419277,1.1671718476401358,0.15666486296015503,1.1385716434652002,0.8089318544834455,0.6202727014326254,1.1993538838778282,0.5740783445804295,-0.05263582086631914,-0.7769865335312489,-1.0828794840727252,-0.3456999817396943,-0.24773918692922195,-1.6345543801507625,0.3145190542777495,1.8175515314007873,0.48518258018555727
SYN3_0377,0.33585863389850257,-0.2484139693053639,1.3778580132120124,0.2513782767792481,-0.554818873012918,-0.8977955266959552,-0.7146932602892306,-0.2140422336382166,1.0034652799163326,-0.2879991772735346,-0.9096378898371342,0.04716776582753409,-0.6426893482771481,0.1233856956612423,-0.5694394575977583,-0.13812511257275067,-0.1221935085243244,-0.38869312734121175,0.03725370612645663,0.99802364948584,-0.007277789422290439,-0.7985799372657907,-0.07961153853121793,-1.7922889286485058,0.43328266627958245,0.6097519911803214,1.2686699748245576,0.7844982132174241,0.10493384943836419,0.7297094118887081,1.8930990241835457,1.1297703116527276,1.2034873045496624,1.546006728774313,-0.4264736819466638
SYN3_0378,-0.09021240743650172,1.9312091986773305,1.843387847247073,1.972496518247196,0.9004623810997722,1.5626171975624477,1.427148574874282,-0.2864164361830803,0.6965415199136404,2.1757419721597357,0.6138239536093422,2.5359019899983877,1.3043525863490948,1.0105316660440473,-0.015456229800358646,-0.9521951087901155,-0.04701352535713967,-0.7218181401729907,0.4866645299264692,-0.823998516146803,-0.7169384939144751,-0.3125120016809809,-0.29079542138136544,0.7641787230717,2.512416775585735,2.899827722283809,1.615973196333122,1.2997458779713955,-1.1332686440432143,0.4830845750136633,0.20186829818462923,-1.1242203302808649,-1.0443392009565706,0.5059285157482019,0.6338379958019642
SYN3_0379,0.16811535423540663,0.450039142511444,0.6192413080007846,-0.0688210267168138,-1.6395514943476133,-0.7933278893382409,0.8947118994216308,0.7574576498723158,1.5116453953574478,-1.0340803716580935,-0.6853238585104169,-0.486461302892335,-0.1892527624798257,0.8367329640507902,0.019701131615899148,-1.131702909436746,-1.0951754017416169,-1.2115503047431042,-1.0698113746977271,-0.5607682931610891,0.6546174008940685,0.3663719269870925,0.05501986198153612,-0.22669729229794064,0.6846189530664974,-1.8719021210885138,-1.4634867583221636,-1.265554552310942,-0.4611412792488392,0.37631724849796,-0.9365957148369916,-1.6924374277274343,-0.2739161207544866,-0.051726267723131165,1.7475997252899445
SYN3_0380,0.6788691042558405,-0.8948895006594612,0.23029438439839356,0.22818819871044574,-0.3560344300585312,-1.2977391599782604,-2.1759437526760217,-0.5657419710878835,-0.8420315997237153,0.3410425007463821,-0.3414950649795181,0.18306824911464664,-0.13839219536099945,0.8512661391587624,0.01925510755255713,-0.4352326430308184,-1.2095466313289729,-0.8126189869362938,-1.3473895220266148,-0.006089124774077172,-0.38584952139298434,-0.17202029569766852,1.0476420400510325,0.015826502089040035,-0.26114740117244856,-1.3161045552963584,-1.6797729138898287,-0.8592366400112516,-1.8686302207508123,-0.7802572966724668,0.17230418004397963,-1.032990454635957,0.5268935878061464,0.04784093854182283,0.09804284367278415
SYN3_0381,0.6487147442283204,0.4018152052612995,0.21922204751090085,0.5771565841525018,1.3067513318199253,0.690822478335235,-2.056348130095354,-0.3152190609679219,-0.5833115522493071,-0.8785710289863579,1.8731681910819669,0.14869751738321496,-0.396043858050562,1.3291808268718472,0.0031809583042110828,-0.18638727524583557,0.05940123547302374,-0.18107288622645185,-0.835359595782619,-0.2745761360777632,2.3181771598589505,0.61174719504082,-0.019588950087845836,0.21345051613464297,-2.419655141881392,-2.047776500352284,-1.8900802794719818,-0.8664812724008685,-0.5010636554550179,-0.8957036635266242,-1.1290575554383688,0.3264551045716532,0.7217658196496346,1.2023938359147384,1.0020828507587085
SYN3_0382,0.46455443403654145,1.131759220445455,-0.2757988549359919,1.209471304299601,-1.0722262967537546,-0.6198413638443427,0.49534178082305186,0.6357785821298687,0.588672614063481,-0.3686521569831548,-0.9642995286845729,0.2738626314574904,-0.805847297001989,1.3715069124847874,1.9758455719943544,1.2646320898608479,-0.39584994822758357,0.8193768363679941,-0.08352967903026087,0.5682472321562679,-1.2722085567408925,-0.7448389213123917,0.5080778070419097,-0.7496653849052073,-2.13757265538202,-0.8876034814667674,-1.902070295728474,-0.27868866325438757,-0.785259143703316,-0.9290991100604745,-1.3941773519687806,-1.4865194230046028,-0.8842650563830812,0.5742384029990445,0.0761670334972372
SYN3_0383,1.3877909155892563,-0.3205332393049827,-0.1358060498338428,-0.6746428259526324,0.11864038160175877,0.020078011618003745,-0.07157469547956223,-0.2458442660727473,0.9207744857934501,0.3180144337044853,-0.3602691649889952,1.6086837282026776,1.2445995961309753,-0.40790495251678016,0.3766731831149855,0.9296140622170174,1.464765564766894,0.13597345957707516,2.096672410333054,1.0174393604584238,-0.1496191953216677,-2.158099383688462,0.003228850170342995,1.460662967428647,0.20231904462530784,-0.4524608196459697,-0.3318053652927589,-1.4644942293208987,-0.9929713140393436,-1.4713346504468996,0.42790284498680636,1.24931893037556,0.9530342446366711,-0.05964405805263076,-0.14264301427259374
SYN3_0384,-1.3041782104162871,0.8584645182397853,-0.6349019900792761,-0.8184448271955816,-1.2351399923733097,-0.6457089445118991,1.2178251897535164,2.4634297619191434,-0.5449860979187763,2.437128901502887,-1.0009256934473076,-0.5978101239063415,0.9172192633355334,-0.13223633444215666,1.1772340178133718,0.4404359528014475,0.7210297467057397,0.7396044550985211,1.2331372069450732,0.9638186840167144,-0.06477423512785437,0.2720595589633434,0.021258733015801633,1.560308295169028,-1.3219821032062797,0.07705492643310743,-0.16047763656846592,-0.1774938355789371,-0.3113632732977359,0.3183925528449573,0.2287548274353211,0.7511577278257551,0.7969869556206521,0.16137182619053878,0.8671144596208342
SYN3_0385,-0.7806951342265823,-0.663127067161833,-1.9497832696181605,-2.3830335256923245,-2.5094528516034607,-0.26385218415856737,1.3786989644741134,-0.8361759869462393,-1.4159152148000251,1.0674546671822787,1.0713704415763101,1.1793431247214692,0.6268888918422049,2.260705124049878,-0.800596662604739,-1.9240287409931254,-0.4158894558056919,-0.5323807400443124,0.08062168623825358,2.3748075214698483,1.533554114567319,0.10100994257257026,-1.1207279178580116,-0.9392579302325105,-1.865001145082471,-2.9095193113917532,-1.414238566987069,0.3010549016301769,-0.03218174611632552,-0.28746587096378,-0.1847235314660577,-0.6131823335189341,0.7875536729962891,1.8034162813192314,0.36565627163167713
SYN3_0386,-1.2965936542331498,-1.0228064332547628,0.010524818626151263,0.08991391812633946,0.4046327974602602,-1.0060117087753346,-1.274000705933779,-0.0447578912582243,-1.5337292040072912,1.4264264943950324,0.24575735707942908,1.8241580711340917,-0.47594791419437343,-0.6091101470592428,-1.484090788696369,0.377633422831261,-0.8657600158410651,0.16009776308891485,1.2821546923221556,0.15393426933826534,-0.5220290284904449,0.2858755711284005,1.7070476840704805,-0.5975766742087208,-1.2362443019374592,0.6477528521912117,-0.5735949265398514,0.19410663824874513,0.3815370080980856,1.0965555015538673,0.016379012964551576,-1.7531818759625586,-0.355979061985554,0.37523482972425,-0.8528426362839769
SYN3_0387,-1.3680190443079798,-0.6851682507981819,0.21544097744433263,0.7862781567657497,1.2480096045809854,-1.2663228865741416,-0.7326067067337538,-2.334490176084016,-0.21982035230534672,-1.627233695711416,-0.6800548936613525,2.4003655717166423,-0.8281094911885111,0.7619542774653942,0.203218232745322,1.4837213590441491,0.9221591740225059,0.638298764963872,1.34186865227925,-0.15534940578156592,0.7585656040121572,0.5746453646739643,0.890622180784715,1.1887941010362992,-0.5534827728423729,0.8490497276348036,-0.15293059488474478,0.35665247786712795,0.22081108246129,0.7079005983024158,2.1427325348972768,3.5208335769629975,1.6989396281899045,0.009337475234563691,-0.8628627936435921
SYN3_0388,-0.1006954308083626,1.445565155994597,0.7159318292243744,0.8468889849458808,0.6174008526336004,0.14739863656224275,-0.5217517407164705,-1.069085911385734,-0.5003368919898212,-1.8868137776079794,-0.911682911498599,0.7228363278333606,0.8009740226077555,-1.9906674913265243,-1.9447243936986038,-1.6905459398000664,0.44980393807719077,-0.9213822005235041,0.17020449972840856,1.6071332290756108,0.41656774079945424,0.9354034531914772,-0.7638233050455587,-0.4016831313163521,0.08987607995405299,-0.09373665405746921,-0.4469187399207093,-0.7669997291389727,-1.3858569047993203,-1.4936428290035075,-0.9509270522074715,0.2216253602382057,-0.6445607722169338,-1.6257829265040848,-1.1860720649921626
SYN3_0389,-1.2649039008624798,1.4317215247368755,-0.3733290624180667,0.9825696595531236,-0.003194768897661905,-0.2868193831349261,-2.1238929431468976,0.47547147855021815,0.02323230562075355,-1.2130025889699523,-1.548429779471593,-0.1609923582630097,-0.9222837225217274,0.8012263482775007,-0.3904496625725708,0.9921222140057571,0.5192023669160142,1.8887543293944855,-1.863074347702253,-1.0490709454882234,1.3397431790500587,0.6904515014580993,0.1039170479384526,0.43150174856429013,1.207079489248903,0.07626786297888725,0.7458951002709174,1.9494469969448198,1.5763911621626778,-0.5355649447729314,1.3547153598506125,1.0263744121064151,-0.7826863988630064,-1.6348126106559582,0.36022097811683823
SYN3_0390,-0.649747722065817,0.10477710846073918,-0.6100633780950543,2.044681000837119,-0.10692123488345676,-0.23923714747992694,0.06794790674546021,-0.4939453737760466,-3.7410430160616177,-0.9718668897484216,-0.4375648635671227,0.8817108492180898,-0.5220452632428144,1.4797252773998426,0.7222460832538133,0.2557252079052422,-0.4853498059703748,-0.9763826803746967,-0.5871734419768531,-0.7994476938613594,-1.6597296058427957,-0.7508402468875879,-1.4861063671194603,-1.7391493379691179,-0.577740771898796,-0.52129137659355,1.2287768480404941,0.44181706800036685,-0.07500132166022135,-0.835213834011178,0.6795258351411421,0.735195156401741,0.8186273623288042,0.002158367261891256,-0.9418052475323522
SYN3_0391,-0.7795036330974028,1.2095360702851967,0.08172009886501888,1.211260138093045,1.2296420812812219,-0.7173168680534472,-1.9648864468654896,-1.9301093422843372,0.8018568771949679,0.38276771160778256,-1.2882096410068486,-0.5015902680279783,-1.2767218123513833,0.1203754095277346,0.8886066201601225,-0.9489975500374523,-1.2928488869015535,-0.4336504688908296,-0.014325196634762121,-0.1836350771016184,-0.34031399872518264,-0.09638458243515914,-0.2702502284472896,-0.7033858431923751,-0.1697621829083715,-0.33242971979882585,-1.4178478394770007,-0.6722776760639114,0.5644837751977387,-0.9393095518808375,-1.0806445332408412,0.5607122063346526,-1.0932105560635135,-0.3109826077924203,1.2908075662502039
SYN3_0392,-0.46290577970982943,-2.042194272042658,-0.8044137464296008,-0.004486016654193726,0.2599880537930781,0.581435614972206,1.8543998020509906,1.1631181638013908,0.3471094502030434,-1.0830751306640058,-0.049138420879480775,0.30561838009680614,2.5313652778286384,1.4211689263487717,1.1107209433646636,-0.16711988329860764,0.953351148802603,-0.053493610317410116,0.016180915581627178,-0.8081235074401254,-1.0265009160889589,-1.46592780417588,-0.8122045970463326,0.011181836521198687,0.8300322980002075,0.5090138887637466,0.16565878579533627,1.0701884529586612,-1.294054444592562,-2.071223859953268,0.2259615524252974,0.321779967124729,0.8428937698814639,-0.6138106247313253,-0.9234112942974726
SYN3_0393,0.3867302161092453,2.0721652839113105,-0.3859390470603738,-1.2495189618833105,-1.0498143263875581,0.21106698205561658,0.5449475162396875,-0.01518930500627817,-1.008328528160748,-0.1074927751854238,0.8336167577583409,1.7394199990414454,1.3741212596323715,-1.8771667281308004,0.0483457387105199,0.12156177406859422,0.49683461329711315,-0.0935677273611773,0.2047490695202444,0.3578922798522888,1.240358226605651,0.16773541736754202,1.0784320305580797,0.38841117316353946,1.9387842565889728,-0.5030954014479966,-1.0787489386731368,-0.7568526945160692,-0.03981956091693397,-2.5389722977708233,0.13135864510741785,-0.5324761316243788,-0.5806180473087178,-1.585197346034411,-0.20625100900225193
SYN3_0394,-0.35621205290819974,-0.6109956825954385,0.9637983030153344,-0.12722712062050937,-0.931692594528852,-1.3640269267745633,1.3139337983231834,0.7806863092440604,-0.5325192744736102,-0.7357172005189062,-1.2011899320371076,-1.2480069974630297,1.0425422865922502,-0.4615214419161932,-0.07383603215622538,-2.151121751171805,-0.6681054399043465,-0.5805609632621552,0.7120705997486451,1.2651127340628199,0.16850421814939562,-0.5173308343978033,-1.3026697702429486,-0.46469124036534953,0.5588752558126641,0.056458012379849175,0.659021689781326,-0.36648526292529826,1.5697469072758101,1.365798781145368,-1.0603546935747188,1.5187655971649228,-0.5053207677890542,-0.8320523738185184,0.2744526788246731
SYN3_0395,1.194059559886617,0.8622968659907443,0.2506682594650413,0.5547567086469226,-0.4278855288292701,-1.1822311217746617,-1.2509795273874487,-0.826938557088184,-0.5256446404612117,-0.9011156864547049,0.18503050283460515,0.08348611199824037,1.0123171208712818,0.22404849197457108,0.29236790832360393,0.14553663759268873,0.7794676725568002,0.807317891918704,-0.3353916158501312,0.457356206290955,1.3146745546952179,0.9218379303060052,-0.025412652995880365,-0.26907056687581293,-0.2709107904771785,-0.5414405300009624,-1.4318688335618388,-2.023558172378543,-0.5452429859223233,-0.5865327793102886,-0.8392909313945284,1.053613499081667,0.07503952917315418,-0.10546648999508267,-0.6874197093781347
SYN3_0396,0.5418004456735608,1.082902579430356,1.3513812430819014,0.04990075331169362,0.32442273212328293,0.9783326061986817,0.21264077657083594,2.1668255882484733,0.4851524409663518,1.087481931631014,0.007429014979906168,0.2545730034458831,-0.19798967737259304,0.43698586395336797,-0.767244061379217,-0.886070320380544,-1.0905235510233124,-1.005158304068056,0.162146987360989,0.38459135230854424,0.023755749812604154,0.47379508485348726,-1.1677156603284051,-0.732311559884808,-0.12428289250946374,1.2162152196373333,0.1546381185186032,0.25838822563390734,0.8967647134757636,-0.3536312604035687,1.0264918608585365,0.185450463058074,0.843832009761212,1.2376476594780095,-0.06615149874650046
SYN3_0397,-0.3651885690389094,0.5296664908522587,-0.3977559633175752,-0.21613281070610144,0.24200455304211374,-1.682725745287658,-0.8902868659893212,-0.11896358111192502,-1.283996456434604,-0.4528965762901596,-0.8824087586505773,0.38789207877071774,0.3137319736387868,0.7819654963662024,1.0826652142368223,2.3645047865426223,-1.1891139572445122,0.06313493663587331,-1.5801773373703365,-1.0369692047937737,-0.9053132560728184,-0.005609688980775508,0.7908752834912707,1.1768576674810827,-0.7308820125095391,-1.3465960949258582,-1.569157492637312,-1.3640782898799757,-1.2756765581616423,-0.6567645561529876,1.3824280218848026,0.6997459015622148,0.8618577224371452,-0.17360195526721717,1.2421632313284923
SYN3_0398,-0.3652225225374264,-1.2483197049926027,-1.4375462275329256,0.7214700643871144,0.9476655041468194,1.1282866549765282,0.8190627717917824,-0.6566527815475344,-1.0432532167838675,0.3666095660003409,-1.025055883352141,0.19735094346446985,1.0152021441717956,1.2825627871440055,2.7508894427194326,0.6870460902719716,1.9296292150677739,1.3432508304060313,-0.7167265085139245,1.264675312597961,-0.409991329612971,-1.042996561552094,-2.2803376395268344,0.7456537712657867,1.1392187350324918,-1.2791468795397694,-0.1752755778621194,-0.2212038180852613,0.25378960011862395,0.4187026596360006,-1.2247676294330614,-0.9268762964142873,-0.25581170869352515,0.5889971910889085,0.6805570672510474
SYN3_0399,-0.5375871998274739,1.7751858113456824,1.9041170659471252,0.8007064961340038,-0.8291810045828995,-1.0454380166264756,0.28339136919383273,0.606346300881353,-0.3027129952881358,1.0530754254848487,1.6232939006841887,1.6728974779171952,0.5211275947637429,2.3364088182117784,1.93607763511092,1.2858211778155724,0.5213459130803393,0.1616186907675296,1.23315767317596,1.4718495189712366,-0.1515792059465829,1.2631669319230159,-0.6773167526840741,1.5522654156837885,2.1648421251031005,0.6673136039237443,1.735182416015943,1.2303617414624408,2.344161359137762,-0.2052297312958883,-0.8899407459353879,-0.43780978856729325,0.3556186931398062,0.7687393147282777,-0.9398971143202641
SYN3_0400,-0.014708867331866108,-0.3225110941400623,-0.32374930276519365,0.849330898719248,1.3943229883003452,1.0752268999975014,-1.2294600743808284,0.1977662822515815,-0.15852288793058275,0.5182175708094977,-2.4221297911791,-0.5483929945367789,-0.796682119297436,-1.9214866011818716,-0.8646776175191936,-0.9782631466847072,0.6202313452375396,1.2153180512286885,2.18676448226579,-0.2958113203582376,-0.21562690747594415,-0.6791495084713953,-2.453534671343855,-0.3428971282623613,-0.3516118409584312,-0.9233153730376825,-0.8728693235138871,-0.9407625617131237,0.8567131123199142,1.9952883751384176,0.44243753439760514,1.4349054794155158,1.8614647657122279,0.5304091231563641,1.673431531947453
SYN3_0401,-0.6688616241362139,1.1786632259958507,-0.7816399871838786,-1.1190980927063832,-0.5210445966189895,-0.3296593775652524,0.7063218516960729,-0.5224470878363551,0.4974776038291803,-2.3815930602409634,0.09733908183740432,0.7835366635410096,0.5542296273836679,0.9788272229704086,-0.4010202690877433,1.099082657657151,0.08904969056058501,-0.3128121987049475,1.6775397855062595,0.145603687097284,-0.5194152551351815,-1.9078236603650378,-1.677972332212631,-1.4671531064980672,0.9097104739025151,0.3529693272179681,1.2239311743466321,2.599973705310513,1.713638548100568,1.0781750179988974,2.1614513909894586,1.8557363450783038,1.8965446879314751,-0.13757267092184147,-0.9519945844770398
SYN3_0402,0.36793886309207735,0.13560346829567527,1.16275594540908,0.21606610306799495,1.0554039161034072,1.4340357481472836,0.7620124364948639,-1.3966324532463343,0.3663141764968885,0.9124918275743349,0.4574395994057463,-1.2995528908769285,0.8136547550640374,-0.494784603160669,-1.1474952294894922,-1.4173658854829707,-0.6387805972811124,0.7281272060165256,-1.2126452826836205,-0.42832063611808896,0.8130414709350571,0.3178845748714943,-1.205141994218321,-1.0701888159828916,-1.8323237596295472,0.09279901844331036,-0.01604042105537245,-1.7742524072692036,-0.38818656073251395,-0.4516332862443797,0.46435214357007737,0.6078041650867219,0.1432424366275655,-0.512728543829827,-0.9863936214378917
SYN3_0403,-0.38953421513229,0.22371187217832877,-2.512883509162297,0.417776549648276,-0.02589748237373532,-1.1396563779641171,-0.6873994792874244,0.17562286661183737,-0.3137489274412139,-1.3235909243759472,1.3994302440130726,-0.1816943055671086,0.38590344063309684,-0.4859276444107967,1.2122919948372228,0.8156165357978696,0.9581086161012329,-1.2360064177968102,0.24789404150389166,-0.5054932069525201,-0.17362496150832818,0.3336151190790783,1.8833725007885878,0.09938256770345051,-0.8506916739996482,1.0151763553270985,-0.1830348545924756,-0.3721704191791773,0.311768887210441,-0.004238235261614533,-1.476521231309539,0.0021215304396916454,-0.15603495050760674,1.434376451411755,0.39758300025510984
SYN3_0404,1.1584118065181896,0.9297778077520789,0.8412093029174305,-0.05178841389707001,-0.6786865728011839,1.3442855267274965,1.1116995114309367,0.5822142516420667,1.548317689636136,-0.1758452966840024,1.3107471226022003,0.1667396882505788,-0.7130134895586459,1.3022201155337056,0.4210478581761595,0.8726910950030574,-0.20255348174493643,-0.12943529933371273,-1.0109271066365637,1.1603493509392397,1.7091356968808586,0.39031232423961015,-0.6467919030994658,0.8952462485905934,1.052736479373495,0.31514505410739624,-0.4034184974134776,-0.3168227082574762,1.3708769018122182,2.8067778066381877,-0.19018266667380151,0.02058740577376914,0.3328875206198656,-0.43197720749504814,0.4329141262596614
SYN3_0405,-0.7735803282298924,-0.032392415936554175,1.0793128130205523,-0.4066550165048862,1.353301950387114,1.180264006259502,0.6066265318872406,-1.3603656910412985,0.5364464883307918,-1.428907446566824,-0.33288602360736536,-1.8055682390311119,0.7435676004745967,-1.5663547038239671,-1.582043028947625,0.5699683831051637,1.7300432543707156,-0.04200915712884239,-0.985424573693731,-0.19139835991597026,1.0258852816008615,0.29417425958015136,-1.255793297529451,-1.052164901190924,-1.2499410958973793,1.6633237113027457,1.7767781414215194,0.7089534702890994,0.45850408914022955,1.2963778561525174,0.637270594284789,0.13204799987761404,-0.4700207837063209,-0.5277293194865702,-0.08631528761351014
SYN3_0406,-0.3437018569510668,-1.0811971669299678,0.8558733296620389,1.0352086749335259,0.5266685505780443,-0.29378958648556874,-0.5055062834169982,0.30946199503912375,-0.46519660722934925,1.5266576049762306,-0.5629762131351362,1.1376074054499943,0.9967331225684714,-0.9983456865323306,-1.9533444350900562,-0.8113003907523578,-1.6683572530561124,0.42563826415602535,1.0271582097254042,1.568578472388684,1.4091304252969825,1.0920840244164596,0.027151006874001387,0.002545107546001757,-0.3880309091324202,-0.20873505466487777,-1.2931891019464847,-1.9425877939754956,-1.2222349818845573,0.9865687361210365,0.22525160074695458,-0.977767223280775,1.5357630168480456,0.6448861947878829,-0.0430642971230828
SYN3_0407,1.0656696552796592,-0.46077883017007465,-0.34874519032411017,-0.26209497458486136,-0.9055662261382118,-0.316790869496871,-0.04304575290188187,-0.8672630682943474,0.26179327234272737,-0.4066919331637076,-0.33026517862805366,1.9005016296178787,1.158095346958614,0.8704115654407774,0.6174646873308943,1.0790979403474747,1.2166409111182543,-0.6293004403156915,-0.5179303618187799,-1.1531017502852563,0.15025371441258104,0.03488730786606615,0.5024318861459112,-0.8122970830360845,-1.6198341479365508,-1.1620427350861997,0.5368929179470352,-0.6284759888291909,-0.3627871156749187,1.1256544649611844,0.16723815113466275,0.3144676144596926,-0.7750024936951053,-0.11005603953028455,-0.9136607281277613
SYN3_0408,0.8286391455099238,0.07553682481451314,0.3655715980421032,1.2476748787675938,-0.13443416943847777,0.41063874345029117,0.41246614047357555,1.016190294301872,0.08072789782726679,1.2126266877029197,0.48837795384187815,0.32175297875200376,-0.20717841861710548,-0.12745606136190044,0.947463677116134,0.2049312084044522,0.9846409552599712,-0.6200472803021743,-0.8395651541710576,0.031827992373725474,-0.3945970644531829,1.1699795844866014,1.4496068203043917,0.23961855745403873,-0.7424699050174383,-0.6349463803607635,0.13988125119150663,0.9304527326013837,-1.7939481554791434,-2.0398245576331613,-0.479310971619752,-0.11648796442134184,-2.010566013294082,-0.2752357271816455,-1.1469726152574786
SYN3_0409,0.15343270211163176,-0.5670841939941983,0.4949752730153932,-0.702577200347884,-0.8290594966502252,0.047604808389423534,0.09720360383247965,-0.667578123838329,-0.7856236234527069,0.4424119226039639,-0.6378910067043454,-0.11927550824645858,-0.9070103158548632,1.6174047976194101,0.8911756202331338,0.8721773671858385,0.3048202855838265,-2.295861942743769,-1.5174557183599011,-0.34795971842268913,-0.19826990641445988,0.4105535174177514,-0.8393135025750467,1.8533757168535347,-0.10541698047431534,0.045378450441412886,-0.9661126876487814,-0.6686206112947237,1.2450680195309398,-0.09651097382908243,-0.5789350342036862,-1.4530836063837098,0.27100850563887974,-0.3914481990154386,-3.132240944292245
SYN3_0410,0.7799224866133897,0.1526612703113806,1.122380815272443,0.8020715562073045,0.3853506691963553,0.30147745796405584,-0.06476843906305385,-0.2716157115963014,0.8439042780159162,0.79526701512714,0.22048967236164974,1.4920418545314313,1.5052379684832324,0.7843357692390862,0.904722846166311,-1.170873599140334,0.04818355282677565,-0.1145267803623163,-0.5306035501585484,0.3115293737456953,0.30606566411233294,-0.7663382500647977,-1.4242782414903126,0.8061685174476454,0.10856763777392824,1.7338088638511546,0.7302245255418094,-0.5911147054925954,0.9072508383109721,1.4462635868996272,1.8330465236687918,-0.9373451216966339,-0.34116082809582793,-0.39142980956435264,-0.24896523225552775
SYN3_0411,-1.1125527057971358,-2.11877158735274,0.679284773851283,0.16001230105431696,-1.0192422767443674,0.7607064113625828,-0.8360242898539332,1.081538895429895,0.15161242169628583,-2.3556478915506123,-1.6484411288636251,-0.3846037500403002,-0.7708089031025557,-0.06242632198876741,0.4458317109425801,0.5400985011700147,0.041363504023247614,0.5115382447082171,-1.5920671194333773,0.44987751660383957,-0.5646419943228218,0.3912677870033551,-0.7007586120681049,-0.2136344069146704,0.643215884666588,0.8054868027859081,-0.004173143679412722,-0.3220245127263444,-0.7013407394907035,-0.46651240926380827,0.829837030638261,1.3974014926864196,-1.4125423288869625,1.26949548561704,0.21625846972823717
SYN3_0412,-0.9589943394803999,1.5366329294068375,-0.5007673789971584,-1.309872154844606,0.5117536322530284,-0.3316441127121784,0.044475026782312965,-1.0239924072610278,1.7985036202932227,-0.2792011590418848,-1.4168317673774684,-2.32555535451295,-0.25826593843929135,-0.14342797071445482,-1.3275896667224207,-0.3486563664885307,-0.7270078333428516,0.09839098782648786,-0.5046974877988727,-2.457798381634515,-2.317187059269555,-1.8740566262828144,-0.5832650888876653,0.7823297017641555,0.9609493541409271,-1.1718321041983502,0.6613919572999378,0.15217621914505683,0.9379150249176619,-1.287220210552948,0.727994297015304,1.4990609661177667,-0.018565065095218953,-1.2340884186463172,-1.4661661150575311
SYN3_0413,-2.1188756103289523,-1.058593014201047,-2.192537671821859,-2.410999082124955,-1.0936350644360016,-0.028403128361663418,-0.5207857995570782,-1.7115907834800783,0.7152640611800087,-1.600707942076124,-2.226100050677689,-0.625469942663997,-0.9828847330283247,-1.4089082910211235,-1.8641710973101164,0.19021368689501034,-0.6068834719664962,-0.6944530719076702,-1.4858283087964173,0.6309041732777411,0.7599308021084253,-1.0775069053120518,-0.8638519905721019,0.31655893569629867,1.2384991199090778,1.3484474989729816,2.1760076384227225,0.1925696335834504,0.05273520793005283,0.0942369401618461,0.8191922278535592,-1.883590782873712,-1.783569237555305,0.5874520563536352,-1.0256368471652102
SYN3_0414,1.4610070084749114,-0.6897560169566455,-1.4166864164871908,-1.5218776944055674,1.1401713897027215,0.20778116753931772,1.1747149238994636,0.9663077751317584,0.4046663552483787,-0.5750720001118798,1.6208450580456697,0.8448555277714899,0.22748261643158973,0.03249859726103982,1.1667035054306223,0.5960541628841023,-0.8428044955545226,-1.4028719657862718,-0.24285285340794996,-0.737355389720071,-0.5361363233300959,-0.6963655013801221,-1.7471538895793497,-0.9017363144908033,-0.7590794499330243,0.564587196447354,-0.9980868180348575,-0.6713096235198054,-0.2779755902594937,-0.037660272743574114,-0.9341990229536188,1.5109840127336363,0.03370986506181611,-0.5205197023752868,-0.7178948851256267
SYN3_0415,0.34414774923497093,0.5567543971748291,0.6585244892072175,-0.06921721910443349,-2.921339418943185,-1.6912987659545309,0.1727007432295291,1.2562244515502716,2.471531119702771,0.49170966834267815,0.5552006259338371,0.15686345447323793,0.2914357877323008,0.752115537086968,1.401545184269702,-0.8201433434392134,1.367881408597111,0.11181561589575495,1.6351536772955655,-0.22225806363564207,1.3485525014464177,0.07315694389783804,0.6461528084497561,-0.5003774947122173,-0.2170744608949099,-1.0691299478040601,0.5378286647659838,-0.09696125657362338,-0.7795838615509629,-1.8953362474849684,-1.657853303429418,-0.17652170941347356,-0.08278015048760232,-1.8315921972609146,-0.21123951652158948
SYN3_0416,0.8859944513595654,-0.7009339701174888,1.533989548076723,0.10031200181045374,-0.11024083777122098,-0.44692526881377975,0.5602887235821608,0.7631399433084244,1.8524972008613423,-0.55245971257364,-1.416798554713654,0.5998687431789204,0.6133133821793798,-0.8044341839161689,-0.9100783734385729,1.7082807217532372,2.118180606150734,0.8460047403346037,0.5000239545255384,0.36417521100419553,-1.5746980078972912,1.6170429144664762,0.6821141035839141,-0.8667211945443416,-1.1706948614640407,-1.3922431767044952,0.3234609746537045,0.39165367838741344,-0.07728489121286566,0.22166351414873922,1.3952908015889633,-0.8031266283124119,0.7281866420451265,-1.1746012671514858,-1.100628734450935
SYN3_0417,0.23012943194964142,-0.6282721467504577,0.8544759572922753,-1.251560264235041,1.1356865380313286,0.9096105016516157,-0.3632355984458704,1.5344080177234511,0.7270153397283522,0.6214857546529907,-1.264131610685169,-0.978244674238026,-0.2537923547305981,-0.8293068411641988,-1.2554603038667842,-1.9062569551522297,-1.7242610252630108,-0.8600024952449214,1.286959640188195,0.6009911550078842,3.0796109426255347,1.4285918934413948,0.9158980937525318,-0.19155421762541777,-1.0653580882005513,0.46416894215522964,0.1802363553744439,-0.30835286982506804,1.180665399790388,0.2934009846861344,-0.6535349606132242,-0.4668249512348655,-1.94243681311217,-1.0145623874482816,-2.893953326040444
SYN3_0418,0.1983488046858999,-0.18726443130200157,-1.3017750912005048,-0.5650918146919027,-0.3945408995298712,-0.9475036201272184,-0.5376886519438374,-0.36604666954879783,0.09035913300206755,-0.14577598536542605,-0.6251033614133406,-0.27681752921224795,0.7398740496844601,0.5229619652210428,-0.10830426731449094,0.288308883546095,1.0134624480317185,-0.505387885465571,0.07995833118430783,0.8650446544180518,0.6300733676966169,-0.11002611725208049,0.4122296238702982,0.7880693064136535,-0.027320590477479628,0.6354487956277451,0.6090955587565555,-1.2698517658336497,-0.6229332304420112,-1.085423013638692,-1.3525533040791138,1.0247905936003074,-0.09576457524763038,1.4701556666778504,1.211485866720377
SYN3_0419,-0.7857961311544464,-1.747162980231857,0.6073541942256963,0.3470998854470172,1.196887980227163,0.342398290064484,0.09703065160119542,-0.4588045974892825,-0.29115637034451014,-0.772614943502149,-1.3145791672588054,0.31206659695534783,1.3163289284705655,0.7151993546646445,0.4400218030660613,-0.08274146189287993,-1.169073279935474,0.6345245848335003,-0.4919701292701392,0.20537250832938203,-1.0660853670953454,1.022307510368653,1.1036817281511857,0.4208424349425244,0.45092623421004724,-0.017370954822056698,-1.742044231076732,-0.20938906509646285,1.0913633545304346,-0.06728080315660814,-0.44535752187464195,-0.22103700388413122,0.2244995802599304,0.3028202424014346,-0.619853632308971
SYN3_0420,1.156221709763704,-1.399497634156059,0.762455276961971,-0.8020343177236021,-1.011751278579885,1.02831889964295,0.46386349943335814,0.3834478942646043,2.1969648600284413,0.9821857261287451,0.3247548194908878,-0.7227677556835718,-0.38985960371185585,0.5307613674101852,-0.42257853837779646,0.18920805630298437,0.8046879854354836,-0.7199336360835126,-1.1506460294168197,0.3345524259718218,-0.7307606732197856,-0.6734776626615288,-0.1271391310768935,0.40356886586831,0.7297280698024287,1.409648131969484,-0.015409604331428977,0.33881720514478314,0.41462851230823156,0.813834068623494,-0.13067005303578794,0.3941828714177299,0.1292069978689494,1.2095093621441566,0.26320623748188876
SYN3_0421,-0.3566208280466929,-1.9053115210467777,1.9768213370819907,0.46475927585880583,0.8649356396597814,0.008497621996145819,-1.1216066379040308,0.03842456676845499,-0.2702474492088828,1.517995598363761,-1.3532085112359553,-1.2873473696011752,-1.402756998438844,0.6756316446151397,0.5390023247079208,3.030297960493939,-0.28413630015780006,-0.6823045369505206,0.5984270524195712,0.5402449460972858,-0.511334641628713,-0.36827703240220244,-0.42658073324580176,-1.104465700303718,0.09627902825353758,-0.5977030981005395,0.17645226249423965,-0.5759260193318102,0.9866077330121852,1.0309754686869494,2.047130672224911,0.6170230791138266,-0.02156999615805593,-0.933343079939886,0.13055983001223828
SYN3_0422,-0.4301945022067134,0.9390702642281539,1.4863268094466382,3.0660934681733236,2.7227487984797945,2.0082108423202385,-0.13006077881302172,-0.4846219144762705,0.7942211922155129,0.9004355987541112,0.6716531168237461,-0.8669973514953768,0.44418133206138055,-0.6834708699742902,-0.2798765349024507,-0.24510582448950027,-0.02339941326476256,-1.5456146876213963,-1.7022621589728475,-0.3220032622441711,-1.2206354155661243,-2.3353090579426783,0.13263220706838894,1.3395063610779223,-0.2431044619334251,-1.0502422841345749,0.45044603730290483,0.6398768170542741,0.5105956082289203,1.6824283036028127,0.16049937804414496,0.9524482022575059,2.157463522250874,1.739926091756184,1.7958465818020815
SYN3_0423,0.47643955992927944,0.6648732199624195,1.1789989824645097,0.7223904335052563,-1.8480120803671165,-0.5090898185278657,-0.1698540794357554,1.6880458216280927,0.7029419584210264,1.427664300850337,0.7897999741758276,-0.6685736954944389,-1.4073872401283076,-0.7950549756087948,0.7597440460238157,0.6031127224755334,-0.7237029401727663,-1.3950134559011387,-1.0259170512045908,-0.08329605068507902,0.4514152700469783,0.016939649906035133,-0.6677328723621926,0.37762500419382444,0.46066368138470143,0.26058070042653303,-0.22250239027018065,0.24391797776117735,0.28222067711905396,1.7651789292016897,-0.6457367970882888,-0.1409239711108525,1.4091094713928978,1.2905120409385227,1.292824282149645
SYN3_0424,0.1653428915497562,-0.15500015521878935,1.3925492726680044,0.8891539262226152,1.0464785438812751,0.4722356997832274,-1.504002872410166,-1.509043750507675,-0.23718153141976905,0.5595227008846693,0.8241601606033,-1.0253184945470488,-0.5081518321858897,-1.2447958064668465,0.31503834596320884,0.20549936907427224,1.2019394165799506,1.9557660712591043,1.1372228119938836,1.8718609453090307,1.8556483067479588,-0.902575325153747,-0.43883317795257165,-0.09088083743330519,0.2296023330743746,1.300138321654606,0.21529658925159462,0.12258760943736477,0.5789623107250842,0.9570663063455968,0.6256875889257523,-0.4271810545355492,-0.01774864629334417,-0.49411816611068204,-0.224026584582849
SYN3_0425,0.6700939968295254,-0.22271119590676386,-0.6262299872642048,0.015629636579006352,0.6362549540553045,0.41636991878064405,-0.05227380428978838,-0.9071392385688414,0.6263532754008772,-0.21360793467475758,-1.1081626241782663,-0.21064379611741527,0.3901375145939207,0.7528014859605524,-0.6523839041428059,-0.5604358929341832,-0.0894539669842295,0.2870827611197874,3.1725564021739325,0.6550590072971243,1.0518943002750785,0.027496938715150594,-1.558636276708877,1.5062748343360888,0.41395007152336205,0.37062486391770727,-0.050593511149207016,0.8803672059264374,-0.9350505331677175,-0.32688589760077286,-0.18750224468675525,-0.29564336069081304,-0.011305041916819844,-2.406080257770424,0.22642610279914654
SYN3_0426,1.4219812239501384,0.7409784427402014,0.23815005325504965,1.4441551439434503,0.4237427461176248,1.022969098532889,-0.4315774652430198,0.1428107318841384,-0.7543572579963987,0.5560657848166477,-2.1487878311124895,-0.08799035809734596,1.1836464672408789,1.6636329313197222,0.4305080960094405,1.3862297493620588,-0.014730390921412971,-1.341931533649475,-1.2663612671437174,-0.14152660837225342,1.152814382156547,0.23796938538342202,0.35591912486113825,-0.04297602882881962,-0.04680270258937401,1.3750537454424365,2.478827422682706,0.3877151004867769,-1.062290795894246,-0.08658184147801802,1.1811379764939132,-0.046068794268475585,0.2359332814247303,-0.3255116873869402,1.0188109026782488
SYN3_0427,0.24322511743743638,1.3412798175140106,-0.13093417332681598,-1.2073299722303263,-2.195810892214236,-0.5684506479876896,-0.41024836407852694,0.7232650782184084,1.1631834607636533,2.342485815206899,0.7308643187161038,0.14378227858770767,2.0404626745088636,0.6195320495594581,0.24644768588163557,-2.2110828779771707,-0.8362750531130088,-2.4433115539171193,-0.6690365296067489,0.5622035992696409,0.33595529490792264,1.6913814169257695,1.398580263661304,0.720671674497892,0.6055811871509262,-1.9061504388202275,-1.800035116925232,-1.0082273797152557,-1.7401362832347589,-0.983290919937787,-0.22293184920314643,-0.19754743642628214,0.30799654503147794,0.24024010290495618,-0.2926158357645524
SYN3_0428,0.6677117613181766,0.8732783737591123,-0.2273225108546149,0.8188770939750996,-0.6709225655182547,-0.7598553512450682,0.39771088751296,1.5954152781737807,-0.2025913938323456,-0.6385571289046817,-0.06460022954854916,1.3169455988088317,0.3886517190813584,0.37424066436853415,-0.1703657069869601,0.6652625740512671,-0.9572274990699423,-0.23550695236783714,0.9871385809833064,-0.8632398572818822,-0.34358950432778446,0.6213052751949717,-1.8563382262027945,-0.38046117211303676,0.4540773760743984,-1.7510560401677129,-0.303993567369115,0.5376890766226442,-0.6106564158827327,-0.7310834980002601,-1.9111704679182802,-1.3416786224250195,-1.4925211179480153,-1.4571562970094558,-1.1767091399396716
SYN3_0429,-1.3147655097745639,-1.0265135383602055,1.0474039683624334,0.962897504798582,-0.942248368335404,-1.3419475730952772,-0.5298665636077701,-1.3966595322829485,-1.9667280811178374,0.7475588853474863,0.7340666931775293,-0.02995160868754205,-1.026765943553642,0.462564886747727,2.075630083336217,-0.9927386900764765,-0.6276809039760028,-0.2648365304762061,0.053129052823547046,-0.15962052655922945,0.9218561734046078,-0.1435388562076023,1.061494868690124,0.08547093119060144,0.9175726973867973,-1.313962230338112,0.20130062129337,1.1189323816554693,-0.7755046074154821,-0.0220211470887546,1.1820391079723196,0.17552832965994103,-0.40152459571571375,-0.7780716669613303,0.42772495572316976
SYN3_0430,0.5676793957510904,0.9974014071315828,1.722105404229775,1.0328733513508193,1.1040723464515627,1.7160887046116364,0.055745594208232184,1.0565339665841362,-0.5219573670947096,0.30071483126732623,0.26460367150244235,-0.15849001096095794,0.8342529071723893,0.7292493394729844,0.788760347349847,0.1520235591228031,-1.3511981825288895,-0.7843046941336649,-0.17382330529589346,0.16418674229063027,0.005959751027621849,-0.9613827383679995,0.4718169953842952,-0.7837584091466189,0.6716174091521355,-0.0750757674357914,-0.5961815737373007,-0.45403354908489985,0.606020077959648,-0.1665778106595548,-1.1163618402463857,-0.9742302033980315,-0.16811222497672462,1.101590713794794,0.43396093011362546
SYN3_0431,1.2854215822574315,-0.13050708927508534,0.4140974154512413,0.46400675600533764,0.39915523791205004,0.0815645707489648,0.22735790320546767,0.04902360367871473,-0.8006302311492777,1.10794043976921,0.30979120224511225,1.3039324762306843,-0.35576519889494024,0.9301563443365899,-0.2906447201936877,-1.4263825748917152,-1.9018218634445416,-1.1872081712155569,-0.7669202398122351,-0.44799880303317596,1.3273581030064607,0.9638361680720628,-0.15652280694591714,-1.5013486896625767,-1.3958966831625794,-1.308785434983337,-1.0846251290663478,-0.9338466131151474,0.4167133786305035,0.1520257005199308,1.2439506490219625,-0.06610808388175042,-0.39100167964292626,-1.0140256739141118,-0.2476753420342556
SYN3_0432,0.2980559939674451,-0.16623138761426123,-0.7462636011822528,0.7144425625749458,0.9006570176061757,0.6757780307775714,1.0870105788013462,0.38286972024024474,0.31887646322326213,0.9466116041009262,0.9154480059930427,0.9276575304574082,-0.6454578615028949,0.5289890956066197,0.760512616506194,-0.11261526438717967,2.159714286573793,-0.5633708391179167,-1.924453413177565,-0.20663795539017327,0.5182367174571214,-0.7757434208780482,-2.560875698198908,1.2568495772742942,1.865772020550708,0.5563121328971836,0.5260588097575867,0.49978783028520635,0.3121485951845382,-0.4373698629087976,-1.5297297336426303,0.7813667572595365,0.3981159077894638,0.217003783547222,-1.2212421864086531
SYN3_0433,0.16865981672355007,0.45337257857388297,0.2827005695568796,1.7145538542541492,1.0337639793994593,-1.0203774490858828,0.8855410649722717,0.9609639988949396,-0.32348034365902095,-0.5821800265318451,-1.4916428905473575,-0.5299677855749158,-0.4658816079674826,0.4118876915079419,0.4958370072976686,-1.362074250096359,-0.8548302252263039,-1.3595544911164155,-1.7981094553431214,-1.9341791642290578,-2.627254862696233,-1.5354796330475693,0.10399290096101718,-0.6833162138146645,-1.4596464324027894,0.20329421225033248,-1.3820385957936618,-0.29619745146901255,-0.4093666075918404,1.800420025616731,0.8439987813587544,-0.9383858232119284,-0.16157887980867705,1.5929073525375186,0.6773374213679543
SYN3_0434,1.576449850427618,-0.32780870978709625,0.45179159772040806,0.7389731971766869,-0.30275261283066335,0.09822968425833266,-2.1012417986157907,-1.3981825250139075,1.0478480672416004,0.5199133361769024,0.4368424176240877,1.4465499263999393,2.196123567105274,0.7187086438080046,-0.4325140720335296,0.9967253631535737,-0.1278515507902427,0.17824321630196918,-0.4709387387286559,0.4068378782533317,0.8199307628215843,1.3653113643852666,-0.47767549531158476,1.0511487129753316,-0.8671479349807838,-0.03642290540923153,0.9083823947644658,0.503604189668828,1.0040665487028786,-0.24217541535539144,-0.14985149696157687,0.3030985282340491,1.1009533680392702,1.3472354953032002,0.02358737868380079
SYN3_0435,-0.2731565116147981,-1.2470703792663476,-1.614775585453254,-1.2950960767375272,0.8122832482148499,-0.11105680825499807,-0.24982024576926187,-0.23582902257177987,-0.05043215599604823,0.8607667585843373,0.3723504327585895,-0.2361831887549588,-1.1598832729760091,0.5348429972252355,1.8714460158599449,-0.9785055922502166,-0.7915797418416873,1.0519944336544398,-0.2924664133293157,-0.5544759881768666,0.11441718337580419,-2.3470663516112094,-1.1139353242285799,-0.5707047461020088,-0.32146027404074096,-0.8067092895255471,0.4694934040851449,-1.4847513936089989,0.9243901506159862,-1.392201112165132,0.4472607694255267,0.3136887855587674,1.3510952179871845,0.646633896110567,-0.2312211030705176
SYN3_0436,0.14013628841095357,1.6117382929914459,-0.1682175705284895,0.183705299898603,-1.0538149876512088,-0.8000075006131462,-1.4837383541846065,0.546550946973822,-0.5493810250255358,0.05987088247980789,-0.6520863879573183,0.08864620381639621,-2.1048905213734423,-2.466999528416944,-2.208256344065915,0.9961320078693834,-0.8872245590057389,-1.4780261611025098,0.967386472585802,0.6277170592152138,-0.15885817516445233,-1.3615821361008256,1.0868912189944393,0.8400387655285738,0.4958494464862068,0.10428605019261668,0.6606503820360796,1.916621898906896,0.8880385613575614,-0.07570169949273667,-0.5099638549035873,-0.6624753423878333,-0.1378513818068095,0.1292531973440929,-1.0817850426089755
SYN3_0437,1.3402869156391426,0.9665930442939293,-1.152553762470731,0.9362264569117409,-0.4918765873270434,-1.357689589632616,-0.6539333818385874,-1.0470151933873002,-0.5498771921328192,1.6363413184260616,0.8024844315419606,0.9211001590934581,-0.25247863786299574,-1.4805001163604152,-0.7332706754800729,0.2381336282175629,-2.0782314975735474,-1.276197846820451,-0.31892202868818387,-0.06835167698372703,-0.4290642343776454,0.14090713223805293,-1.3342067225007679,-0.43215156684290107,0.323470337266129,0.694713128200142,0.557217464662953,-0.7666550711062273,-2.0119994116445548,-2.6698459536871018,-1.8523744618436404,-0.6539351137957515,-1.425208690371147,0.20820290830207833,-0.3884327272441168
SYN3_0438,0.1684839809580823,0.395691007969788,1.9598286912877594,0.8921529799363263,-0.4954841039659542,-1.9466168559135624,-1.9231516613344257,-1.221811202655778,0.27867770997420793,-0.04661831782824854,-0.42022896742196175,-0.0353853783418286,-0.7246615993265872,0.8825521621245408,-0.9563930864928519,0.5832748784102033,1.2416032048045709,2.0795227321985332,-0.03200434428983328,-0.6183187804680149,-0.23956733287355797,0.9621948403125968,-0.41245877472906767,1.779448369878011,1.3534408263414917,0.07294784712942386,0.10802755210090018,-0.016807056146403883,-1.3674277108116395,-1.2785226832757484,-0.004938031266377822,-0.24694984378366738,-2.159871501382719,-1.15296809590759,-0.8294317017703176
SYN3_0439,-1.068268254288015,-0.5000128365179803,-1.3647902362291122,-2.9129737109607685,-0.8861696857543938,0.40457709524848906,-0.3607600268812644,-0.4438852502832928,1.4928165721627409,-0.1133681864959078,-0.48663691886612115,0.43260039330343364,-0.5419473885395448,-0.07320985944952407,-0.7820468856178582,-1.7374663185253219,-0.42835986148206484,-0.4163287595757865,0.6795578924448983,-0.34997988037052946,0.7225711818979882,0.45672364935268694,0.11698366639304457,3.278022161150088,2.152502706799971,0.93580053681058,0.19583352183756275,-0.03252927755430567,0.1852732459437198,1.0508965937815453,0.8170291444401513,1.2598186159271678,0.3155015155076727,-1.5665502976014756,0.3607626842145191
SYN3_0440,1.0047187071225132,0.36975517738402003,-1.3325919231798542,-0.18734064602949443,-0.19983961818922227,-1.274827888102982,0.6913405328463688,0.8308422631304788,0.9736725403310976,0.6944862625539632,0.658315993749209,2.0486573185439787,1.901129465401792,1.0516478616520264,0.496027461495235,-0.35542585287621753,-1.1721339160906414,-0.7576923073681882,-1.1818977327680942,-2.511401481413981,0.17345176244113616,-0.6218589158307173,-0.07078570950477248,0.2661119795200121,-1.1684439935607978,-0.19278197416334517,1.2758744846204901,1.960332605284964,-0.1509904228241605,0.27762137358780353,-0.01953873551399527,0.8823569257316503,1.3127162345069059,-0.5807175071590007,2.244362528087108
SYN3_0441,0.04453443744223813,1.9247619758144918,1.468369790467758,0.6655005182232596,-0.90160825506951,-0.04312991993339998,0.13997891556018083,-0.46902123340437796,0.40865390187387474,0.5965418876118207,1.985975638215641,0.6000827636043046,0.5299824817433612,3.1351376281955052,1.4165114911506032,1.1735741636343369,0.9128799680845082,-0.1839416871122938,-1.553716410323902,-1.4579757299016516,0.3479164939440744,1.7053199902594134,-0.0348535442060113,-0.593687110292477,-0.8743402553642152,-0.7718432692220615,0.0811300706108461,1.74425729573176,1.41298550949201,-0.6839392164695154,0.1472506354776049,-0.1871417743671615,0.8798775815492158,0.6875467578051255,0.356464129743975
SYN3_0442,-1.0615819854667408,-1.9611368324724578,-1.3842146556007935,0.1885164305413938,1.164667407990572,-0.7881903214147382,-0.5460907840466405,-0.31174610388336604,-1.057229840999552,-0.4979969560748135,-0.14795061871081153,-0.813106514828349,-0.9181591499607813,1.1409290100281853,0.3678464532061831,0.7681071769611545,0.5745176606565018,0.40618664511039937,-1.0267620006539935,0.4839562688879177,-0.4370204583581669,-0.5813517017892764,0.5405660094985782,1.2601598590715004,0.24061485294605986,-0.13940018305199703,0.6351427399508028,0.021155634675429025,0.314747717391969,0.03224468833812674,-0.4824728506011422,0.45442131054619006,0.35430148739350714,-1.003029515581002,-0.481482939088566
SYN3_0443,-1.4703074912644107,-0.22630884759562994,0.7539373606870023,1.716157510967864,1.468881710693836,0.07416808630425108,1.0527381384355174,1.8166741344044222,-0.9264866870877788,-1.5307438025856457,-1.8807829331440256,0.07241608077728791,-1.0229953777315794,0.14897112218892825,0.7024366589215132,0.5284715593758454,2.9237836130709427,0.6722855563024452,-0.9018830050993294,-0.9062856338314187,-1.7740987704077409,-1.9842876320369822,-2.6217371160877017,-1.0042838156870815,-0.9371799706871561,-0.03058792898894009,0.14775439968363335,-1.2072742247167676,1.5319886501318032,0.6365713772509755,0.7734777752525073,0.6339536815013349,1.9777433743390207,1.6094567994999118,-0.06713518512218401
SYN3_0444,-1.0421792855660446,0.88829554663261,0.8015288365157403,-0.11616459614877234,0.9874281328281466,2.4041232645813184,-0.16753084327530068,-0.5751157344804884,0.39742496713080006,-2.045033098396444,-1.0789756602518434,-1.098336376049665,-1.5775328257922607,-1.198687775744479,-0.5521184461563254,-0.0015315500526362478,1.323416295625396,2.0032280302642507,0.3312155737626423,0.3282469368684891,0.9910797292301199,0.6183046753131084,0.22212407560233494,1.4766071449827736,-0.15640335555483142,0.4353361767749415,0.8966474481087469,0.45777463987131645,-2.0695236484784334,-1.931912670645007,-0.3447982764441343,0.13407835843831772,0.8440200525812349,-1.7548645810739827,-0.011127502346804853
SYN3_0445,0.37895192670229344,1.6036743519447998,1.264177665025694,2.1430051306637017,0.9296253376204833,0.4475763562118882,0.08323878427037282,0.008077286522101762,0.01776805678115459,-0.10336323921018396,-1.6765953973027328,-0.6139736594470057,-1.3789317206637646,-0.8189248278119513,-1.9107893950223342,-1.988962401975671,0.2210792119235717,1.2037009799530112,0.03343445778446176,-0.8733023359814506,-1.144102550083439,-0.4563309573264499,-0.8783941474940233,-0.9047176287497004,-1.802405059309362,-0.14378533245300543,-0.3184592233240268,-1.2483081477489135,1.4750112332818934,1.5713831770962645,0.10432613100939594,2.016633820067208,0.8687805558299211,1.3987566707265797,0.4624879333541588
SYN3_0446,-0.7422395139984637,0.4257816088279632,0.3341053638056092,1.106221118053817,1.0417675164497024,0.44734666683447316,-0.5895651635675996,0.10250584272867247,-1.3816164984329984,-0.32277122340180975,0.23555510764970963,-0.22928600066557953,-2.3333542240217158,0.13422565494982502,-0.4000699971954539,0.8242683683774044,0.13124280882197695,-0.8156787000817768,-0.919715426098985,-0.08432182679601355,0.8024925396386697,-0.43074561208302486,-0.5709112138667666,0.27307009755605394,-0.46827475926717715,0.7029771189439807,-0.018893297315282238,0.015068754252682169,-1.1261202003797923,-0.6899556599359781,-1.0259599827626313,-0.7545988096876086,-0.8059872512277034,-3.113032950730449,-0.8558751411173116
SYN3_0447,-0.31084903710634065,1.1813297965966625,2.7762156903803143,0.8199940232662047,-0.34224245640697804,-0.6653619541391985,-1.7278056934992503,-0.987474036566735,-0.6124729573643937,0.8898789544117085,1.612937876306643,1.3768045601169594,2.352516005643642,0.4948197676981261,1.5976593467005886,1.2730706614800633,-0.07668836843922824,-2.0785698649432405,0.03782900714423419,-0.797872739327508,0.3263897961948745,2.236837059400496,0.3061132744682172,-0.6073388785526835,0.03502848194381616,0.8767550884796016,-0.06379891810804114,-0.25177672721098027,1.3591349354572266,-1.975985555353122,-2.1657396763199235,-1.0727165002740298,-2.014856723243536,-2.088082913331866,-0.8008367275794468
SYN3_0448,0.6311250890768305,-0.6557232518293785,0.19198664499023266,1.2969251548814655,-0.43150361357306377,1.0553583495222774,-0.02485243157939839,-1.904629485375081,-0.31338181114617275,-0.36445759047750803,0.6893737275698045,-0.21319080152586076,0.5073927420467647,0.75405464024869,-0.47475329853445203,-0.6188018543180595,-0.15973545978983275,-0.49251523117145535,0.2772639122391485,-0.47724052045847815,-0.7215731194265289,0.9806123664428995,-0.271813419965569,0.28323651661256255,0.044203369535561324,0.5770450765075916,-0.7575889057486643,-0.3004567038441857,0.23940116851390694,-0.7736220132939009,1.1619100703234433,0.13492587278234727,0.8034789617519408,-0.5545076815771602,-0.8824079170626838
SYN3_0449,-0.386035328828464,1.4410280448147137,0.16300179099073317,-0.5125371257952791,-1.3726578138751673,-2.239230237217914,-1.14842027076961,1.157918176596791,0.7417315309194418,-0.9800868253574195,-0.4575528917856334,1.2587860503471746,1.0648747021316278,1.592961501362329,1.3340815507116046,1.745059106032468,0.049638977151262045,2.7696488687353837,0.25504207683374647,0.3233076334648481,-0.3412329551142418,0.4126979769773557,0.15193906860784145,0.49618718249430155,1.0086181413288717,0.404555018768605,0.028082154170581106,0.6351121065217,1.18985172461538,0.7839709854475849,-0.09349654007958665,-0.5604039661964109,-0.3633441393919879,0.8531155173568099,0.6901519779538348
SYN3_0450,-0.6860891804874442,0.5944925294693486,-0.4261871689153959,-0.2897014516287292,0.17129836475094068,-0.4073466429787921,-1.2046433965222099,-0.4908490103665733,-1.0960803607290648,-1.7747139176187172,0.06693538145722756,-0.2910536378166774,2.880260108237668,1.7549510063503457,-0.369002784070687,-0.5365889251811682,0.44971084925895094,0.5267381947091818,0.7442138647399501,2.1347020670756147,-0.2670753615266404,-0.5534138687396752,0.3792852063303052,0.04525594803665414,0.021838370826612354,0.296008070261576,1.072743725841063,-0.0872402652619885,-0.6192892029339098,0.412991534018983,0.16262418957183938,0.5958106623040454,-0.7120959323486776,-1.450863310082409,-2.382227144758237
SYN3_0451,-0.6911740085632624,1.580837723357212,-0.9685064934482268,-0.8787127101098501,-1.2661871528307738,-0.420841146802155,0.5485126753131814,0.558503269040228,-0.28520073993534545,-0.4972380251552263,-0.08605159053228684,-1.2106107043192178,-0.47870354899515044,-2.4983668794459484,0.19501848377176434,0.7755396635617857,0.48372037915167043,0.7499875741508787,-0.07056116813389782,-0.5279480764491501,-0.19709510581845197,1.1728510981423916,1.2798311765811587,1.6222562299674552,1.5455778649648149,0.702600866147158,-0.35229421163767,-0.16097758494245162,1.6078605731984685,1.1946889744788878,2.1622665295762244,-0.7361585961714182,-0.2949823581845556,-0.5410996839617557,0.45054650452619843
SYN3_0452,-1.611106012503557,-0.7721004475523635,0.5245512408883722,-1.0320804632216596,-0.33827803813083857,-1.346895543376987,-1.4374039344206535,-1.4411757764824835,1.0609786386448838,0.19670476242495985,-0.7585873929350335,0.1343802551534101,-1.4258445871481964,-1.0233281239634595,-0.6750509127415067,-0.5954726650078165,0.39242843582556663,0.3338703083485211,-0.1035038787724221,1.445794655504095,2.5484545046028395,2.1175684950133875,-0.40504502926593544,1.0930453262961666,0.04850533074782136,-0.9033623339734124,-1.4252421681659195,-0.6462882386046588,-1.1641382418127422,-0.08698448241040742,0.6960953948907332,-0.08665246016424206,0.579904679115598,-0.17598280516534628,1.038449939413249
SYN3_0453,-2.141938430406836,-0.8718427063806183,-0.7968671548831423,-1.4595842757221758,-1.1554071875936902,-2.253447980502194,-0.8048012295498824,-0.29517192256561237,-1.42939043153227,-0.11420699055669672,-0.496803994778844,-2.132051418887302,0.28646438143350395,-0.8676918287335985,-0.07151203634442145,-1.1670438980218882,-0.5634933518895118,-1.0417995242164715,0.7274676459601925,1.06402580827584,-1.0573214310360926,-1.0035019486885635,-0.5994647234062479,-0.022367428047034295,1.2082729628397175,0.820776975511625,-0.49223130039495205,-0.5778155260767942,-0.6191769968722763,0.1470500045480154,1.4263048810821395,-0.1919674919447198,0.010128950638654665,-0.8748701041776203,1.7632453957472454
SYN3_0454,1.5359770816930738,1.4398148577730159,0.48834539650569553,-0.22334598865030683,1.2519496446915375,0.21801268731800244,-0.6514817997064716,-0.9324430672163752,0.3638665196719775,1.7961147664989678,1.05279795612378,-0.2195793844278766,0.5182490573679751,-1.6159000222869233,-0.4735574081014568,1.3010746692916322,0.8032209729935139,1.1435012827771964,1.199650832661338,-0.8615423062166399,-0.7067227204145059,-0.05980474119773606,-0.3343995096798768,-1.7047596128686295,-0.6947458697212641,-2.184827537730942,0.30587641826360884,0.47380161517894637,1.6890573774161073,-0.7566437012872894,0.5764466468694689,-0.4428607491575152,-0.6869236425681181,-0.8749423967198892,0.25793268738102565
SYN3_0455,0.17208645726042476,-0.16756907732380968,0.08173912024796023,0.3479532130067381,-0.7443354654038887,-0.47820013802175354,-0.8058642172198288,0.14992544353112336,0.8914995325334816,-0.5734616390043287,0.6326259252251977,0.04931931145068744,1.4099407948563187,1.7085701781762501,-1.2523927430345962,-3.146721925785793,-2.2601501097773515,-1.8593650425873565,-0.496450366358087,-0.22686251474225716,0.3526870529048979,-0.42517737803178035,-0.913817228124847,-0.020542846011871577,0.6279623653601133,-0.4526228976495917,0.015720047166533514,-0.21214115068344666,-0.6195247663273867,-0.18330827397990038,-0.4618511948713287,0.3103356608808029,1.0655854443780512,-0.9528896097453767,-0.6462035650571487
SYN3_0456,-1.0052226155013773,-0.08505256846316306,0.1499553463143142,-0.6481572065321358,0.04536877827907736,-0.08610427970138003,-1.899391134525924,-1.6117342739119156,0.11227095564217375,1.3489267720682296,3.7612963564404716,1.911380184537557,1.767477337913597,1.7386658802212542,1.1258649102236897,1.2035204728382065,0.8556338220363748,0.8587211343062638,0.6143636380984505,0.8054646302900811,-2.480287169322848,-1.6311696448241806,0.9956025005830108,0.6714110956439734,0.6440482236167586,-1.0446597097918988,0.11141204619718803,0.9375911848230292,1.1626078160719335,-2.016817634186554,-1.54268764344653,-1.4152593540005047,-0.3956229922801684,-0.6222832010444169,-0.010557074922043956
SYN3_0457,0.05400917657809931,-0.6025903363173424,-0.11695228518106988,-0.5482350100593641,0.6207172778334699,0.39193823790944493,0.2056418969021569,-1.7994149413594243,-0.6793740254691125,-1.184808857861009,-1.4969492721092086,0.16961544506905957,0.40781346161963344,-0.7500753288042455,0.5265708114214452,-0.1969787975942332,0.36562078642394696,-1.4500363541385353,-2.0886280927827268,-1.047148647069686,-0.5535035293740846,0.21741581377702418,1.0187682036903611,1.027900395389257,0.9091146475329203,-0.9895396332686528,-0.10073727536289658,0.014551503029907015,-1.0913994970236305,-0.1476228308613579,0.8451611643636183,-0.23170346098174888,-1.5919084500549057,0.9602954238818711,0.8245341027759807
SYN3_0458,-0.1832572510593491,-1.105248717642756,-0.269186305503063,0.4677387781513543,1.3440830875978114,-0.27947815461933856,-1.8458101890770293,-0.6565343645788333,-0.7191149115791401,-0.5100330388396289,-0.6249166845718733,-1.2688124464520851,-0.033947971694949314,-0.0905776008753387,0.6678711113514656,-0.798069137095342,-1.088324912360163,0.3346107716356885,-1.0604090612964567,0.5837615539847241,0.0317076533422414,-1.2008120516728593,0.41587969228045146,-0.33944090036158336,0.838138392924217,-0.010360388798826751,0.7615098928909565,0.3877038223138463,-0.2155667941866123,-0.31576358268555244,0.047711429974706523,0.5056134764469923,-1.1327062477576424,1.1722875595062814,0.045721861499163234
SYN3_0459,0.1578799862279817,-1.1090512304751505,-0.18263102718736157,0.1395625758898785,-0.3100730944446708,-0.4442883951133906,1.2473578822827989,-0.403409380891128,-0.7153240909050856,1.2359136945232942,-0.09974184221150845,1.2139933563250798,1.395534483852138,0.006731663019299723,2.021544079582389,0.4921649861466117,1.9757298564586723,-2.073418873253658,-1.4450179380000598,-0.6996937610757107,0.9230205310864715,-0.9084371512973739,-0.35237265536277246,0.888700952914414,-0.719799941991256,0.7406388186866294,-1.246786364239241,-0.08296931994206601,-1.6837385300956362,-0.2765906339757339,-0.22996807734473843,-1.0075779733912806,0.09812642880439261,0.49402576279965926,-0.665721771311942
SYN3_0460,0.5791989594241055,-0.0977501001945143,0.1816618429779557,1.7881192795562337,1.2570824363499788,1.00425492990016,1.7904728145336937,1.7797684388566437,0.5622760199522965,0.7028761307175424,1.0569052173157625,1.438508764524566,-0.8720698883411002,-0.26524537055054126,0.12138674539287611,0.07595523351644905,-0.9739898715246532,-0.968110368287643,-1.4329087391437498,-1.6025673883828804,-1.1725595448564323,-0.5499525849751805,-0.2404084832290904,-0.482959427179974,1.4813643893346247,0.8389601855509169,0.889137279613288,-1.3107332855265268,-1.726458619523976,0.48943631272157984,2.8160053139999697,1.1767285073843494,1.1404236502141258,0.9095158100944547,-0.9482826317428995
SYN3_0461,-1.072393307882977,-1.2504196187774683,0.7545109595344535,-0.6470218444253365,-0.6198420773479234,0.3216167594958931,-0.8923704699197753,-1.3640937853984842,-0.4243173032309584,-0.45457137903565675,1.223789856304029,2.8530171320338784,1.5381460041354929,0.9655795635116906,1.0600310372617037,-0.24788703143328533,0.2791633601293666,-0.583384286812478,0.36519425030281644,-1.3142932001203915,-2.3513439028318115,-1.2975506749433288,-0.7509496284294261,-1.7098309304066712,-0.26714386425323233,0.22525871700735275,-0.4250574474896937,0.6522638132710817,1.5761602324145172,0.638894472002494,-1.7831512855598837,0.24245839640589498,-0.545373321176843,-1.482243485025551,-1.3083330365479917
SYN3_0462,-0.28378964763013675,-2.046211591801548,-0.05121904316263343,0.2306863790237226,1.3057692658843534,-0.5080687315637774,-0.5674094556377792,-0.728400920771036,-1.2142360410916142,-0.08494450774016768,0.35958256069528977,-0.46565761295946295,1.0419036114793134,1.1177064470653721,-0.48717407807570234,-0.37915239284550795,1.1957899544032782,0.062193464613145684,-1.6392537481383442,-2.162233871287476,0.4532121928404516,-1.4646758408711635,1.0336298858124997,0.36446141295196577,-0.19632546063403122,0.4853400204399057,-1.7788956221958323,-0.9715923180630494,1.3788586314445612,1.7375783587914537,0.20314833409030716,-2.417846961687548,-0.6676907289095841,-0.451859291126222,1.076497866082842
SYN3_0463,0.42872216183249123,1.2306949654607735,-0.07196312876427519,-0.5923318019500611,0.694972449355863,-0.5121055650919422,0.5219672817777439,0.7517704487704844,-0.8950874363920698,0.15225205639341677,0.6894886534656018,0.009491349405318667,-0.869111709304669,0.148532739647949,0.6724495252911945,0.41164159267537437,1.1359399379828796,-0.7344626589173107,0.602048730917601,0.22072623373102956,1.1744201777818906,-0.5948319780807555,-0.2028307558827071,0.38971053775379977,0.6564894725138508,0.39575607123384077,0.17602628264117762,-1.0113259824991938,0.7853214782844758,0.9643086824325903,-0.01967846521935234,0.3104976572395839,0.34902321783249507,-0.6666175977150324,0.7906634379273945
SYN3_0464,0.9803561167478073,0.11443534531603554,0.36371576781979525,0.08901831116986593,1.7776086469574415,0.6465467757500226,0.9233966650766572,-0.7385939373355102,-0.18589180785657308,1.9601015870373522,0.36742663576445317,0.3249520735789297,-0.40222483044872454,-0.36439276659905967,1.7177993629114263,0.7613956903466363,0.017757390503631384,-0.06310796510191705,-1.0340467921912695,1.4858717433081976,0.4361941516054562,-0.9374021539049814,-0.10925928056054166,-1.113099707442338,1.0043608047015105,0.8310720872387436,0.5753023905519932,2.0462347058429864,0.057338277094384646,-0.6475861250226489,1.1926179742812837,1.2815826712319007,1.0460337107409816,-0.08706784191357002,0.05411471775597814
SYN3_0465,0.3938219663143989,-0.03020840737030472,1.5356616239405307,0.5004562822614645,-0.09806071348103577,1.7466209354571272,1.487061409756768,0.197601665089802,3.548505917281903,2.8968519291125805,0.9913919750752874,1.3169402694522065,-0.683077763275978,-0.9964643317716474,0.4720310463698961,-0.9811624196636429,-0.8770654795708844,0.9874837157663559,-1.4729407978618312,0.7924242553496917,-0.051873201050950855,-0.8533238343161303,0.13238775731519686,-0.35340195892351345,-0.20507450890588672,-2.3161159328939047,-1.048659741201056,-1.2171541114237745,-0.9979578312269552,0.19025306206373344,-0.13361074152890465,0.7842027850723231,1.1637447761333468,0.5057094314474928,-1.136900198459784
SYN3_0466,-0.6497223333210451,0.3848577752853668,0.3929953725609597,2.012158382663683,0.5709407263560792,0.18369092845031557,-0.8633843215691648,-1.4255111648710597,-1.4177025421633982,-0.7819744993413023,-1.2396076778765326,-0.6438690094568291,0.43164876616771747,-0.5385152237909737,0.5641283506855264,2.6552744146527734,1.0064198465803758,0.40286347526506916,1.0426372555717272,2.002118102878356,0.5494600051249641,-0.5474789624765597,-0.06952185482477405,0.7102867928317779,0.6032652391958674,-0.5745038581905194,-0.09037859807496405,0.890618767229699,0.4907673228579561,0.4304061884952875,-0.5349631735946524,0.607292874132273,1.3524367880104333,-0.12962583658932653,0.5448965643916847
SYN3_0467,-0.6068355405550702,-1.1817721386972126,0.43599527397980953,-0.5099772125219604,0.11419758828511786,1.2859269784615759,0.8402696466262785,-0.7115797911954648,0.23981216302151578,-0.16432581396217769,-0.8650628796941559,-0.38248329230837413,-0.5208208336213456,0.5362111026692719,1.348570143527157,0.17909889914045338,-1.6939895325468444,-1.6475765764253594,-1.4941183412992243,0.5411432477616833,0.4157528605680572,-0.41172003940949575,0.38679072955085025,-0.016941183977365357,0.5140354792240652,-0.5969820563149763,-0.33565734088297927,-1.1448716564354824,-0.6540869582085784,0.5115894064650225,2.0254404331982268,2.919042040505515,-0.9148394150303125,-0.026165121521001387,0.6458558413407236
SYN3_0468,0.5489220346526548,-0.9249713007593022,0.22059676015504265,-2.1729661526610307,-1.2495769349997081,-0.44019537604728887,-0.7352314428721707,-0.21487128883232862,0.15796862690411984,-0.16575019448091396,-1.5170421313049747,0.9663102357160922,1.6951687906119266,0.6461932858226145,1.1783529204729648,-0.18104941146888337,-0.1486105089471321,1.1575077573705033,1.5773962340567147,2.4790631528434517,0.44694407989275814,-0.6972302061605763,1.0432797047120057,-0.4104900595013227,-1.2685694095057536,1.9635877522154717,1.0943393937926509,-1.1590426162849836,-0.39396774167207255,-0.09760598322403038,0.19636086943993475,0.9156096805305536,0.9133947894792794,0.03270775946203717,0.9447631817151699
SYN3_0469,-1.5829299215780066,1.1468123795030518,1.7981713771609547,-0.30203125693938737,-1.9875898038023145,-2.0456117194908905,-0.44833510705627605,0.6480239657569106,1.792854992200504,0.4158826839399558,0.7650744023766004,-0.06773550117973276,-1.3812529000791574,0.4626602590611464,-0.13988041922065994,-0.40942320225699114,-0.18133658228899294,-0.584151545561602,-1.5982178156383198,-2.225955779799642,-0.8098157759456218,0.19462024813137394,1.7799091433259422,-0.041703091406025794,0.3379165510982876,-1.011205743380934,-2.2887928323017674,-0.3603837070650389,-0.3796436188312669,-0.017354265580936234,-0.3405583946594246,-0.8097012283955448,-1.0513062793112091,-2.5478047259254977,-1.7904201643043278
SYN3_0470,-0.7200315683018897,1.1276534555641018,-0.8010905063003759,2.2617371792357073,0.5129821603261134,1.3930888289843855,0.8535770861105021,0.8187804970997772,-1.2000136696132397,-0.8425628304311902,-0.9879392576405651,-0.6827321269693403,-2.485755620614214,-0.8188882452257095,-0.898301709818778,-2.1478144650546556,0.9212663483310034,-0.6008942749254474,1.1750175027470562,0.4905730787495919,-1.240242539790769,-0.3565119092014047,-1.482615905007671,0.32299532802721137,0.213348162114983,-1.1024807092293343,0.41900269508859694,1.2222374848696254,0.7863989779698035,2.312656698308441,0.7676066125562333,-0.9196597685488322,-0.31394832121767435,-0.5731998158542984,-0.12131734938620406
SYN3_0471,-0.928154403824108,-0.7945097534028474,-0.45966603734741973,-0.8070106184574408,-0.49384293093217013,-0.5079965504137627,-0.4016282597158244,0.716438319240574,-1.07321291928624,0.8535879750404844,0.7527826224553728,-1.411551640056947,-1.2599916410241874,-0.2910309418637575,-1.0910670118794634,0.16362012583056024,-0.17477171944752704,-0.3881241206746701,1.1895181525533203,2.854063766366398,1.878431753511429,0.5392037691216799,1.4498473661367173,1.0381881882365804,-0.0007529078103866705,0.6547731924209592,1.1609473019851344,1.7029229632942897,0.4539027178896109,1.114838322098712,0.7063712564622571,2.829803209936471,2.4239756765414233,1.7330538614809934,-0.9721810752500132
SYN3_0472,-0.4210806644164589,-0.6449953207956313,0.9431786110882153,1.4222214087398877,-0.3865714508703387,-0.9736570189131721,-0.897076046386945,-1.1781838354901695,-0.5396895146041406,-0.6676573462536615,-0.22555546958713696,1.432071691238673,1.1440778959880178,1.3782651854703125,1.2976159559269438,-0.8561548759791644,-1.5155295857352489,-0.05270038240160309,1.2101009941651735,0.07894169853716927,-0.4184446279093475,0.1331298219295689,0.23758590986279002,1.1359138676132514,1.1794110843748788,-0.5508808501067406,-0.9239841836514027,-0.5400926921987127,-2.395453246297311,-1.4551617341688419,-0.4284617801973771,-1.8930336276313764,-0.34647288403894244,-0.41092688574313946,0.3308864295233908
SYN3_0473,-1.2507728324331417,0.09373331226450834,1.047869599075117,-0.20955382969029587,0.7641889801229095,-0.7338371800981341,-0.7231457669413213,0.008633520338274994,-1.167638348977647,-0.45081107640714413,-1.5768898794197272,-0.4027252702661295,-0.39087035215426713,1.0126581277030815,2.6039678436402567,0.7082873330470336,0.3342582230676662,1.023152975206362,-0.8585805837330038,0.15279113642790043,0.7484175339810789,2.3246710736205776,0.3767293253506773,-1.1238608752619457,0.7912769091415736,-0.04231533780745229,0.13766662687477388,-0.11391935402646405,1.686148525642282,-0.13008115712717583,1.29405617820453,0.7443076227944879,-0.6607550676249675,-1.6102478742090596,0.4658476153016573
SYN3_0474,-0.08102677615770107,0.37677181666762255,-0.2774722035331673,-0.8402439409535003,-1.697597428483239,0.6155495159176471,-0.21654485773894597,0.7595036652112596,0.42114290088206846,-0.5846331598185124,0.759821582964378,1.9302610710183856,0.09859599622956987,-0.3322317624664056,-0.47408363176175505,-0.4141172266271976,0.7364571743458186,0.31436807446690107,0.5066304264022271,0.30587123451900133,0.13630015300415238,1.1895178366718402,-0.505035175189991,0.49104392726910423,0.8982876514621647,-0.3106582389588387,-0.2912081706564868,-0.3740651877139807,-0.8172684986248574,-0.48570381630977294,-0.3332643255922839,-1.3171149470258987,0.11837104485867651,-1.177867275466641,-0.5712168693431112
SYN3_0475,0.2035468049638691,1.2987895184734355,-1.6554961678006441,0.4655324274898752,-0.08014517675152508,-0.6510382010610543,0.5817090005875492,0.16667548101691532,1.4716338237049116,2.23923288863183,1.04607213398563,0.6226727620431505,0.652511543156874,1.0564468373016926,0.2219163192011935,1.2774369467620228,-0.4550680773044185,0.5098475728403747,0.414555544291508,1.3804435067746865,-0.13149604981016944,1.7740632901194593,0.5580454157963234,-1.5754983852036786,-0.2428481833924374,-0.04864401611670528,1.882323407850325,2.1777590941743754,-0.18977680832099403,1.361749833944476,-0.7861503357873805,-0.34652640184630973,-1.6684674130877373,-0.40771827141119943,-0.8882627142438498
SYN3_0476,1.6305127582528058,1.3852950453488375,-0.008956735503310158,1.215559010365788,1.692960497204462,0.9138196493909073,1.429749406231392,-0.6965199463706312,-0.2357101887665506,0.8589110922646451,1.830530315377211,1.8493159852990013,1.5672382550958754,-0.449351104481451,0.22386793828228163,0.8906570342206199,0.22309551433593497,-0.2341243592572285,0.9386740837209196,0.6867113722643152,-0.0033188671755979018,0.7570668449341371,-0.24327209349550505,0.051544888989528415,0.03053202317156625,-2.2213228800442177,-1.0031918291431319,-1.1350401339144987,0.1908103843799817,-1.7149270032006267,-1.081653359701324,-0.7213234653744219,-1.5785824513188629,-1.8486138865407715,-1.46386638393874
SYN3_0477,-0.025562992932681678,-1.1577272793742504,-0.8973947245311803,-0.5619301921128302,-0.30214920034868403,0.15230500705374733,0.9199916468496471,1.5810424157357903,-0.4241333836437593,1.1955795718915194,0.9527171225925833,-1.1520112787215782,-1.6599090162488626,-0.07404165575658953,-0.40398074882268015,0.5728903805452388,-0.0955160967198235,-1.1991430224636872,-0.7691475438519959,-1.4997420440116251,-1.2305135879977773,-1.4234356172069074,-1.9351909866213408,-1.7356673021692104,-1.5885134703651176,-0.4126680877481777,-0.05920236019663202,-0.15624225161539224,0.18247411670195554,-0.9616121419149305,-0.9787951560351156,-0.2776666248895901,0.8299038664835482,1.518513528511679,1.7554510545496234
SYN3_0478,0.5464193575918264,-0.6773629687080243,1.2200474433285462,-0.08426125632687084,0.503271796369874,1.081488258350988,1.267658289458898,1.8301482887458276,1.47950963586452,0.9272592355351456,1.2972836298800954,0.2161990732224375,-0.7259337862467239,-1.0148023004119076,-0.33432091438342704,-0.6736012565961869,0.4368960659327521,0.21924156916787232,1.153505953423148,0.19088178108128173,-1.0681373168737094,0.0635155979934208,-0.9211611406909045,1.0407399332405232,0.7297117110530171,0.7567026264014507,-0.5067867593831129,-0.560434313147066,-1.1807382679975453,1.0441173022828372,-0.21290387533143673,-0.2084969191448004,0.46754820608642594,0.052001383239235206,-1.1148846147091886
SYN3_0479,-1.1714508513996937,0.17407052112305604,-0.6422915268349466,-1.1852251294625022,-1.0724308243213663,-1.0827556402683267,-0.7251963306847461,-1.293853063648487,-0.7292505693287045,-0.746009017066491,-0.978525363593824,-1.3425002935740873,-0.12710298274241122,-0.26891022905487866,0.6094716304465204,0.28824309196497866,0.26367736278082876,-0.890648854509869,-0.7364748903110706,0.40460683274521847,0.21892515505493365,0.036471797324562114,0.4623767193486269,-0.00358440388804674,1.3964971885999935,-0.23598126475051123,-0.5499701326527134,-2.015246694503802,-1.5088602302490273,0.20840791412252316,0.032554139443780786,-1.7030919244827099,-1.0694015387504838,-0.498272008338404,-2.1789722537641367
SYN3_0480,0.6675958139000752,0.5333399736580094,0.6498831001054508,1.7148548911826669,1.2721968062985871,0.050741851741266164,-1.4439957664058538,-1.8181983529178076,0.1815669734578301,-0.8500020378326311,-0.5974273743563246,-0.9245572181495936,1.0051376266276424,1.430767593203867,-0.5713314598351283,-0.16227172871796422,2.324020962251708,0.28705481220976825,1.7012208984963118,0.7391935793553616,1.336698965718547,0.8822328261659287,0.6354920616849771,1.9288026562427933,1.1813229381081078,0.7547944221507985,-0.5621652841026048,0.16932208938248866,-1.4726011734219902,1.1840858475606655,-0.09124922673858817,0.5975664322080096,0.23575966520583616,1.4195904274866915,0.0570139867405427
SYN3_0481,0.8066759032669449,0.395974689108932,0.8985967311524775,0.36998447795395467,0.7231616450863585,1.2224776464017049,0.33250625607036377,0.5483373051271208,1.265392440035604,-0.8196979561543752,0.02447751636627807,0.8823438664141015,2.5710970581657935,2.3040959180753773,0.26934144055029824,-0.8397813416234142,0.26938845864149696,0.3034909313661179,-0.8205170876391502,-1.2612409375645983,-0.5284750755855641,2.0681207582254393,1.2080721238198129,-1.6985616250847009,-1.0380306469402385,0.06002196992127517,1.215554078824286,-0.7841721705954445,-1.4508695909013383,-0.6959037163604775,0.39405775050675695,0.009627226069969918,0.4875341540616866,1.0514315359168116,0.44690961303607163
SYN3_0482,1.2721366850599878,-0.863200768491816,0.024680594263068754,0.06406960821867527,1.0558856080265087,1.4468689815799038,0.7796964675610878,-0.7640627388717715,-0.20278177944823245,-0.4848849912174942,-0.5949788323702098,0.08160864084275997,0.8780394045445088,-0.47950789015310813,-0.6437009088790078,0.9978385731514317,0.9590337863760338,0.6573624699145159,0.9107963268852317,-1.564591462032164,-0.7211174198397725,-1.28933096059012,1.1612678045902025,0.5534434715474134,1.5772360405721104,1.7823687456594595,-0.2854017561196598,-2.1767830497668887,-1.9175647449655888,-1.398476717481783,-0.21385003429778018,-0.15705543617594542,0.5219576850954272,0.27047752230120986,-1.4960348914001447
SYN3_0483,1.0817192022488311,-1.1489824771186494,-0.3930714020860166,-0.2285950214123171,1.1922562304991837,1.7488358945558584,0.9557505790032074,-0.5379799941737282,0.3518711777390581,-0.49998970619603783,0.8732281917117054,1.2364304842203444,1.8275270320900783,0.6055881214458096,-0.5789674515760225,0.08941690959334772,-0.6033692275441687,0.1839485635741481,0.7800265866380365,1.2583859950311267,2.4779704652654777,0.6472469459634894,0.9419028078181686,1.111558792113344,0.6048028633492776,-0.19583923628300084,1.46823571129698,0.9995593893423028,-0.7398624321076979,-0.2419263148126468,0.6719102973104178,0.03690637521063048,1.3830625066699584,0.13384028216608337,1.0243121852417938
SYN3_0484,0.0014553731227612656,-0.17960338453050118,-0.20881025632668357,-0.12369187885996866,-1.5103082378530006,-0.9709065615680089,-0.28030820886950064,0.9003671851820177,-0.27460429059595426,0.6106816774816608,2.5061031147486927,2.8582998637514265,0.4972986008877448,0.7173200767188589,1.2109640259422512,1.3433570351311934,0.32544745604284536,1.3644446250469702,0.00926836688777195,0.15587067662334128,-0.5873840143401556,-0.0035494963941591256,-1.19538382832229,-1.5367102131656825,-1.530804678649557,-0.3934845905847288,1.0403454619498713,0.989230141136749,0.9517630708435826,1.1430326984045,-0.053262037074471864,0.07566775154517594,-1.2247183309901244,1.0332028094694445,1.8327850241795516
SYN3_0485,-0.875120797051059,-0.3410677793234916,-0.30098069198839106,1.2782414940146556,-1.3895089282308124,-1.0505047799081624,-0.8571130397242501,0.9885398561149876,1.418987775924683,-1.5708704168907441,0.46611671265555693,0.08334126020811462,-0.497298834100481,-1.6056258601014906,-2.674398758489922,-2.2300859729963562,0.1464403359527719,-1.899526160166926,-2.319887237433318,-0.8727141167056148,-0.4664836319846816,0.5744771594717696,0.8065078901731746,-0.396665937937085,-0.7279839563720704,0.4838114624976629,-0.19125083472610577,0.6004699402413217,0.06829291806827288,-0.7514981985638697,0.11780630045743319,-0.25820465170336476,0.9874128089402795,0.61346431014922,-0.3521230609607124
SYN3_0486,0.07076882877950144,2.483748222390393,-0.9126560983387106,0.8130215379279047,-0.24066460577026724,-0.2770239122057123,-1.247858958214984,-1.6577347773203985,-0.9552939267443731,-0.9410427842550344,1.0081777455368657,1.6176369336667111,1.2686118752290163,1.012118728124096,-0.09428802410431962,-1.6760108508565332,0.3488124748950487,0.3095593246059145,0.7162981609497161,0.7890433633294022,0.8489577512899831,-1.384054248697722,-0.34607822674275934,-1.025559402161969,-1.2549418992405759,-1.239144113182103,-0.13763911184797234,-0.6902822240131232,0.4501373935842172,-0.6211294036724277,-0.37130060048442404,-1.2477746284604192,-0.6224358770604689,-0.11179814416863268,-0.31769213733477425
SYN3_0487,0.35834215639071726,-0.8834894312601028,-1.1788022783184409,-0.5390667087080243,0.7753548482423717,0.8460676209618551,0.4673476558248155,-0.10188279807743827,-0.38755174072480053,0.031356084280269605,0.8314798111488081,-0.16671488860078074,-0.38744345189497537,-2.137868068484564,-1.3164340151859462,-0.3750493757696821,-0.07373675575623458,0.1483112977766446,-1.8026239585925423,0.1861431138676427,-0.11619727393604992,-0.7425718140434749,0.6065826905120912,-1.1446731951642635,-0.689952507293341,-0.5596280580005321,-0.1072653895410886,-0.054527110281277796,-0.5077799717817717,0.4877542973881244,-0.27557683411719763,-0.6570284792549602,0.764900652099205,-0.14120369351604986,-1.848007855235001
SYN3_0488,-0.6800723925556384,-0.0025506604175749847,-0.8392538102164571,-0.8700333211199635,0.6382230451788174,2.4014961258854255,0.6705695019221333,-2.1464797055509695,-1.715605267262122,0.35270206717404107,-0.4890578296301922,0.12876070760912792,1.5752631166750963,0.4652287144807042,0.12024466827606822,-0.10829563402024701,-0.34165794596532023,-0.24536452889125862,-0.8750985914287124,-2.160870239430485,-2.1261545691696937,-0.9489319074415418,0.6454486029389411,-1.6116892671632934,0.818841363606202,0.6870745618136777,-0.4582845617604551,-0.5158754498294915,-1.1650612968079164,1.6333026452897783,2.002951198935783,1.119272245105747,-0.0828199195838001,1.0242133856521987,0.9536193105883077
SYN3_0489,0.9547131794684469,0.38454203545808086,-0.6417231844794673,-0.07316317950197532,0.09067338339829542,0.3812368121917749,0.011265587572295772,0.15705495549286244,0.613208178283024,0.8688232005831118,0.8217692925462724,0.009908605444017613,0.028494595281263437,-0.8549014337974812,0.7333162992842138,0.5850512080517384,-0.7705712806473997,-1.293647349061974,-0.6268757189026639,-1.9006250719152054,-0.8598970069473527,0.7457170714101934,-1.087956503919275,0.3669943873095763,1.048613069178133,-0.45414161330662856,-0.2829755384288926,0.030866290759134146,-0.3506454552110382,-0.09030472164337706,-1.2663140736702918,0.5359802036156639,1.6039349202033535,0.2575046186173263,0.9253351052110609
SYN3_0490,-0.4481960150849432,-0.5838326134598295,0.06232713134956745,-0.8815339272169053,-1.2660585863816816,-1.855173051884642,-1.116381039083409,-0.23806240970688772,-0.323758555029578,0.7708720893430142,0.19903388381213763,1.361820355570143,0.16674886491175056,-0.024758351549314408,-0.8604601626730874,0.4252701866387717,-0.23264708540074924,-1.5259886082568177,-2.3279468066367603,-1.5971375214172039,-1.7537434576225122,-0.44561644481205737,0.4780597522760123,-0.62541460475082,-0.3693197448548129,0.07564135395490199,-1.0818992781958752,-0.9522980012177807,-0.024954511455457712,-0.8403758622980395,-1.9664369268838087,-1.078864351874437,-0.9473465878021358,-0.06118801121560406,0.8467174137375559
SYN3_0491,1.7950979416813664,-0.17063728279576448,1.0097833851134463,1.331992378694489,1.013697515025815,-0.3064012974393254,2.3112409377474155,0.69362161578393,1.0634894769399335,1.2210564521788834,0.8854409107581327,-0.09510487388900117,-1.0883004273672963,0.3635139869761389,-0.9464821860483289,-0.8662688725625577,-0.06556224306581121,-0.8912328724843164,-0.7021530106740561,-2.1463089998124647,-0.6479490043155609,1.9174920574687753,2.6108050409824632,-1.0606796394631741,-0.2021034364636481,0.8017221302471729,1.3334175343876882,1.5755359114824703,0.12788512672425756,0.041121697280661985,0.5239161656168669,0.6113488369264342,1.9714200204841594,0.9578012166653558,-0.6608145694459205
SYN3_0492,-0.14489963089087687,0.6908630985925266,-0.2079775099967396,-0.08056569699163835,0.8994998356620391,1.25414284106621,0.6605421277311906,0.03303199439600465,1.490818449356659,-0.44671940088437995,-0.42161055721549606,-1.1450904716748003,-1.7024766502595103,-0.7899804392498928,-0.06499206644663523,-0.184799797812775,0.025726344698284193,-1.918845761217453,-0.5293693063222425,-0.676141719317004,-1.6943370398338136,-0.35252902896184024,0.9155051422551405,-0.4406551722337602,0.5181511779845149,-2.4960081297267744,-0.20118940688243242,-0.2507941691916006,0.6662872985708129,-2.257617012500993,-1.5706794642412782,-1.7936888754482592,0.5210138784107518,-0.9202844359819302,-1.0874051295473355
SYN3_0493,-0.273904632742729,1.4122978838435947,0.857627909460968,1.531810382123596,-0.11496206402269787,-1.2753308741772063,-1.035758454805311,-0.43960412794765513,0.6354178401775635,0.3413690893602588,0.36116144997398747,1.046893935653622,0.9580309473986705,0.6452289879399336,0.30508179196623264,-1.803618449567073,-0.98225311984804,-0.007489967467508435,-0.35546348477260403,0.23284303770723552,-0.8760152950768165,-2.0657280476767648,0.06925130525486309,-0.19801540108976062,-0.8170926853357007,-0.1676345766152952,0.48109326733439634,1.174549910291682,0.015454196186470077,0.5899895125580027,-0.481381404311845,-0.6186382198859511,-0.9919518011292123,-0.547352430112829,-0.6830967329001703
SYN3_0494,-2.1302574216560712,-0.2631261134775907,-0.5028014839469936,-2.0260166940668483,-0.05885554857931386,-0.368073001091944,-2.185920281740974,-1.154009430134579,-0.6065787885137403,-0.997470687839863,-3.2253963392033245,-0.9198802720910644,1.5856567295023773,-0.4479214927212805,-0.8624691196424906,-0.8347807002264986,-0.7299062373538585,-0.1477276902080546,-0.008417395584728921,-0.6479384643718595,2.3622989947841906,1.7299041961817265,-1.6461651360406926,0.8122731314955827,-0.19009258372228344,-1.5652945550348714,-1.3083069544119057,-1.93287875441952,0.93685326663403,0.03661956802942975,-0.476032260686457,1.07564827351934,1.052570310696456,1.0086012843629648,-0.05271311095127864
SYN3_0495,2.058301025490323,0.5179894608441344,0.9579722278732957,-0.27495471896197937,-1.504123231265561,-0.877575091250183,-0.25762397432254697,0.3604837541288608,-0.12741860687747103,-0.2508838467297789,-0.40168437094594894,0.024433377825607408,-1.0961254658975037,-1.9561383208997403,-1.6507258887443144,0.37676111581536614,-0.843885339671135,-0.770361871591577,0.3051110641989661,1.7684517800761894,2.6745886765309135,-0.20867695927618105,1.159941569061407,2.0210950594302783,0.31131036883729396,-0.048695725434805555,0.9281851218032086,1.641796353410557,1.3801983015893542,-0.23468990034618076,0.12434715734514308,-1.2388669627055724,-0.9324992525198121,0.39287767602356577,0.40914465257305005
SYN3_0496,-0.6542730058576677,-0.36860497408127424,-1.5580136779041118,-0.9599006638865385,0.02901594631355458,-1.3174911488596706,1.05589824376953,0.11770600760883825,-0.16474661551146882,1.046329772212211,-1.244589616522287,0.8311705119625702,0.06583424956316114,1.0378106924228776,-0.8995474113142131,0.5354262091966038,0.4022574415050082,-0.9504660153135583,-0.4014485504882338,-2.2622900255156755,-0.4087575273684887,-0.20665687733498406,-0.9159993048164932,0.19605450691935608,-0.6787246450212007,-0.34404033139480694,-0.6067042194715558,0.3140838509102034,1.1786619306641675,1.5274601243718358,0.4037335118374336,-0.751917290081814,-0.8859409095207011,0.8057782660370537,0.6492990598729245
SYN3_0497,-0.5855318891672414,-0.8934098629825531,-0.08932926774414826,-0.7808152860849021,-1.1079055995068285,0.342317365498607,0.8503448389895246,0.019652712615615603,-1.433429704035553,-0.09075230693650285,-0.5259017699134539,0.5168750158316443,0.46222361453261496,0.7020111217770174,0.8325749226931604,-0.7058432764331373,-0.47386069754550963,-0.517506528984856,0.5085808359861478,2.1207491437978736,0.21813978532194894,-0.5105932396328139,0.047726229596131264,0.13379710306303585,0.5812607410609892,1.2299264898459719,0.2922999158294236,0.6220999293238111,0.5901304955403138,-0.16188488483421437,0.43512186050762186,-1.2347232183424817,-0.6568920212753004,0.5901013163064023,1.1748292480348927
SYN3_0498,1.2198400256256692,0.1254168542951692,1.0827398858336534,0.2699491578635685,0.49975328792724943,0.9635725123682621,-0.5665467943720263,-0.7569656450863405,0.6798048949731287,0.43481377572929525,2.9573384371716296,0.17725696342325292,-0.5199621091614355,2.2206543027491414,0.5922631628544003,0.07376697318700877,-1.0317471028320846,-0.584341244130974,1.5803096154694216,0.2203786200714837,-0.9517426298317351,0.9511527401421299,-0.20488461920256998,-0.5073788169397807,-0.2922070197834762,-1.730295457638055,-0.04659745161286374,1.7676274838873485,0.6548632894221504,-1.0027793716152331,-0.7569890188076851,-1.34076362197155,0.6449961299693776,0.3102123507566307,1.0118271501951486
SYN3_0499,0.5305559438223798,1.8351446604322572,1.318966157453954,0.221715739817384,2.2043180657877657,1.05794565711117,1.0750300710592229,0.9538085829302148,-0.05164496246483618,0.3806555236225984,-0.2979624394265892,-1.1103518063575157,-0.7945162912736328,-0.19408578566805867,-0.3661075996932868,0.8727129493676817,0.6076785288375804,0.6713572370717158,0.506908122923795,-0.42114138433300746,-1.264399560295208,-0.2667993607815871,-2.169909084573916,-1.4174224040092438,-1.0836029931181734,-0.4498070226789238,0.9152567128089305,1.4103118247886854,0.07535819295976769,0.06511350849700155,0.3063968989326925,-0.843471311291261,-1.2635756046730433,-1.1883758445775163,-0.9988165035006842
SYN3_0500,0.20130867123850635,1.940159281684883,-0.6666808065908496,0.8339472225936707,3.48875241813941,3.375877854053127,-0.03483708686847171,-1.4069904775477557,-1.2590447710153547,-0.9038826946086466,-0.4426636107421649,-0.4881150875934577,-1.6704327591292063,-0.9791712237088832,-1.0215463596189673,-0.7666985901446329,0.8210881056790497,0.9057552708127482,-0.4197090835223031,-0.4066534792623774,0.9183289759954016,1.7033032920098903,0.3051362537181987,0.006208209671709608,-1.4118810400252948,-2.678912406150405,-0.7903317825800488,-1.1627077366813,0.09309971703026182,-0.16899391149309217,0.20142035506218792,0.0015259706268851139,-1.715997532108659,0.380123242215573,-0.38401005008604694
SYN3_0501,0.25581147389199116,-0.7870713745708837,-0.062475722010478074,-0.13252067304832948,0.6013419155375163,-0.4360183953509602,2.0957783784525468,0.47598146123672447,0.9790858945056272,1.1662708621684006,0.2152413259246683,-0.2980723858497431,0.6441584424356036,-0.17014606124163195,0.3634717336880046,1.4371057031532657,0.053690103829510755,0.5272102807963712,0.9231875687290191,-0.44553628451502614,-1.3276887104376092,-0.5984031665040758,-0.30157634698386915,0.36825594010896556,-0.4371042480902523,-0.07076562237113794,0.5657636581185602,-0.6107234188701149,-1.3599433313576132,-0.6537820471033146,-0.5886709248762888,-1.0636058621216817,-0.31281514528207843,-2.403310628206785,-1.0420505238511246
SYN3_0502,-0.7725585391390642,-0.3746422519792239,-1.0503487157558287,-0.3387194390490216,0.6921343271142987,-1.1589599984889078,-0.5345145772981755,0.0034478565363619674,0.2706502738767201,-0.40903582195260674,-0.5037610314714309,-0.9981629007830803,-3.172639312503866,-2.086538142132764,-0.45479354368834,-0.3457958715269462,-1.269731474296336,0.8826012111826806,-1.024730256456949,-0.22704272235623238,1.1516210649824918,0.7943823601290171,-0.3044044101406027,-0.5555631984805454,-0.04452151205562154,1.299423164592677,2.218653238620453,0.6876919152469653,1.252368588210116,1.1651121391631172,0.9555799851008303,0.4203414644120519,0.43404136154652634,-0.4580321573461786,-0.10893142226736877
SYN3_0503,-0.20181791648690814,0.7637673035014139,0.5844415803966886,-0.9549451262339705,-0.5894426070350333,-0.49484624001608635,0.1893101080202288,-0.47405590661525143,-0.24980525389464978,-0.6900320364671811,-0.17145241177014922,0.7267767185032555,1.4084661850353382,-0.26463888182228235,0.4917610234810483,-0.5099911060843343,-1.2620926965069825,-0.8662204733222395,0.10398924445327036,-2.0096057001749448,-0.4917914607722347,-0.3225615861958435,0.5916255575298259,0.7719610093353816,-1.4845368559969392,-0.23618479981938273,-1.6517621411064443,-0.5394296301142883,0.0015896738844706124,-0.08398446599379907,-0.0315763287965804,0.2227227029620458,1.3374577859103705,-0.4908783374690817,0.26271288896773276
SYN3_0504,-0.18412709514179107,-1.0449714349909944,-1.4024676860069611,-0.48536431194319624,-2.0223154077493413,0.04072956102052771,-0.7489873838960257,-1.6103329436380045,0.9019229811959946,0.8656000879498412,1.337319738719133,1.017392815782513,1.1252966515000435,2.664692714143237,-0.19297309837644394,-0.11835741920255327,0.5041614582533845,-1.0489152858536852,-0.9357056187349126,0.591557617979006,0.8210494882104429,1.2993236937021322,-0.5902148644701091,1.250416720117217,2.1841660708773194,-0.15762938065961007,-0.6696280369880044,-0.7735307862938392,-0.5751782813235428,-1.0842590172626327,-1.568373261508532,-0.5346895478382504,-1.0149963368733035,-0.6531125127891971,-1.2612206415877405
SYN3_0505,-1.0398031699876757,-1.7393597893177224,-0.10676035856590768,-1.2316691349466902,-1.853806723757296,-1.0921822120705387,-0.23942024049832014,0.5680158614523624,0.6897596938571188,-1.2759741668000453,1.0381000664917632,-0.36805146415217227,-0.3905461562411319,0.44004750893348255,0.15255428229360682,-0.6677807432848468,0.08754994317171326,-0.21693173744117847,-1.3322120981821755,-1.1807800241661113,-1.3212358561051856,-1.3687304018724837,-0.4164953395618717,0.7054130893103612,0.9805263784365374,0.8943681103573825,-1.18419676088917,-0.16816291445912587,0.3317455724586657,-0.6618953096103706,0.6391493755373711,-0.252452009333254,-0.3436054708559808,0.1356382137497418,0.3178808969175773
SYN3_0506,-2.480967829559124,-0.31825057609221413,-2.505010080042211,-2.364718299689976,-0.8325543082893373,-1.6540379769332487,-0.12309140006534902,0.5497936949364839,1.8376425584091283,-2.2207217849930396,-0.374792057864157,-1.103337716210602,-1.624659250628627,-0.7232088353107975,0.5026748652330595,-0.3559254456054053,-1.0410774420689175,-0.680448934649207,-1.4634724321277865,-0.8213274052561741,-0.00481805737182092,1.965703291093071,0.8659916745591063,0.9061432935798989,0.038002385431826755,0.18068442939448803,1.447535451390352,1.6250134665614147,1.8727430154080824,1.3113856671249653,1.0183564032786525,0.535807556278117,-0.1943972651638987,-1.3206244819524,0.268899821713899
SYN3_0507,-0.5501175764598177,-1.288017483215059,0.11082667264961156,-1.4458104249971109,-0.2550149398126338,-1.5087259793106453,-0.8824289086755096,0.0419578331276717,0.9587209491414259,-0.6509219508917805,-0.27395640962016365,-0.2684047268989901,1.4250039167927722,0.9520942835764977,1.1270455335452398,1.89152178849033,1.8817788846854495,1.1545485398972644,-0.6072385437968869,0.20454549923498008,1.6682416627203351,0.45802645276181225,1.1973702833327966,1.0718067297671194,0.9609234249125135,0.1425350755099998,-0.33060774998651554,-0.9939907464141187,-1.1025000829780007,-0.46392869458441094,-0.522054116344209,-0.17292868066638145,-1.181071412696726,0.7793062526017104,0.4905062496053718
SYN3_0508,-0.46636607635609967,-1.2187516169784822,-1.412034011033454,0.10350396710593572,-0.8329484894559449,-0.7752333246100613,1.4083738434025246,1.0738452522764257,-1.2233363350003044,-1.970205627017024,0.36443106907036804,-0.15801188665484886,-1.4204813625930044,-1.751806790450635,0.24751664473645402,-0.10973335131180281,-0.06437302360490439,-0.3762134486883028,-0.8998056411738281,-2.1090513713561516,-0.01474315449674979,0.6981535927439453,-0.4179245285323555,0.4368066571216967,-0.10383477435363547,0.6620173024758972,-0.1424771168468527,0.25934178540006264,0.8517214770392026,-0.5250222401115795,-1.235743439224669,0.2721762624319357,0.21235941417387003,0.08209443444992501,0.09742639331582215
SYN3_0509,0.6050683330733652,-0.3500222769324009,-0.146365684125796,0.34813328404578664,1.6744165353521392,1.4952134880842907,0.9872240200828689,-0.5026753984040833,-0.5193226422425254,-1.184712099897101,-0.7560721452643743,-0.6665780587725139,-0.7048807101869253,-1.1997705476729619,0.42665859432467423,0.9726985245832965,1.3795353318509656,0.024116465254635514,0.9282751960690417,1.3091568216548448,2.0845050926306703,1.7229202622835427,0.14773673413539926,0.8414919670975659,1.445674256063216,0.9257357240802346,-0.07626709982311525,0.5433123693674151,-1.353560223910969,-1.0624532638687487,-0.49852810184579904,0.1844534396517089,-0.4119580672979587,-0.4902058050813719,-0.03961387127531587
SYN3_0510,-0.49881675458459873,-0.5108738930873412,-0.6044076566308453,-0.5971656666272767,-1.4452214668949315,-0.48791824452367244,0.033269269828478484,0.16241845396808713,-0.7770440714883992,2.107142257866003,0.5699423598752219,1.0294210141488396,-2.4878536918111,-1.0128845782502154,-0.2918166817998627,0.1686370776561745,-0.7346324164227925,-0.6544065781621838,0.39480138482009614,1.1375870686741942,-0.8785568813520054,-2.1094095060556572,-2.597307306949614,-1.0981026990006844,1.562231338901106,0.7118442028725206,0.5146175774725905,1.2975276959859086,2.314111183978524,-0.017332173893441733,-1.6778709333971078,0.6995390508685234,0.13833150781454076,0.6703411045064865,0.7182084116891307
SYN3_0511,0.5292442937809114,0.21825063847063056,0.5228974281024036,-1.2584251618266356,-0.5731858246889028,-0.9298301133479039,-0.033332514311866276,-1.0272469517931404,0.7718599112914183,1.9903826605830948,-1.2016839025045845,1.0346769721994635,-1.6993066219133313,-1.4218806268414863,-2.3927919389861,-1.3651377138994119,-0.658560568401945,-0.6282664848510467,0.5047697011135581,1.0601782605688,-0.0939719071222523,0.025701979128421926,1.005790522426298,0.23223795839041442,1.2538538144805431,2.120095650292332,1.7879331719273277,0.23812707836807356,-1.8846155548590264,-0.3337929549805459,-0.9482722642919681,1.2299109518425775,1.0536779978485535,0.41873651901060205,-0.33937093305746857
SYN3_0512,0.7492451953076891,1.7940636112107244,0.5862008026027369,0.15990812031540877,-0.28134416589694905,1.325085602464587,0.27211965314896475,0.4227999822745836,-0.9348847072332469,0.30135091889762816,0.7181754853738596,0.9368888633272565,0.9151263439309867,1.0192295469951007,0.9637996281417536,0.4143421123241802,1.1136466458223115,0.5007556129856625,1.5960882186769614,0.5095596505069999,0.18411442931101493,-0.3703457206230731,-0.8170345066511326,0.8512967591075684,-0.7318347168131906,0.06507587576134219,1.4091689268008418,-0.02474818300035262,1.0961023417554048,1.965993633670838,-0.43334026346805166,1.812914590655019,0.876526618595984,-0.6096771145036546,-0.3724294114445143
SYN3_0513,1.452434621647064,1.3754000542633018,2.634050709591965,0.17038699358392062,0.8189217392969209,-0.31801261350242194,-1.8921362623442601,0.6531024217254974,-0.19468697360457415,-0.3211075410881164,0.8717773675945681,1.0414019883658847,0.17652104793067325,0.9304803215352174,0.5328331776779404,-0.11146546189463984,-0.5577490314247687,0.4213286972336784,-0.5149098581806809,-0.6784614506987713,0.43623086275622047,1.3302257897565375,-0.256278943323512,-0.21024435560817012,-1.1914718031147433,0.51846282594249,0.49766217543944663,1.8589597168944316,-0.3417160855878081,0.553834465134149,-0.8378610577587419,0.3378197245418246,-1.920473059884939,0.03705150566639966,-0.6779276761121309
SYN3_0514,-0.2577879790449183,-1.546569021534513,-1.0081907666675443,-0.8177522682625714,0.27515403574372105,-1.0773359055543708,-0.4129587106815179,0.7342696553222043,-0.13680107777965764,-0.6233760007844511,-0.04992454743966863,-0.17579653366048703,1.1670762938075165,1.3488643026941933,0.519512822674176,-1.2407596483257708,1.2398570904943895,0.7314953033619296,-1.3367331786440815,0.3240059465757501,2.1714915981865017,1.4666556590603999,-0.16638149098285343,-0.9380490799834544,-1.3653671624352035,0.07846107324196472,-0.5560482460053723,0.3963069479301877,0.3898121039713468,0.03229765451453475,-1.7078843260993861,-0.23076585043251777,0.3541620534436271,0.12807769759871043,0.9693304752705634
SYN3_0515,0.47203576552858656,-0.302705346017664,0.14248704093307796,-0.4518449310461299,0.4594609654903008,0.28109363178690205,-0.7370370383779793,0.792563141120064,1.7865627676583429,1.5190967403115188,0.9068325424792681,0.10435924415190931,0.5591678643969953,0.941053718343759,0.36781077662167544,-0.17794794263129235,0.4469563314039249,0.4294072837834725,-0.31530124751830807,0.34754184255257375,0.025362758207085882,-1.1373962792001548,-2.791116600988902,0.2628505690479983,0.444234949566214,-0.45583131023739104,-1.7361866232053103,-0.8323146313577117,-1.4298129847176617,0.008426791430827337,0.20168031868916322,-0.19151044173232062,-0.9783368189263416,0.9111371342055269,0.8404918317805589
SYN3_0516,0.2633335181393159,1.3337997321448272,0.051111070581417305,-0.10593524305925309,-0.6395014695074986,-1.0433892486420178,-0.3870425449300102,-2.462352815891742,0.681199469416509,0.28706876323536296,0.921744673602556,-0.26288396308200046,-0.36821279230704956,1.0985284017384713,-0.3549877054273839,0.27805012697310905,1.5414914126303623,1.6276087706053117,-0.9697917315976492,-0.4318247838527118,-0.879009222810512,0.8148140865777116,0.21175875611904682,-0.01828365217118033,1.1967092579948515,-1.2313889885570612,0.2578341405945685,-1.4888252105446076,-1.4159177372838638,-1.0557716626012863,-0.2635817223071717,-0.7203109587221278,-0.5374168526489628,-0.8969818384972473,-1.3632583591728702
SYN3_0517,-0.838468572926562,-0.6814680961364051,0.6710401733708474,0.4632410342319986,0.24317887891258128,-0.9936104408408493,-0.47800893768134384,-0.4112556232040862,1.440770633017285,0.7682801902480536,1.1430361238691147,1.013708078848323,0.30457650898094973,0.8423567958144946,1.0297175844053426,-0.15747499333765375,0.02444457414973993,0.31509820138197303,1.0151964027470637,-0.4106930430922947,0.23223917135199654,0.952768278533683,0.5587122350224331,0.3205632524920785,1.1617078963246483,1.6024516750400593,1.4080507409783594,0.17819908573377058,-1.5452993884668196,-1.0205170199949152,-0.780811162761597,-1.2700568418923095,-0.5897209632819568,-0.7551855528125525,-1.0384174661539973
SYN3_0518,-0.17981417029588373,0.2806758283229376,-0.8137672179523978,0.013270578284520766,-1.1723590849657968,-1.0123816341382843,0.015703491508217905,0.16617599011031597,0.6614713337675759,-0.4508031090597566,0.6059780794482803,0.3056877904608592,-1.2323399057198379,-2.7840799924951196,-1.4440547381246414,-1.5240281128410178,0.9757184986456389,1.4852009892337412,0.9443344820552831,-0.08006654660518908,-1.4008132191010574,1.3378238256456048,0.9601463014323132,0.6719564615641838,1.405131459872778,1.4281817449249163,-1.1067968665353127,0.4238266984271677,-0.7365564004440415,-0.3254745786434651,0.17543522968395353,-0.12338461523933111,0.3542914007189767,0.32108619383778964,0.6681501383844207
SYN3_0519,-0.16916144748400608,1.4733205581912723,1.8794306436639092,1.0349720781541896,0.7296046419211267,0.638120833733107,-1.7120231555576904,1.0896955707181804,0.5204541092310915,-0.19149419924527125,0.7722855616588846,0.10597912980130869,-0.21876650637578596,0.15153727915286522,-0.28741081749775904,-1.4889188304424534,-0.24608023848468547,-1.1523001396373795,-0.16513314656367867,-0.3985638201476192,0.7384883136609117,0.8968262130741046,1.4877233439161024,1.8863973160500804,1.352367464090817,-1.469268377875049,-0.09458960894456236,0.23630640425378924,1.250457437969033,-0.9118811731264227,0.9072992095834664,-0.34415552630623386,0.42455372416633275,-0.1918786741521829,-0.6175805703793605
SYN3_0520,0.28378364085781965,1.426798169832665,-0.049764007412445944,0.3428133413271032,-0.5216251808788377,0.913620985044209,1.4776712933406746,-0.06369230928228044,0.5795243496047764,-0.41138567502120427,-1.2316699145425174,-0.5039532086953372,0.38300036553710887,1.2560982764943638,0.1395833307640616,2.002525261713417,1.2947919400473664,-0.5349108521140418,1.5034575545898485,-1.6950338753921477,-1.0722137015977526,0.35689723899753256,1.781881182267852,1.2912115225681,-1.082581872941095,-1.4951824864617176,-1.0500163055845886,-1.5835983787600327,0.12716987068937952,-0.8407324234058952,0.29835322431183076,-1.3615794954006393,-1.6802937114291525,-1.3925265277141714,0.747632232111898
SYN3_0521,-2.798686768388919,0.16056996032705464,-1.2732231024157454,-1.06004771498849,-1.4988663807720413,-2.7993300326642396,-0.36157886419295293,0.45934233441399513,-1.3887812306929521,-0.31752273283947857,0.0873450829432091,-1.2522308463004088,-2.5964673156517026,-1.53593498652621,-0.14965076079875408,-0.15507773779536774,1.6940863775815633,0.9415000733800747,-0.8433107854986365,-1.8728174181778143,2.28805864114953,-0.41193330765605407,-1.3592193884053478,-0.08601556641599378,-0.466568438342618,0.46297115404770567,0.3414614337352221,0.5835741082487558,-0.1967656902716715,0.451272466187531,0.477009769163603,-0.2380314679808362,-2.680913034822676,-1.6976993986112676,1.8665717798771588
SYN3_0522,0.5622096981398241,-0.11281707952631813,-0.7262987851251959,-0.9836082311016204,-0.6952242360384804,0.417620227502616,0.6826254099238913,0.37217691016104987,-0.9888292031951141,-0.4381515946622042,-1.2061179062492413,-0.04201103439842454,-0.1564069752985398,-0.8910455255709848,-1.41277350156456,-0.33264830368074144,0.10035778207259528,0.747030022416998,-1.150575669526205,1.2126658758858475,1.7017295501584222,2.2006269162617627,-0.3203061652679375,-0.8953676882653373,-0.09493727244762803,0.8618026170731375,-1.3782887954248813,1.5413357622590333,1.588548585315014,1.7266374085246687,0.31794570472615336,0.052999388912812716,-1.164451054571323,1.1541507610761388,-0.8178420369499242
SYN3_0523,1.0300816439980145,-1.053179478827736,-0.5656381449726532,0.21599442954526385,0.4487568245596126,1.1699965365891776,0.9885068072461811,0.023680236686370284,-1.9887755192255596,-0.23768366379348624,-0.35776027770208774,0.674089002001348,0.615958768814608,-0.867607802968157,0.9637984034115025,0.4960163111018073,-0.09879087639364754,-0.8597265614371916,-0.8727890378502843,-0.7098471181738122,-1.452805850872113,-0.3206948799750927,-0.3183582270481733,0.38723035841981207,-0.9594217117103218,-2.0154136375905143,-0.8026239595983582,-1.3101309475485021,0.49726959247597513,-0.5683520548572425,1.6455315873649181,1.3402783627220785,0.6862700549611658,0.9035989150078007,1.470486797551969
SYN3_0524,1.6233766998423411,-0.7702393155755078,-0.39426352573349777,-1.124924620037974,1.1616478940348434,0.6451830793103365,0.19623121538357313,0.9443925688375873,1.1957032644692438,1.414711661651961,-0.4308151944617281,1.962636230701722,0.5027432230445377,0.8401088529837938,0.25138769602906674,-0.7211790003935162,-1.143596773780449,0.11516081527974648,0.1339563032093551,2.566420621523043,0.8345439268280014,1.1929602094754463,-1.3567859295035298,-2.228586253908175,-0.07453942624610121,1.005393380277754,1.1986650337884335,0.09126406797494023,0.7304404341044572,0.40929109177271267,-1.0398711758074382,-0.10021929154361277,-1.008833856069202,1.396752730431013,1.5235398669145293
SYN3_0525,0.6839589021214342,0.47719953157686135,-0.6055840597725485,0.4244645316550892,-0.622066883556191,-0.24078758025005104,-0.25786276115701245,1.0392671342652058,0.48523352274686077,1.0147989228377436,-1.0810928082799927,-1.5938393433671787,0.5507576887631477,-0.6678704242821769,-1.2778876188643262,-1.7971531724848566,-0.8297509766040566,-1.2732658682528168,0.3524399735576766,1.1608406164624194,1.1684004196414937,0.5458593458200871,-0.43687105805708515,0.3630884708490218,-0.2851483286309207,-1.3396139648482837,-0.2713712289007991,0.8336212154784203,0.5735584196956008,-0.6925133337500935,-0.5716679973567281,0.9941372049975351,1.4465315016791385,1.8723609412026585,0.23337191844087823
SYN3_0526,0.46511640883139327,-0.7412661853836523,1.022894585879525,-0.254081626905081,0.28192652241355237,-0.13172106331096495,0.390604220129498,0.2209925728917348,-0.16550031177195534,-0.26132221628245766,0.25033662077698354,0.214062033082513,1.0046534305106205,1.4196984898485954,0.4294500554876818,-0.04765425811234389,0.7219025522259888,-0.5754760020053226,0.8487371493559325,0.18234343333077632,2.0977244927838514,0.9756656375730561,0.22790414433382003,-1.0243478063760527,-0.38245806561720136,0.5242100895192996,-0.004691319772493598,-1.48587897699541,-1.4475255464227135,-0.6049677079384811,0.3652620077336264,-1.9104191689667942,-2.834395275907013,0.6494072325672324,0.6612668969095398
SYN3_0527,0.309589650790206,-1.0965546025819521,0.04910258500704017,0.17607332560633732,-0.9467682200551454,-1.4358597064507332,-0.23066318364047858,-0.610061138575251,1.4223316227259433,0.054452490504101975,-0.10883988706875283,0.8536298151812154,-0.4188230663443368,-0.393471586189794,-2.425397287385166,-1.2418451629887481,-0.6653666371967843,0.5022684115767785,0.4699432317705762,1.5398755469484342,2.477518686374098,1.2547869010965205,0.5948465488627657,1.856056808054716,0.40314030864047545,-0.06043063559796073,0.8023882693527343,0.5236137116287741,-0.8862080134562457,1.5368243023440729,0.003902500636690157,0.09667425028696827,0.23326521944133416,-0.15976384394410872,-0.38422131601166976
SYN3_0528,-0.273320975360655,0.34547466728374177,1.0756874862140209,0.9928051795845708,-0.44437584682858783,0.4926702124792615,0.876594800779059,-1.1038632064533396,-2.525025353040925,-0.7169901969817298,-1.495233950612313,-0.6368317997452905,-0.8387832471298647,0.06239482697706003,-0.21184531800062809,-0.3199580988582616,0.582373841099662,0.46633743909046305,0.5126376100433242,-1.8497808632094146,-0.6231383509997495,-0.8300361809912428,-0.8958483735284479,-0.5968509236198695,1.2079920014188892,0.4084580923641342,-1.1792498879997122,1.1313130080144733,0.7312812343904065,-0.19775366120784404,0.39460713010044174,-0.019921862193125327,-0.48510526862457176,1.0402884850273355,0.903861976800227
SYN3_0529,0.2677158312162856,-0.08801065649266884,0.16590005796308271,0.5831162613827063,0.4993991496625154,-0.7738069009994094,-0.33273099204625994,0.27419178352373486,-1.1039537819693452,-0.8803238347238211,-2.053936155628109,-1.2252136166912386,-0.5705439041423416,-0.9691620666795518,-0.5448008186125886,-0.4840423318111909,-0.25649766559084697,-0.16131560863263783,-0.5727466592876376,0.06737600074470068,-0.33344743153896345,-1.0973801731499253,0.4176224862661581,-1.9639306625409947,-0.9932486489697726,-1.252998419071242,-0.005361083807479702,-0.6469415751688963,-0.25096755857604747,0.4120092934504061,-0.40551120761799303,0.4625405344505824,-0.372997491203991,0.9670412568917508,1.0942202600573374
SYN3_0530,-0.45443329725853804,0.14614522183067036,-0.37771162731022495,0.022021198964320463,1.211815933014469,0.11371511460953797,0.5710569513541345,-0.6008087842049381,-0.9980819733584484,-1.5181131752023798,-1.0523537501289104,-0.7404043624857197,-1.3307064221778928,-1.0119773606244236,-0.5526595446095056,-0.22218359527475506,0.2591685248325373,0.9874136812006634,0.48792445936475526,-0.22229832319311438,0.6680174352055227,0.10479682209772863,0.8979796971906532,-1.0411344600516808,-0.7830239821322781,-1.6282155393033597,1.2057107759466432,0.7529811519861409,-1.1943068124912644,-0.04041160388346084,2.4590938912468183,0.3849913906834241,0.7381752000507985,-0.23802642765437865,-0.6621378837001881
SYN3_0531,0.9176144408187813,0.8120098542532846,0.2590571053052954,-1.3356179982717824,-0.6297221459648004,-0.6379444164691516,0.5034896898423362,1.1658057180559689,1.7819200365312473,1.7022508842150996,1.377608027170326,0.2710953446555971,1.0907564497322462,-1.012575757266492,-0.4172189022141125,0.3435941336026648,0.3151243252078923,-0.2783580806073906,-0.3348661169474532,0.019144455825245345,-0.9817172990613674,-0.2718687025693298,-0.8934592619966724,0.43865923439882853,0.1254312966584565,-0.38943218555854303,-0.4316483365890871,-0.9273689729405952,0.22711688678911765,0.1637980958247167,1.8372701350449232,0.19552801176508655,1.3477988141844328,0.8150991952001365,-0.20232486231375357
SYN3_0532,0.2919145467309067,-1.3981799274328717,-0.5584371224781985,-0.9180437566112067,-1.4429477649524645,-1.1027544969284573,-0.8394047866703229,-1.5912771700277846,0.45070110364224186,0.11401007350866325,1.408842960689137,0.9476581169397468,1.628035909497716,0.6554853989326306,0.3739395843027263,1.0352380871925178,0.5510540960231753,0.46514496503947433,-0.148183438994714,-0.5475914889363899,-0.5245524054604881,-0.5073089538121643,0.37580456813460833,-0.42491516481799374,-0.28158663812724755,0.737090625340518,-0.6715082483170137,0.8297278368924519,0.9246068030974026,2.4074762882805785,0.5539800582673344,-1.1220353007129211,-1.168438924882525,-1.0719121495709276,0.6431120191250039
SYN3_0533,0.28063791925271886,-0.30742352614945745,1.9092243351192628,1.0919485705621728,1.0506095859144884,-0.8082757677671077,-0.7781210551174356,0.3812907318419525,-0.32032211497087837,0.6879814873524799,2.123596682017196,0.13545277434079392,-0.4821105922359541,0.22727498246923675,-0.27997033467953764,1.0341656750926655,0.26545507508246047,-0.8963982810361703,-1.4197696125030672,-1.4800780163278322,-0.8535960048304705,0.40472235230332987,1.8675324352989553,-0.6737797480223491,2.017391118427152,1.7313451803928208,0.3151506648720943,0.8298926184773844,-0.3633414858799291,-1.817542968098266,-0.7194907913103649,-0.6211468698717503,-0.5563587432357129,0.4429417049991512,1.3278203214830626
SYN3_0534,-0.6721522481197245,-1.188835754931503,0.7229238703768611,1.7089621402115558,0.3793377843803971,0.29993046420973646,-1.8869698402709958,-0.47606397155111957,0.9505784824251534,0.23650081198287332,0.014712888973628512,-0.5708622144375125,0.10100153495420111,1.6943265115043586,-0.0520705031584385,1.6182695386152446,-0.13150409765126186,-0.17247044817640372,-0.4405834028298681,1.4018376164160782,-0.385038180273906,-2.224874615745368,-1.3865936555436802,0.3488493046706267,-0.30497971791760825,-1.1125500281729874,-0.11702887471959023,-1.0971866247903208,0.8702290315601215,0.43363083864927254,0.7415742246989756,-0.31030162202516,-0.07171296325365956,-1.6533700133862195,-0.5821680963381713
SYN3_0535,-0.0022056172807566163,1.2411921408428637,-1.1336744254190603,-0.4018398873122749,-0.1291715864305428,-0.836646419211331,-1.949308998571034,-0.936943411302647,0.9464906684826745,1.2331600660432889,0.2926038640570788,-0.31064182288939846,-0.15232722321699613,-1.653139292107827,-1.3671750813343457,-0.17423013492663747,-1.089030696348706,0.43070722230426883,0.486593957658546,2.762232152538858,-0.9626132834493928,-0.3110898731799091,-0.8168385950988559,0.347162972801976,-0.2905685343086156,1.6260192175901738,0.5475213021483095,1.598784427811987,0.21906726863613557,0.3447512324276333,-0.9452425038262362,-0.43363740570312814,2.7501375283951592,1.3265483211015903,1.031322677467058
SYN3_0536,-2.131490981878627,-0.054348483487701445,-0.13663474789180305,-0.7285882023541291,-1.3665799151235452,-0.7662177314049761,0.07132333807708016,-3.197590446342938,-1.313450906312139,-0.7669892174911441,-0.7301713251300429,-0.9863865649965057,-0.024697060881019587,0.4837457779522285,0.005050587342342083,0.930685153331422,1.1946020311446268,1.4580544106659072,1.835184906536137,1.5598389387256362,-0.16707189038651002,-0.6987739328544561,0.5329437232411431,-0.1728781433528216,-0.7419111376497268,0.18079718570368764,1.6963759912583498,-0.9946377460760111,-1.780078086718167,0.537136660835543,2.852552918413683,1.0274540661710687,-0.7987559291799271,-0.7987919457678362,-0.8297707093809542
SYN3_0537,0.8552582213542442,0.38992691690797726,0.5190422318362944,1.4181180661280437,0.6536657134750342,-0.8074639398011338,0.7746557255370896,1.2337393009874116,0.45427004804004517,0.7972481211403011,-0.5191301935472532,-0.665655097259074,0.6411301227016217,0.7680518353927749,0.287992766391367,0.19170508608928913,-0.5251138921559722,-0.28200847299892756,0.365431029650345,1.2389091109860375,1.1205907872542977,1.2981907670176263,0.07654128709285206,-0.5237517263172055,-2.131353075966589,-0.4551683762781183,1.0598042073090206,1.7056560041826092,1.919252945342598,0.6309768976650472,-0.8799872034489366,-0.24705187926762007,0.7188657239655694,0.456632263932365,-0.5038000750099481
SYN3_0538,-1.1597621656993358,0.25324182639875303,-0.10989135696650269,-1.2478244365363904,0.5401128559634826,-0.3039467409141545,-0.9338007815453262,-1.949886751938629,-2.699878533708382,-0.532300911841544,0.3520484579320221,-0.24375493962897565,1.0866889171876797,0.27652747620188184,0.07072959055987486,0.08579139815402127,0.31940650197335785,-1.3066169851775664,0.48811878615665394,-0.47409274160072856,-0.023741910404215135,-0.5330136628647397,0.4185967794040879,-0.8351087347471269,0.3761887030929386,-0.37118551047763026,0.8667892549434225,1.1473617290312184,1.8389171279443741,1.5830775298858533,-0.10643801083254062,0.7037375555054379,-0.5140675948326703,-0.8003709021474938,0.6304697374229967
SYN3_0539,0.7217076356917486,0.11944100023726377,-0.0011095220369966427,0.136101834694946,0.41426428360751943,1.1532052559912023,-0.7016019176369646,0.042951572109435156,-0.050879087099346076,-0.6859519372033042,1.0296607316940156,0.3740758987439317,-1.103658139911184,-1.5314741332530057,-0.6260207279346572,-0.8092755711619911,-0.012635132056727522,-0.7576827767285672,-0.6778239655789958,-0.6933103508180757,-0.7855367671696041,0.25268842432151284,0.8811106226860888,0.33036852844667275,0.9590086949787568,1.4482334326239186,0.39682986279054455,0.09866904775029423,-0.6544988166907552,0.2725590463443159,1.7477827843224556,0.3441897023166015,-0.13593913804573185,0.8506213539137358,1.119905475655474
SYN3_0540,1.9387759449441517,0.005897165437325616,0.1582048036633488,1.1184742653061663,0.8234530209125186,-0.3696324821869349,0.10857651613886903,-0.598449717320638,0.3805401741860338,0.8628529176982126,0.16414680125305317,0.14958762797139222,0.14343548788315258,2.7253322506758995,2.324887915101257,0.8534753972289992,1.284391217889325,0.13343519372997636,-1.33317586512199,-0.8744056050717941,-1.531159442119186,-0.6972391859593987,1.0215714144340935,0.47655054943721276,-0.13737519030890014,-2.3949831448107175,-1.4837357396387172,-1.3354746980569623,-1.8921167538081758,-0.7046247752169597,-0.7612822297193631,-0.8381978065775185,-0.4591874507614333,1.0747978098006632,0.9305578273657089
SYN3_0541,0.5786841072159493,0.7215117050112554,0.8927326366295557,-0.9030466656209817,-1.2255038239854394,0.5618328440179708,-0.32531199094789776,0.6235801644286304,1.1314661859133266,-0.9000554118089901,-1.1855552071498028,-1.5847839740300074,-1.257963888822381,-2.5886040553484233,-0.7572870502640386,-0.5281935790266319,-0.3478673543149771,0.8739293494953267,0.372784852823635,0.5076116179167595,-0.7975417331422776,0.7056521958727654,0.21873393694710241,-1.1576825761059675,1.7996136997639955,1.8025785609020455,0.6632776116791441,0.061719093000957674,0.12939091212272402,1.0880520177011999,1.527451938526954,0.36476740707543953,-0.33069414701324656,-0.3067196109131021,0.7217459422070421
SYN3_0542,0.36644805365204774,0.3509332057093753,-1.2456538933718406,-0.848135986624759,0.32498654291758833,0.1655732257866184,-0.6407918904413583,0.3784084099519145,0.06754579466210059,1.1555051214593686,0.9259474887484296,-0.6336458957786824,-0.0740284907275887,0.9898287734366993,2.351518320132515,1.5812994024246882,0.7633282343730837,-0.916713446005337,1.7564050169724719,2.1864098316415084,1.2609700187440822,0.009795509441634709,0.020560859266586684,0.867408952618143,-0.49304324781337083,-1.3418298207837855,-1.3947768993979597,-0.06393723858480047,1.7593063476371054,0.2059757041529468,0.13863997778603668,0.5573032509081823,-0.07102697029759839,0.9457549192765397,0.09585869234019388
SYN3_0543,0.6639974410326958,-0.5305080959987408,0.29771141162597625,0.48231415731706645,-0.47061581857693907,-0.5917661816776681,-0.06078983024870418,0.13869036530391712,-0.06407095398974126,-0.7867452279594449,0.6403008632666666,0.31347017308509495,0.2782693776903985,-1.0966718947358887,0.8958954128027492,-0.2531258168093704,-0.0009228492857122493,-0.314483202298926,0.4779345786551332,1.3610131911493737,1.8526673881304934,1.6701944067555532,0.08560419027318285,-1.2593317462368403,-0.21185604994410845,-0.031629256453072054,0.21616082888088878,-0.8294207462360136,-1.353791289959879,-1.1145730870630863,-0.4887904788225559,0.7732286146092343,1.1138054511103912,1.7867531737751374,-1.0331820739187343
SYN3_0544,0.07063988367667307,0.04096497305213198,-1.6804995466077624,-0.8397419989893891,1.0527637165229922,0.19791029072082458,0.39180105587643305,-0.4982180345572077,0.4215025760063784,0.9326340741112101,0.11314046690736923,0.45657383298292686,0.5316188082841775,-0.35595883384398785,1.280788501555031,0.10957089129427013,0.004015403788514382,-0.5473815660648511,1.7555010132450053,0.5115509746912796,0.5981917084287597,0.2653395111457046,0.5073936497275443,-1.036213587034367,-0.13141843167447886,0.0410979226548155,0.33597685557541535,0.8122700407192841,-1.9150588151735815,-0.24561368385227292,-0.8301064597714118,0.47231895204230756,-0.6686071971814891,1.0802951587851115,1.9522536351738542
SYN3_0545,-0.1270423112835502,0.34302092369203013,1.1284551544949206,-1.2966672087118376,-0.09223845923066404,0.3654914547361728,1.5199912107703344,2.6096087404679267,0.08747643814305563,0.8584332057642892,1.0225105218604673,1.1863769371355746,-0.31275151235422344,-1.5456839958103166,-0.9430634016599369,0.5175773343658492,1.847398771259596,2.5233695488535175,1.8741335444058806,1.0643025544318414,0.3351003674782836,-0.7478369108397767,1.7501128647360826,1.366029358706106,0.5723299976637454,-0.31875587034302805,0.27168507517160445,-0.3109709736908994,-0.15693441980417347,0.11657862048699148,-0.5361424120275697,-1.0666636714356692,-0.6570469583991412,-2.3066244702695577,-0.5458977210198358
SYN3_0546,-1.3032944724282136,0.7899596725438339,-0.6112688370942804,-0.3144925666601327,-0.26995126989535145,-0.06037731142327577,0.18021669144080943,-0.29656320941248426,-2.7538299452751267,-2.5137435444061844,-2.02146217116596,-1.9788884881495628,-1.126951660000498,-1.4115586617489906,-0.8508442010625261,0.6056437914779721,1.7879002063699194,0.9707660780978806,0.4070085720322429,1.6593478353855509,1.5699905855040885,1.318380432252021,0.23012606153442003,0.34731847112997816,0.8947575097696239,1.1292035633421202,-0.23895963707771267,0.7630933469754158,1.3935225943566782,-0.18191580977856753,-0.3726065199922047,-1.2341533522801664,-0.4513395994515574,-1.0489092118961056,0.1693858874741387
SYN3_0547,2.094959295358806,0.13179724842379212,1.6633627059279605,1.6356106367405507,0.09183135790621622,0.4774866690713475,0.05476852048852062,0.12787831506414557,-0.05710339954148164,-0.30939111394491553,0.49598732327361833,-0.536495853571068,0.9482392843204673,0.9128496365345086,1.3038033920537568,0.537644148615483,0.44282366706473697,-2.017545519004631,-2.1492213939705715,-0.9448282341715041,-0.5873712605127644,0.4114800848953788,-0.7206165174693278,1.194346098514906,1.1451300370539481,1.687767370755794,-0.03676570884098481,1.4696600325229605,0.24401008673760496,-0.0151295567142456,0.7016675980875083,0.07652611647242832,-0.8420581543007294,-0.8188298594206631,-0.08170227671534942
SYN3_0548,0.49544905261948524,-0.7003556109908192,0.46081489259864833,0.12652804707510457,-0.4988481825074374,0.27358611063029514,-0.17653741378387197,-0.36308926921119,0.2826622985222604,0.3646597700782641,1.8623388824800795,1.3029695501823892,-0.04630339905570555,0.43830028186373254,0.5749963155036392,0.8375601275044295,-0.11753026679391194,0.8345352139079315,-0.8257520924329403,0.04171506980124242,-0.7622683040361695,0.7288587948012091,-0.8383593154186446,0.8908560594763747,-0.018822902837394316,0.8583901613537092,0.19957120663550743,-1.2617199084618649,-1.0197011882570375,-0.37554057729588797,0.22960455982549124,0.6671294732757176,0.4794573301245736,0.604992072395136,-0.9421026052793431
SYN3_0549,-0.7787225678252017,0.747647192827477,-1.43059672467938,-0.5148018277160121,0.20248111277411404,1.8684776504718803,0.7415220501502052,1.0517773719337657,-0.7632943327955215,-1.0052035000855775,-1.5056088466062647,-1.3361467432735243,-0.15495323679882383,0.9529391673093337,1.3526187552873241,-2.167472700750334,-1.9557559913536515,-0.7014286959037876,0.8018068138772472,2.36873487495239,0.053246578057373595,-0.6937059130713146,-0.35659995725509896,0.28624227179290446,1.5019015446408197,1.7240212760367863,1.4500836442166813,0.4219199525051441,1.0035804595373847,1.1588539486198899,0.2069585489813514,0.6170512520712612,0.7751525251272293,-0.6978369791474572,0.11762658133850971
SYN3_0550,1.388634964480333,-0.3547636777193602,-0.3288545892506819,0.20154853326075295,-0.28936267227366774,0.0738552487818638,1.466716855343876,-1.115535172559831,0.03768794541005551,0.959854657393958,0.2711336840931998,-0.7694952800867472,0.6199830098141762,1.3563133504896754,0.4562916021776105,0.34164900333048553,1.119535349434713,0.5434738309389385,-2.5117371197579414,-0.7412459034774234,-1.2392173922152432,0.724279787199037,0.877259094042933,0.5760690880350369,0.4918401395726322,0.6312903116602818,1.0322962385298111,-0.8823527865308262,0.07897293840446867,-0.8278294516351118,-0.6396061166534728,0.8526476831529944,0.020630075295841217,0.6124119465884023,0.44381419929315913
SYN3_0551,0.11686641990800756,0.6659587781504118,1.96468758366223,1.2062627245414006,0.24617541762881942,0.5154297580992411,1.2548464964205006,-1.179774202102412,0.004084991281056375,0.45375266988002433,-0.7856619418503857,1.876470198143564,1.2314225724036376,-0.12690299621053217,-0.4486856451981437,0.3243367748882843,-0.9894502382498082,-0.3033339466038606,-1.509095260277239,-0.6574037664910557,-1.2563006682714135,-0.9351813313289128,-0.2108707045833715,-0.18781217698164965,-0.9395673823751698,1.1558478645299826,-0.6266036735959498,0.27948305119306877,-0.04507731752582012,0.18178212259503299,0.3714995182712966,-1.3582010820939332,0.3213158945312575,-0.46175751979226803,-1.800724691797596
SYN3_0552,-1.0911048194895456,1.2305701261786464,-0.5143889861745753,-0.15295546873948,0.21185091989209312,-0.6313323184145702,0.3361264752523577,0.5204892775873401,-0.44686348569464684,-2.245163301708246,0.6428321638942822,0.5809029472123877,-1.6860151679664652,-0.7445661926279191,0.8821923578005009,1.7056787794551165,1.4723066399521076,1.577947821163162,0.8128437917811124,-0.16447647005228197,0.4048592726302341,-1.4806145891436975,-0.749919819059064,1.751783590142573,3.0036785682442773,2.9245969652555392,1.52536116454736,0.7662709974942487,0.15323140413966077,-0.5026128223934139,-1.0556038717355154,-2.107989104476428,-0.824418079057072,-0.7587397602460743,0.5763141805700615
SYN3_0553,1.052417783506304,-0.3301102506024618,0.5145607355894399,0.6654256634070087,0.40728165993585624,1.1384481635758428,-0.2954893696106884,-0.5773996956756724,-0.8425476444780868,-0.2312405548548084,0.0815353663598612,0.17555831015370577,0.5276526160970755,0.8867591246655399,0.7513921571614224,-0.7593392211993802,2.2770944314004957,1.051280350568282,-0.3907441621680656,-0.004467832450153843,0.1274907916168874,0.6411620710530462,-0.3437897896607772,1.002280552967795,1.0186040241620102,0.7936842762434305,0.7030472124452987,0.7999704263992861,-0.02690407397816402,0.47809024516563053,-0.761657783430143,-0.7976857796040031,1.5767671268869412,1.4619448217734272,0.13789379909183425
SYN3_0554,0.0016325729897429973,0.8912171218584519,0.7612714014710907,-0.08191587704244302,1.3486400028929293,-0.20841917598246115,-0.8025288205801332,-1.6136841754370657,0.7965863529813615,-0.018934375179420246,1.9583646329062747,0.819354839240685,0.8393346497788488,-0.44453872134391414,-1.7797852057997134,0.5525781597185188,-0.8049593831999349,-0.8331902241346648,-1.2258276917523732,-1.022102193963755,-0.018194243918273345,0.3520299472925898,0.6544984037410968,0.48464719238044823,-0.0655500615924921,1.1033285611773842,-0.3925482328939369,-0.5539646240450233,-0.36203628266592597,-0.6572613580735854,1.1242723214172923,1.8785820377790385,1.8439545217111373,-0.8456027151994457,-1.9020050913856577
SYN3_0555,-0.47824960602279964,0.7910563774386017,-0.3124047498229944,-0.5583283418947007,-2.300188581802805,-1.0509719943919296,-0.33033265083933366,0.2886299019441665,0.8185791451818877,-0.950581886664872,0.9211190428323608,0.23994201048413005,-0.9149600021746781,-0.7319166415258164,0.1633490440628659,-1.031583372258045,1.0319337051812423,-0.14518830408149555,-0.42661643307814334,-0.2612575043144524,-0.6443118075953088,0.5759703811536142,2.4693121932921738,0.16564665166720632,1.394279214362027,-0.5975928736721594,0.4224865987720832,0.7337705073335923,-0.907054658438645,-1.058946602775557,1.0081117513665112,-0.09720591324196994,0.7236185389567302,0.0244595628623137,1.725918255277084
SYN3_0556,-0.24758056417335403,1.1694609852217708,-0.28365666912914855,-0.617358184604763,0.5519372995469163,-0.22292394118520692,-1.7351368472467013,-2.3986722266267093,-0.7133104336246749,0.39788008596488733,0.4066769797090734,-0.8994625136059947,-0.4062439020278665,-0.8968485913956667,0.28516870658833404,1.5706962247623137,-0.5367466975232977,0.013121566612808538,-0.66558990646466,-1.9207066891540312,0.1645224626344863,1.9154703130025483,0.3158150937666048,-0.4908037161240727,0.7901735963574363,1.3451001253692072,0.30327258495745557,0.5734762005711936,-0.6364197295764399,-1.4140733695259164,0.42343727373752965,0.12501414863454718,0.18121016509454085,0.9474526625103588,0.3146635320475381
SYN3_0557,-0.8952986911889337,-0.705034229268673,-0.6440038683189696,-1.5792192154498463,-0.856483141224443,0.27368291632087494,2.1708333016135692,2.6912128806959847,0.5534829239469782,-0.4705094306881064,0.5941542741346298,0.09549740412941617,-0.1397852817417137,0.23192188629342847,0.33790196188189064,0.611622000975658,-0.25068766753378013,-0.348467348313974,0.7192278825598746,-1.156492047531254,-0.1235272581684323,-1.7347602391523786,-0.6504411735342978,-2.002750925837315,0.6484790737132569,-0.5172929627163342,-0.5876000863782863,-0.04681130986108552,0.514666341588733,-1.575694514608534,-0.029331048623193138,0.42651695645070165,-1.5827569437024473,-0.26589305902368615,-0.8718506796757051
SYN3_0558,-0.19553469035583135,-0.7923996030396785,-0.22520485884335392,-0.6407892628069812,0.4206689440748497,1.6956969508141757,-0.4161757716576734,-0.778232820799029,-1.290997226911502,-2.014010603268157,-0.11705031540773744,-0.02559276335430081,0.8529977087438083,-0.49533630990178384,-0.3446575644337304,-1.2241042166045342,0.8881178230186577,0.7988135927953619,0.3405898831003283,0.3305126073791234,0.5153555733150966,-0.3468096900881592,-0.22860443686798013,0.6488578544431336,0.573549837099084,0.9773599097745069,1.9671195640054477,1.7070484498743728,0.4284804366162472,0.5860068708808055,1.4833087165993293,1.3556574700250692,1.0579464483718664,0.3826812702641584,0.11002057495746448
SYN3_0559,-0.08017363270845825,1.6559296246041029,-0.03464251866390613,0.5584987264261365,2.0988549461446504,0.41949365867980165,2.202147668460397,1.1068076208497266,2.129448012842248,-0.40876503479825055,-0.2909309666459336,-1.0293396890520266,0.2064835616266701,1.5631876502148718,1.0990633133415473,0.24225654090078622,-0.18622933215977563,-0.09244432655137642,-0.5387581305613086,-0.270288988635668,-0.9028676528246077,0.048438648075833986,1.4335125180248236,0.05515957389599011,-0.9844699293151941,0.6665798822884378,0.8023806587862926,1.1859764541380076,0.22211714378636496,0.6817824400009721,0.11302192633303029,1.226838525566384,1.4414657604974574,0.1041782921535589,-1.267051816640353
SYN3_0560,-0.5905940765768888,-0.3512698442423176,1.3147348264588854,0.6712337024278257,-0.3751071055533952,-0.13877210967842588,-1.7028765272179847,-1.350281716028021,-0.9198500251763511,0.5265619980786169,-0.6827821121166041,0.3459758552265678,-0.7661032089587663,0.4597453316501918,1.2013770827117145,-0.4572822870667251,0.13632903598194349,0.35487618027025747,0.7915968972380761,0.05084447014797533,-0.7058847393713049,-0.9152607856055354,0.648522164777633,-0.5144162527280681,-0.5630976496150587,-0.14772192605398116,-0.021883140107886157,1.0874194714485237,0.9623228724302214,0.5857443829249567,-0.7153816159023613,-0.7869142882095345,-1.3831270853580169,-0.7816441604303862,-0.7491501798847269
SYN3_0561,-0.37826903103484805,-0.24473246392373313,1.5220512160319126,0.9625795567100217,1.1890814744270057,0.1327949116487873,-0.36352359579057014,-1.463512195877741,-0.8516284884545489,-1.8365286366689308,-0.8442282425772378,0.698664892352273,1.2596788460481527,0.9062625321780562,0.8376744094483001,0.8895974956762682,0.6329984584158986,1.1093986679908325,0.7746288623710752,1.1204641147680958,-1.211163532120722,-1.7208088972107565,0.5716047082522125,0.8718771176897698,2.0352452960454475,-0.787385125658946,-0.2747849849739518,-0.6754767692785754,0.6022932858984235,0.22372340831478787,0.45740145404409777,0.03664725679039759,-0.8619065731206665,-1.2717663621708903,-0.30489601247779763
SYN3_0562,0.43517296585510645,0.9987566445503561,-0.613684105083595,-0.3689275800837457,-0.21862400275913949,0.1687202830715084,0.2289181304306557,-0.5551172169114439,-0.16113200197321104,-0.5957915153600466,0.6417839486554212,0.719810024322582,1.365529676907257,-0.3132578890934558,-1.001980021301703,0.07605903042207353,-0.06456364009096383,-0.7053617019070754,1.180271156725582,0.5100010813554291,0.43451524452966933,0.19265326967657936,-0.07803656921960424,-0.33477324320615465,-1.025279902106506,0.42430599911025874,-1.3297500751327336,-1.7633949260624675,-0.0734705481821156,0.10651201782337524,0.07855991316894159,0.9722138483944491,1.0683424739141871,1.0793067767083784,0.5802132046145371
SYN3_0563,0.5864029971311431,1.704621136324432,0.7497967958427676,0.959833893984877,-0.17807143771287767,-0.9887716524030323,0.4439999805918284,0.9018455547048125,1.114123617742425,-0.4433893251075084,-1.8370612344139263,-0.6422172162083996,0.7452154555515837,1.059202797363244,-0.9163354090154234,-0.4838838279245434,-1.423753239577706,-0.17690299151711897,0.8101127027838608,2.049255455219744,-0.34957422503535,-0.12307730145073927,-0.030293486055204513,-1.456814510433769,0.13174505108728668,-0.3271384346342134,0.06947050220634256,-0.10686789566207655,-0.2966839276985179,0.10437072034434977,1.259379487586761,2.7189256548274976,0.7687308806832768,-1.2998407945080739,-0.00877662832708161
SYN3_0564,1.4363627493420095,1.523922313120914,0.7515326946624414,0.6874744819419486,0.38405304696317266,-0.048779504628362336,0.7490413782770629,0.4066276016221031,-0.8923954678132469,0.6607671539173275,-0.6156737740190082,-0.9145584316707257,0.6238248102155213,0.14326272218003183,0.6661458777512179,-0.9703450672227,0.8098584479121536,1.2107510437215605,1.2809926744227698,0.7517052023609101,0.13525798380482323,0.4259119380109412,-2.241265272079866,-2.240903637375608,-0.6789771395877469,-0.12305407265519479,1.863157737367461,1.1269356265030566,-0.4145983361757155,0.8750125585473927,0.20955437281099515,-1.90356740206226,-1.2007230810998752,-0.4853247852451924,0.0532099063529651
SYN3_0565,0.464853416574666,-0.8805761163105486,-0.263401199158965,-0.015590532128878795,-0.8640499370853685,-0.9833627455435666,-1.571254705783294,0.4505890851827382,1.9642561006790624,0.15336049513695735,-1.0782159854114255,-0.4485654725856536,-1.4991819298384548,1.5427663214096725,1.903025704583276,-0.2682177130955109,0.20672142113013503,0.44116328101647584,-0.204649798234196,0.062489461498560946,1.3848474288377122,0.516847511356971,2.0117702220257403,-0.8569401048215828,1.464736303803443,0.5221617471506881,0.5920665504846927,-0.7973556187147856,0.7845427078631347,-0.04409074865810297,0.2210023532899565,-0.5534240632511717,0.7669038328086456,0.8261498231698491,0.36069672240465533
SYN3_0566,-1.6862606516018261,1.3088614537603738,-0.07438670152894586,-1.3402663587741381,-1.2177724986918026,0.6169642782194787,-0.5988221387237224,0.4653703304201838,0.43490520402473426,-0.39038221513644844,-1.7091635020148281,-0.38410128182961795,-0.5829782080617979,-0.23267749286930692,-0.5284256672422114,-0.03198375612971808,-2.8055198825935426,-1.0521297652790222,0.11030756169676421,0.44255081990090694,0.5686842047379272,0.6736482617190567,1.6571137947160517,2.824419529878707,0.6210149875936127,-0.6282243617996854,-1.1375256083263345,0.2929376676989732,0.1318585710045952,0.08294472263280671,-0.9082024584657797,-0.3138155911582517,-0.41050490719786226,0.8951435336798481,0.4037784174383465
SYN3_0567,0.14726230115073718,1.0622404922218698,0.13286081968006697,0.7498791372238736,0.8701775214394715,0.44398841563709324,1.5543596979369754,1.0366844127576573,1.1158019501658256,-0.20602861793749636,-1.2404229549181576,-0.44603623738559495,-1.5116940043032974,-1.2374800407985715,0.21480326234740757,-0.867876160878798,-1.1431221920439292,-0.5478277200182037,0.39404590965936853,-1.3879408402378337,-1.1839270081553692,0.4916662622222477,-0.6817521887456001,-0.6995523803697854,1.6871878096932174,-0.47712673039177345,2.1184063132283693,2.3264049861062115,-1.81135199133033,0.8286752161874408,-0.30164405955967233,-1.2475581119408958,-1.1201514978498923,0.14855344698677822,-0.5475383188913249
SYN3_0568,1.3069724452698213,0.7770138624383938,1.8455131780498306,1.4860498415864465,0.32040013252943017,-0.425531517966285,0.7759052174874341,-0.4425793254512315,0.8873521929830194,0.14210557710816235,-0.007205083554554646,0.7768526558853824,1.12569109498275,0.7095730945283689,2.1340763251542882,0.6475579233660002,-0.43190656090567,-0.2914271666231441,0.9860660832576391,0.9566645013551014,0.5679620204353241,0.11724465058470968,-0.2065488891081137,-1.034196680701993,0.14571581380636692,-0.7145160919661203,0.5806555270972051,-0.2857794342114751,0.792139300783965,1.5297677916499517,1.0703068730577552,-0.17743865289571886,0.876555352441195,0.021158207677578027,-0.5748620092407359
SYN3_0569,0.6863225085888444,-0.6827661798091625,0.8395091707599164,1.064425762784463,1.7394967440701832,-0.07668088154988587,-0.7440223078002651,-1.413681240966395,-0.7718247262094181,-0.9494012107903945,-0.41111942306297383,0.3013643256383991,1.0044658643826,-0.5961401621307215,-0.8381407469811244,-0.311677486827475,-0.6481664656965341,-1.209455622719393,0.07379369843913718,-1.1188639662256936,-1.5051874815103339,-1.765925679182137,1.2224230234311952,1.1498377586443116,1.5832642458414927,1.4835441520633839,0.22099814524412373,0.9689408291751164,-0.002873336890885552,-0.14922357767066535,-0.07760519770366059,0.010041058000345835,0.6450601914561485,1.396152912322759,1.5124741260237509
SYN3_0570,0.5686589109898502,-0.26564531762843624,-0.4503435512414776,-0.24255828357247625,-0.5330615170106467,0.2154624747014914,0.9002131922448943,0.9695977373578991,-0.2639706801124403,-1.0117337844254606,0.4849884295086178,0.8253596708370367,1.167801509930083,-0.3366838210845079,0.5136044652099496,0.7227266973223322,-0.19520052700330245,-0.36372883266277545,-0.04479126405536591,-0.6898938182382427,0.19881793493865912,-0.5708970552025461,-0.15347390421739437,0.06645809257875762,0.6277791661351554,-1.479992615628856,-2.0544534076162426,1.0440422623169154,0.3014498696601008,0.9468174464558795,0.9124882220874748,-0.8919771476554244,-1.3029554841668816,-0.43394809281687696,-0.617319765448246
SYN3_0571,-0.22347199418438077,-0.07051381496434335,-0.24931452773352916,0.5766049648780144,1.6357004640015,-1.4107654630464848,-0.9875957277634086,0.14856598161369383,0.5075122918556736,1.0647983460595136,0.13746867579790556,-0.623005400053184,-1.2100863966256064,-1.6139030594988206,0.6520482701196554,-0.05182199057812157,0.6786655302699478,-0.20161976351144417,-1.1464471414916126,-0.715509292750301,0.915000023487515,1.0821352065023553,0.9442412098694377,1.302509504583925,0.3910755624756767,-2.764100343332655,-0.16193918002363686,1.6997531925283544,1.34865166786129,0.08957917626946738,-0.6573131166712725,-1.0295326068260717,0.10729671316951415,0.01299644878105886,-0.24094476926564506
SYN3_0572,-1.1572809225177771,-1.3083737065830052,-1.2139490614176853,-0.7413088543308533,0.6582138077755644,-0.14967227980096193,-0.6829254702178229,-1.5751892972738857,-1.2329151848292486,-1.6437978058811797,-1.7543845637478122,-0.146369367291109,0.6131192713201883,0.6049960422568327,-0.27495094589806873,-0.8167585861945875,0.15996928935414467,0.38838047637471623,-1.1213205127242245,-0.14599971261629557,-0.6394047058966124,-0.9647161655459855,-1.5359936794365088,-0.49904761910563733,0.08332764615058404,-0.08067266307480511,-0.7473012463702745,-0.9830901185613803,-1.7072225419011005,0.9601063495543645,-0.01632130763140824,-1.1869782329476095,-0.021794249854163256,-0.3234766830747394,-1.3309141097810648
SYN3_0573,0.7437084860392027,1.2027708218168036,2.094067129438684,0.739835738577928,1.0991598637808189,-1.46454255682522,-0.2467107024972223,-0.06821552166248085,0.34140080316235916,-0.0060268107015947255,-1.2934494207472913,-0.6368502749023996,0.4987880945633998,0.829533366330149,0.9965543528307415,1.2418921984720133,-1.5746326917053088,-1.8250172505814115,-0.16554550757138714,-1.631172048991178,-0.5279566640778887,0.4394968690277992,0.9174128870654271,0.4378409918992046,-0.8286447280957211,1.0940922448525126,-0.10559740147634424,-0.7046460744055558,-1.28220442847609,0.4847240124208568,0.6021024791111056,-0.40683032798950935,-0.8699577497242085,0.4598256977982466,-0.10113189740198983
SYN3_0574,-1.1304324657504454,-2.0345730914737996,-1.1088924851060775,0.706413409024901,1.109817870764902,0.9686324370779604,0.6308831135412254,1.2193268588787634,1.9156121456399278,-1.79030673510334,-1.6695052940997608,-1.3382998741389316,-0.25897164798346145,-2.1631877760995555,-1.3674679998133166,-1.1639301709450596,-1.316031432103069,-1.6790471052871712,-0.616943121378303,0.5493213664934646,-0.2804726856050401,1.7262703674233018,1.393788682248079,0.5911004281783027,-1.6432060346796735,-1.047618375953438,-0.6229847163404441,-0.6662971314806087,-0.7997355083252029,-0.6864204458885331,-0.9057999505606634,-0.28376139513347953,-0.20263660093843364,-0.8872079134969257,-1.833050550829213
SYN3_0575,-2.3902354621849145,-1.2452752949533357,-2.6305931734532573,-1.0160840124744355,-1.56894032076628,0.3280788913009091,-1.234331942072019,2.1625970197112165,-0.38564122164727316,0.343866516917886,-0.14019230312551326,-0.7571747107842591,-1.1770381551666016,-1.8749081915251469,-0.3093628691607661,-0.16800788772190783,1.0815917233247814,0.33844726600200903,0.6202392326715195,-1.243657371164349,-1.0845917584353215,0.6969865807147407,-0.9632084609603057,-0.25239450553272047,0.5330746858454224,1.233484821474755,0.5610921352519788,-1.396798309333249,-0.37136663356974947,0.7635213109249279,0.506899872054785,-0.8961935888416196,-1.0824347692665366,1.3113461479002149,1.5675148715457359
SYN3_0576,1.6564125944408177,-0.622506589751155,-0.15598847718312767,-0.5301840336139988,0.6766274589093326,0.6150955311542533,0.911618063076006,0.14392413345602678,0.7331665135941817,0.10444633523508398,-0.46259631326200923,-0.27215755180779083,-0.7526699968862125,-0.9893049869660605,-1.5354904895025574,1.940395282196044,1.2600293912750336,-0.626504282973801,1.5445220983084118,0.6263581403476466,-0.5501526476341593,-0.8780348189840894,0.21828673249444597,-0.5491708284318985,-0.9476530058985074,0.6496106487686633,0.41287513506827156,1.564064142710503,-0.37810981980480224,-1.2882571140233172,-1.9067429520291463,0.7177289807627202,0.22197453525711777,0.3365416808190765,-0.656399100903958
SYN3_0577,-1.3182409879754458,0.7219759688320828,-0.38017864040817145,-1.7982732073907541,-1.4542936250439447,0.6206544163129085,-1.4183429589149978,0.15697361405656976,0.45609936468623197,-0.12776582932319552,-0.6642011183970102,-0.2433823873559685,-1.2342316897004149,-0.32709870645781935,-1.4424704467584468,-1.7616887553144374,-1.1152753827529631,1.3347253526486833,0.7648982241554694,-0.011086670864947436,0.3861833701343144,0.73188064552699,0.7840565065641476,0.8019816537487707,0.23281270393417802,0.6460543372930551,1.0388837793869248,0.05574194123063463,-0.4999916722018758,-1.295904203831579,-0.6212491279239623,0.18284468456060737,-0.9215764079376748,0.8511115606743693,1.7464950144341163
SYN3_0578,-0.32171904726043904,-0.1897791383150519,-0.2882214845838083,-0.547533492290642,0.6979196400787374,0.6827841820930265,0.04124106597486623,-0.42927684957512546,-1.3489615418046088,-1.0817701473609036,-0.7388391259845697,2.170090188419363,1.2230050452334853,-1.1204935053962881,-0.2814546696144388,0.25062745819484356,0.46112573559475295,0.07117382314004995,-0.49473059550054616,-0.27933192076328706,-0.5525838670882708,-1.5676721877496427,1.3403875702797519,0.1484800214150006,2.2266974113075406,2.1237845386866545,0.9215219390838871,0.02922403888268356,-0.7965320179764637,0.4441552931949942,-1.0261492908817582,-0.7134419009857014,-1.2113380074960496,-0.2365424968275972,-1.2372325366278016
SYN3_0579,-1.5637503535795514,-2.3620216788059873,-0.7442450014398302,-1.476282290607275,-0.4876923924419051,-0.22368629170231003,0.6143033888992975,1.6458966465430995,-1.0337076028255656,1.2387671549590802,1.3159829740734077,0.5117370953477283,-1.6563790013529711,-0.42091655479842727,0.29007611701736397,-0.20668611130050613,-0.16951237593320048,-0.10365851810726877,-0.9838873777569687,-0.740410245769274,-0.797199918266438,-0.15449930981147075,-0.21155652913127163,0.9979521543741542,-0.05175265355809355,0.41315882800937537,-0.8622019447385817,0.7309871695620789,1.0810107905725264,0.8153659790869878,0.7871289781286004,-0.2031337503341552,0.6013740353001306,0.8536922264875331,1.3373352405842112
SYN3_0580,2.010400224880167,0.07705011780044566,0.3210262311542515,0.4745897665434844,-1.1876738164808063,0.11537114004199452,0.6559646769680841,0.36767485683342593,1.7290308784700428,0.008144814318169822,0.5168898066188486,-0.0987431447845775,1.03647433830791,0.5943215479462458,-1.3795099931416115,-0.9339273370461282,-1.3352497234668983,-1.7965381870666508,-1.7592236343224303,0.2674734222526714,0.680698886594201,0.5178466683889024,0.6883841804395447,0.7429191324821796,0.1349436561199854,0.6943343813017914,0.5897829516649585,0.8103652805941284,-1.0307226025725782,-0.16306976054006275,-1.0275989915526722,-0.03588669219188864,-0.8190008676498791,0.16798667853195207,1.1972425417149521
SYN3_0581,0.4056199165789032,-0.9333023451285306,0.21711109208358353,-0.6318468002660347,0.9344379108301232,0.1601311727771896,-0.446245576401381,-0.7336982957629378,-0.8438955713345245,-0.459633650362598,1.13719008363711,0.09618830783932751,0.009145242827904607,0.497567167325571,0.46631127302764264,0.8299364474975612,-1.199117869329366,-0.9170063320451564,0.006964743719168515,-0.7757208912844281,0.5508888490388798,0.4219502726277654,0.986367509817864,-0.5067250620779469,-1.1462668672833098,0.29063252133317335,1.2552210842889295,1.3444248250318187,-1.3743511954125172,-0.8221987735900561,-0.20954459624371888,-0.30996592034090215,-0.11188901100749118,-0.7934992151064966,-0.6069791551630548
SYN3_0582,1.277093295740427,-0.2532188642073113,-0.18300957588926609,0.06344509536188814,0.6909124916979731,0.546655898581249,1.0292325426423439,-1.3696623968538557,-1.1316191093046306,0.8544974593437806,1.0411476542397162,-0.8602138041991991,-0.5602400393891519,-0.9222604327357231,0.6371287728851383,-0.7279460175969824,0.9468307247824633,-0.34706547218156925,-1.0434249734557062,0.7207991318850545,0.26487798977920257,0.14312484538111345,-0.7998075060827677,-0.3840836034043423,-0.997126134109538,1.0140164038001185,1.1419300369699688,0.28889517671304554,0.922194974973622,1.118571461957414,1.9410777180749057,1.641588570037607,0.35622670504101217,1.2766593551532495,0.3960940297520006
SYN3_0583,-0.47213173448621826,1.6283857646912578,-1.1980441078973025,-0.6295020734720871,-0.5457437305959713,0.24674984588656776,-1.3552847936184313,-0.38543613227550416,-0.30191103736940167,-1.118866147202348,-0.8842161996280691,1.918571116396366,1.7142923229557552,0.9972465809411032,0.5500072213237116,-0.09773271687471437,0.89679318652194,1.8618324795599244,0.3180603432452924,1.1265059913605209,-0.4962149172998099,1.1830493895839758,0.23768023725072776,0.41026956777222795,0.6606239332811771,0.5249945584599662,-0.5270948686012779,0.5822334300812385,0.84671116072883,0.6928318114277636,1.2035398595080877,0.10632700384420278,-0.3263001193106194,-0.48081051077316234,-0.3789164018830822
SYN3_0584,0.6936210746774862,0.08284102089444527,1.5403098476396522,0.4083171965553909,-0.6153541609161537,0.39122996777623914,0.05087791767049769,-0.6832562234537671,-0.1537269922829475,-1.1115458851694786,0.08334783693649069,-1.044360691850762,-1.9611394429272198,-1.3160625742498853,-1.123206493700787,-0.0150283153521622,0.14356899035737702,0.4918501964010612,0.22238857709563256,-1.9888593178230674,0.5013686962897458,0.08450828574694623,0.3624904475292902,-0.28193392019583075,-1.4353559120097474,0.5698587483178548,0.33656060711936436,-0.5267288672112069,0.6742736177357286,1.6931810600555475,0.6271605050625573,1.037962893530329,-0.06933374013475123,-2.0078986370599563,-1.6126782926855887
SYN3_0585,0.09081122549084661,-0.2060099425700254,-0.7244879467426203,-0.689284977515161,-0.3863322404485394,1.4396761717547542,-0.4341434704782962,-0.26565403632190615,-1.0678928652250668,0.6389341509045124,-0.5239447771888807,0.6443842908542079,0.38929652507397594,-0.16600014794209494,-0.1763473245219488,-0.6225267755735673,-1.5197354009441253,-0.5902842564062792,0.5241188152827687,1.553078972665929,-1.1596417750809178,-0.9267768071791971,0.11745756264895588,-1.232451988470292,1.9985835773184368,1.5443082692250356,1.1441866824634281,-0.4496183298762073,0.43660569778352265,-1.0070396241358908,-0.9347705328389595,-1.3528640982654345,-0.2094886605431469,-0.21061569754734122,-0.5388004581373474
SYN3_0586,0.5478777236432005,-0.19768444545905642,-1.0462981907748314,-1.1881607078182754,-1.545925993641987,0.12528562497214848,1.197288636816844,1.15518547204963,2.295273732926048,0.3778870136853778,-0.8116438958578795,-0.1254194115047441,0.2866426106752627,-0.1055146465110928,-0.8683055039163607,-0.9817705323422617,-1.3334456130210985,-0.453139322165433,-0.5022451542068371,0.3839358259918812,0.06208867356165985,-0.263741286158958,-0.19781021968035975,-0.33963998282547614,-1.6337955784366947,-0.5556049208297498,-0.3379608218386482,0.9477686985723688,0.5302895578261072,0.4800889113464029,-0.3312311197475335,0.13642227259330314,-1.7317170957585983,0.7916673928999235,0.1883034965555156
SYN3_0587,0.9468914361436289,0.8683243794530482,0.5881805081003474,0.6832268458723761,0.015598011307658352,-0.282093944140222,-0.5041999241213649,0.9092514187019615,1.390131108148865,-0.888381655971323,0.01825028746150778,-0.6505177521205553,0.6699134302179761,0.5094636884637906,1.0837946388435642,0.42864328829523035,0.035791287357076706,1.4865511149509048,-0.17599529573893666,0.8590289400834731,-1.2206468587356711,-0.2812134185559189,-0.9227074018503051,-1.1475448945887226,-1.0945702729963092,-0.06366928634690161,1.361359712380411,0.4283203264619687,-0.4877051061038335,0.5411058713097356,-1.0949168776608333,-0.00015607471165583097,1.0365056886274056,-0.011167727099551807,-0.25940975720873566
SYN3_0588,-0.7951922514965409,0.2037688216200499,-0.5410894798285676,0.5482609689600432,0.1327653100650308,0.277889884008993,-1.1805603420179438,-0.31647348667631114,-0.7537004711347064,-0.8448988111024871,0.33249755803242603,2.62122752561698,0.8222231148519925,1.0313260074036592,-1.7253635030348862,-0.5815838978615946,-0.08318907545640425,-0.46864215176855856,0.2099757321531239,-0.07150620494434255,1.594746478001375,2.199702965441991,1.5701800791841023,-1.0167690179426283,0.33689215979157533,0.8715316515978458,0.9845383793490624,0.35524194172927054,0.3941256696374955,0.765794300298881,0.2683264255299914,3.530114209725087,-0.29516242771098045,-0.25581874853729797,1.2032901709758033
SYN3_0589,-0.9227059206278586,-2.271212596846141,-0.6031129275358926,0.6691901859967584,2.1171870035958635,-1.442687663711036,-0.47076371298109,-1.0111191854700425,-0.10784097607105246,1.679770753368676,1.9312350704147276,1.3941876795360337,-0.2855933656665826,0.2069018447627883,0.11717260950197982,1.1676158634457021,0.14915724112164058,1.059333349594119,-0.29112800808749273,-0.6890177155514301,1.8097810702327723,1.9750905485328496,0.6702807417226765,-0.2597983520394104,1.36163902782595,1.6282204349816032,1.599008020420227,-0.5729399426998678,1.4373122413893262,1.8082259148830748,-0.1784956044600025,0.20249051635029405,0.44186311164247144,1.3435837495563925,0.5840656594338314
SYN3_0590,0.09823521195445838,2.357672812735814,1.8813706209976166,-0.6565397772524189,1.5983005528644525,-0.18564150842051386,0.35383988495011587,0.32129090664369686,-0.46668550461668407,-0.7047695969138358,2.4030559926262405,0.4231015298238059,-0.9209889429380984,0.9058420330789336,1.3345882224213168,-1.309394274497102,0.49242703955371836,0.6659021618813324,1.0370636434414664,-1.0867855799480433,0.2500853866432614,-0.25138949617950146,-0.41426581635917703,-0.8496080527027683,-0.33046535835662383,-0.10515880473460393,1.0438046781855552,1.2507702341966425,-0.8839916462657285,-1.4697007058983749,0.4149190542397063,0.6769483472006169,0.5625713965282712,0.38000881699023287,-1.5668986620712022
SYN3_0591,-2.796282530493332,-0.038900388108944695,-2.2731751102745728,-3.626490915301088,-2.611659299457947,-1.0212668336244817,-0.8908410125330942,-1.0333621991456456,0.5172502712186055,0.3209342105289589,0.4444055997722049,-0.6582784928062063,-0.5197493785415996,0.6904525044687072,-0.18287469157179473,1.8093602262452053,-0.9765983628092152,-0.9261962144988827,0.12424603337031002,0.4053353967402146,1.0589847729878188,-0.3034400947972718,0.043888930757641234,-1.5519708475106697,-1.0830034194606606,-0.4448492496675642,-0.853683306347934,-2.964677889647086,-0.3490089671820203,0.2184866183386705,-0.703684561041294,0.40135795245287786,0.8069978750406286,0.8043646198894377,0.7649237845337998
SYN3_0592,0.9802006551087017,0.1387773882433157,-0.1360848578691577,0.2906377197452951,-0.45705561346319157,-0.38526352344854153,0.3101126258909404,0.22893322030342828,1.4400161604578996,1.4851869412681555,-2.180573529509037,0.16368036596933913,1.7748618196907162,-0.2579977453362022,-0.4908324176754807,-0.18994756891453737,0.606696012844151,0.36494955334879703,0.9835106079100372,0.9910852974443491,1.858276107920072,1.1286407979915765,0.9414481035132125,0.3520654429504537,1.1974403073043751,-1.0084383349143966,0.835021395028351,-0.7293445572471143,1.2605031885545088,-1.08319414947545,0.6204634280603454,-0.37950956045759743,-1.1637341755039798,-0.889872719781023,-0.7313814263971551
SYN3_0593,0.1477967884289985,1.8806918041000806,2.392618273725955,1.6865948741476346,1.5006088254343553,1.252253227831668,-0.3168299708296448,0.9809216359780895,-0.34024682653989674,0.1958849114468195,-0.14646716187774136,-0.5123837834876528,-1.0419671108185617,2.048097699697658,0.7581406958448133,1.7691845085875415,1.9368674873497844,1.003204050830032,0.6224886866034431,0.805580296238237,-0.791133662630072,-0.5704093360612803,0.3547927130281988,-0.07748393925572883,-0.026401748917064212,0.4465372875417173,-0.2884791124703652,0.5223142360254744,-0.05081751550884438,0.21611282616017097,0.59477857059168,1.3580933040142018,1.1135266309752636,-0.10298035575353323,-1.0832624459725355
SYN3_0594,1.02222916638346,0.8060799434496307,0.7531453740364034,-0.43003321604558176,-0.6919683092946733,0.045322526604274604,0.776403478228205,1.4289516721982867,1.6692261010245564,0.5652811791713233,1.2456364743616988,0.17210662912538838,-0.6391564204683203,0.9996455009222335,-0.18184367018674108,0.7100968825635767,1.8003539464724416,1.2684081922430055,0.45083121510533436,0.8190655378098984,-0.21254599991464246,-0.7651350664097666,-0.9171326214966312,0.8780335876866665,-0.5091690584183399,-0.6430560574223806,-1.3787808144703235,0.054485899294146996,-0.07941673744426374,0.44449100675974024,0.7031814517096646,-0.39950394034058473,1.8060215005968328,0.6167896073600697,0.6215461453820675
SYN3_0595,-0.10813555202104747,-0.21063442381101685,0.6925045031177425,1.063083386588253,1.3868613643517003,-0.24429811737525378,-1.5980536349711982,0.2847420079957136,-0.6740018278561887,-1.2005954821667715,-0.5966180846827084,-1.0251279012867553,-0.0017303281984005305,-0.9266745725787768,-1.1832596009531833,-0.6628871785237853,-1.0827176465282633,-1.5102438152364472,-1.3571654563164193,-0.8636899212388922,-0.7812207466251483,1.273137466433745,-0.3609721658731229,-0.5547923303145265,-1.7084118155910046,-0.9952090635733263,0.05144380073089507,-1.8532172648073206,0.06137465759123113,2.0199598881542817,1.9382385656989067,-0.806835669186203,-1.1103333858400557,-0.49614457450693217,-1.552885276961348
SYN3_0596,0.7220352636040336,-0.8262789427481579,0.05584930811654744,-1.1538382839703982,-0.28179605137911634,1.0706548774923268,-0.2520044884204233,0.22745342316966569,1.3706558686942272,-0.34496584582782563,0.17822354972474147,0.7091261859079669,-1.5219940026225045,-1.5278709191137079,-0.9761824608577255,-0.9527331329709883,-0.18209803091330856,-0.8123524886897517,0.6107413659222019,0.2862783595028021,-0.005492586733340148,-0.20059079564124135,1.9818152407629195,-0.7676236004532302,-1.5418003312906783,0.27924324625176805,0.09730394057836349,-1.3290115676226875,-0.766340051632019,-0.017928278587972406,-0.17076974294348046,1.6052224868343488,2.223027925236719,-0.6859147874997608,-0.5888863418997868
SYN3_0597,0.6059868104654448,-1.9494206709200486,0.5257827759280513,0.30679519021977997,-0.6825923973912262,0.15628304246826374,0.8004696671636778,0.38854390868236044,1.4698984055393403,1.3400368622204704,-0.3549238571313227,1.625963333189293,1.038966141422096,0.959908837974401,0.3473606674562493,1.0409390738880955,0.9900007522403581,0.3160223835130505,-1.1170837707958594,0.06745336830271696,0.09646866782829275,1.4769234906423752,0.7648795936349089,0.006845172290546464,-0.48429379182122567,0.649744148262659,-0.9051779919285413,-0.5044545259801918,-0.6979515269227555,-0.7465404066664034,1.0863253401733681,-0.4403037717116908,-2.0414586423110763,-2.2159475588055932,-1.1152600116309115
SYN3_0598,-0.9474203536563418,-0.7506594325229952,-1.5130153782778415,-0.9737709206083792,-1.3254919737499617,0.5096707841261273,0.49187645485452147,1.1865213259204548,1.6401918989615059,1.5277618770787156,0.08069281485858877,-0.27584025006158,-0.5558657244093644,0.1958937772164616,0.8884567709805762,-1.0410001910470454,-0.7487574581679289,0.4277699052363341,-0.6363024445591314,0.42131788382946295,0.10817011771525392,0.161210921426422,1.6295034888761692,0.03700799951970741,0.2740835523478785,-0.3433049707751528,-1.231855863049844,1.255367765680939,0.14141634368025766,0.5975424365840024,-0.1337608199119738,-0.3509206883870224,0.11739725816398792,2.0440974684021196,-0.47289615078641367
SYN3_0599,0.559386958625261,0.10599535034344758,-0.8062253322633157,0.016377249889887587,-0.5427602240108943,-1.315678002268114,-0.48397035136196426,0.5613452845582463,-1.264296465822738,-1.8813471723343385,-0.18735490724024187,-0.3616563434423369,-0.13249006351747114,0.1172330178595022,-0.007769520320991063,-0.7231841116324057,-1.4004186194383503,-0.8273360284853303,-1.4220724164366276,0.73958462287404,-0.4450596302696331,-0.6661615089154607,0.21758086365831636,1.131053770582349,-0.19482731232441852,0.07159377670635837,-0.5768303842815531,0.5230709066937129,0.9034157786335236,2.0257682183476238,0.9000173360906155,0.37553218843700253,0.5374019742072569,0.6329383723791944,0.33509486741812333
SYN3_0600,0.8288588226738469,-1.308012393818744,0.22212071538600386,1.7564691965236374,1.3443507389980718,1.8443357746362727,-0.1541277974988943,0.40637989942196834,0.1460481622088851,0.4514968249102089,0.8021026279702433,-0.8022895450550144,0.33669230620265245,-1.2524870968168922,-2.483327900170352,-0.980068179815564,0.07634042907867716,0.5504490996493611,-0.4699854232736326,-0.0026970640420481266,-0.7282944330113587,-0.36399377425401525,-0.1535845633016102,1.5301913477458022,1.337193719645133,1.0058068897823356,1.639406322792225,-0.8168838049197926,0.5363961303772374,0.8066145460777977,-0.5276960469133747,-0.05918005291738462,1.081941046647133,-0.30881483194614023,-0.6407235968018201
SYN3_0601,-0.421514133280164,1.6038513094638152,0.5058245715208599,-0.29551427073655334,-0.20476233740553196,0.25935095798998,0.49784848676625654,-0.4652166444831656,-1.3346317025758332,-1.5409770873043314,-1.216341582249815,-0.3753367035065121,-0.5047553877702549,-1.7762284061034352,-1.703602651473927,-0.26858517659580283,-1.8129990178735018,-1.5117994440821914,0.003543608872448093,1.6787063952107368,-1.1934136562947906,0.31687034219555793,1.19791352332622,0.24666954919772616,0.013756030513086033,0.7986978435236731,0.6150874402927836,-1.3065368424533175,-1.9856719808444654,0.10359738497395467,1.1965603381832173,1.963620162219826,1.7866680925289982,1.8798737066249336,0.3381027295109357
SYN3_0602,0.876357849777179,1.6181829292094008,0.9313999585974597,0.23693483053777922,0.24227306370621943,1.196278427445396,-0.10376827926003383,0.659546902346802,1.4425940242007127,2.0930823473479796,-0.014633401119419154,0.26706682141386406,-0.6975673465607469,0.28599935545488464,-0.24309215282215657,0.7225082312763714,0.6577085449316844,-0.21367039302597274,1.346819994559177,0.028879492108555154,0.9186558763873646,-0.8024184779736706,-1.0741837187300143,-0.778656694074392,-1.6210243623748424,-1.7407760381316977,-1.9998514678359842,-1.7548507974049328,-0.09777983728806315,-1.0005083200886389,-0.5211118119224172,-0.020300165701064493,-1.0439858941307971,-0.5310668181613261,0.6309862821211779
SYN3_0603,-0.5188767947580173,-1.4475910286596794,-1.6447857356563818,0.6986355938132551,-0.9127508500793395,0.09372160493685612,-1.0335958804520204,-0.24798107880489154,1.246287058850994,1.25513500621341,2.8445371944851208,-0.747432112792396,-0.8825293159884152,0.4319898804297633,1.628650748187731,1.6812635199721122,0.9998286623222188,-0.013871918697114505,-0.1852832893630599,1.175534242363463,-1.0593781695422166,-0.7558053640228342,0.3987525527879696,1.0575211117013774,2.2794360321177156,0.19543892604973834,-0.5413015696158886,-1.5548340163400067,-0.030638551354457588,2.348103020083659,0.3162768276979725,-0.5094095407036086,-1.1757027008178467,-1.1178359460915188,0.2364848612904156
SYN3_0604,0.4712662394441754,-0.8624118931712701,0.8936238661300618,-0.42904208182368914,-0.699088527146872,-0.11299731686029892,0.03593420526930902,-1.1777518170660244,0.4473968523975688,-0.15487802714242788,0.07571983332145076,0.49601511612362104,0.44465311009265907,0.38685775531003797,2.455867225887897,0.9549699366866137,0.6053708841892854,0.47478428823164026,1.1337862607228346,-0.2546786069456626,-1.5649303105910644,-0.33322205683268585,0.4741697324468816,1.3913721904585523,0.8693553655812271,-0.34959315356720205,-1.3660554480692175,-1.3226212799849493,-0.45343040689096753,-0.14804000661062425,-0.7672593717976106,-0.5003032422010439,-1.2549996043301659,-1.2131109629660928,-0.8591062157240654
SYN3_0605,-0.030821446976081846,0.3764104535491444,1.1698459451941978,0.8309410225071987,0.06402235236423247,0.17912973362609325,-1.664635893056021,-1.2865040857567591,-2.1108881922196683,1.0899433808957835,1.016936316271635,0.8864604108767185,0.18732988740642514,0.6229100342282781,-0.8788647605187061,-0.753558653925876,-0.5112522079439764,0.8943599091035697,0.6219493362173573,0.6363291003000827,-0.5083199929256204,-0.3479787957774212,-1.0187469830775457,-0.6119817461186339,-0.7513688018673732,-1.5880400043701461,-0.03934570541034053,-1.8094340242472247,1.583166000815161,0.5517954754305492,0.8060659290007023,-0.12208554929552834,-0.15286056085263414,0.5718907112096777,0.2937072010614791
SYN3_0606,1.473322395765669,1.2404386990801546,1.319031513338618,1.8641111470114933,2.555602951504035,1.4902550136946824,1.7309046034532096,-0.0972472933172989,0.33728023184559874,-0.08769867466845048,-0.7775747854977711,-0.42819072811889836,-1.0095482028116682,1.3666136460381577,0.9146230681525795,0.3083643712006001,-0.5977980547263894,0.6929565865143907,-0.14128984199660874,0.014828420106326479,0.5639493573686112,0.9058159353578017,0.4795022591941816,0.9526949500054088,1.5943100210796086,1.4678009827821992,0.9363632342825554,0.17697433113069105,-0.4259714021543223,0.5114970022949691,-0.9285743135875568,-1.2367921842526641,0.5038250977355873,1.2341670018080346,0.7219420714811791
SYN3_0607,1.1465180519212836,-0.5953251512588724,0.48783508730126385,0.5121363231641899,0.9433333319123202,0.29362849177997613,0.8815355575310112,0.29864140508453557,0.20037378831386865,1.5001335382397154,1.8515933736015884,1.301617392678349,1.2753355617738504,0.8959988890005794,-0.43549940197591624,0.5392161438488223,-0.8411961078335995,-0.34272071265548654,0.41060237451897946,-0.20119653796235737,-1.5368388507768431,0.42511091921775357,-0.8968470283565384,-0.945830989464479,-0.7969654257155808,-0.00918242839851565,-0.28236023827079076,-0.5700099612835693,-0.3738353477454937,0.631268451293159,0.5390097060554015,1.4190771850715171,-0.0987168929494897,-0.20955182128253744,-0.8272690027052146
SYN3_0608,-1.6560914355061918,0.2935513751932091,0.28543059544518534,-1.172747982734449,-0.4789725765392877,-0.6524820917782889,-1.3615335432837978,-1.828331108575288,-3.6633132278880116,0.5357028338985921,0.7081572040187253,1.3610684852272081,0.22934747717090803,0.06080548186671485,-1.8168669722306445,-0.6116483814263781,0.3998286603885393,1.2755701835371884,0.2778692709106695,0.4940314382059918,0.9012915473114453,-0.36478335600922845,-0.16095472514588305,0.9195863259771146,0.08732856505975863,1.3724015093818807,0.2646265700093542,-0.740979256372532,-0.6832672188927331,0.12873996839477106,-0.5142207194664614,-0.11697150797108195,-0.1925136432057361,0.8364764872688037,-0.6154312418126797
SYN3_0609,0.0917187508259387,1.222725105823475,0.3371225064802849,-0.13119158816014378,-0.35491540289372986,0.08256777763505575,-1.2007513013135138,3.0313405972909195,0.5874068809497213,-0.8390850923960091,1.324601108435091,1.6581623777855021,0.6996018014715807,0.42159367271027154,-0.27469160283079497,-1.1463179240102015,-1.166413226517108,-0.5618487452514873,0.9324397802339941,0.2791183335156445,0.21755095590113663,-0.04796404498060366,-2.6405895458106072,-0.851188666765273,-1.8333241873232313,-0.4962063479625798,-0.05916387436925704,0.4531802770914343,-0.335161546758602,0.5979743999032766,0.44380518338816594,0.08885926845857962,-0.2357520119413616,0.9547087585015219,0.8902612697407104
SYN3_0610,1.3551990572586412,-0.27326136776538207,1.0492354697421575,1.1489242099436792,0.8076581661557783,0.7485419914150739,0.9288907993328532,-0.21183555198575288,-0.2151257181553584,-1.4355387077842316,1.007724916375897,-0.03230992547769671,0.24061233267528523,1.1187902221029367,0.13658333140918735,0.21888586165112847,1.1039054806598378,-0.26181230254296406,-0.9401260687555485,0.6573027778420666,0.02283522362561555,0.33922319888971547,-0.22397599942020932,0.5483049488502565,-0.16755287663783147,0.749738155467341,-0.31380873093110195,-0.2805123058224792,-0.40161988631797124,0.6912393076489933,1.628771997852696,0.6537706271420897,0.8306518807151579,1.0459337796866632,1.269396777331404
SYN3_0611,0.5417756477003094,0.16413698278430452,-0.1475971164460884,-1.0726307915304711,-0.48009572964542696,-0.8907317835237114,0.8184479631857697,1.1238674657317658,1.0170098826471903,-0.06612753326155611,-1.2717720439298668,-0.5112985405058351,-0.19414525990042933,-1.2956186164132668,-0.6360267525293031,-0.28807541838337897,-0.5358752492928405,1.7043237339479778,-0.5478502378546166,-1.2446044546947137,0.8721333204408253,-1.0376291173848324,1.3574846079200684,1.603160466789764,1.4570290469747638,0.9152887980049524,1.6938514685790984,-0.564845378391321,-2.527256069799906,-2.056061264908212,-0.11754322277993523,-0.6129113145996249,0.5925090426169938,2.582909205464896,1.4793713493110239
SYN3_0612,0.7950687844372093,-1.3948453256726323,0.723228897984163,0.8122342711607033,-0.043572882069321583,1.8322658477199867,0.4268295467240717,0.6119565983404773,0.10605076376926546,0.471860649739685,0.2976494278699532,-1.841541397407247,-1.505484380244338,-0.6805964226517234,1.2827361803859318,0.9568374341161774,1.2554053917466785,0.6474040465436486,-0.028124267646648902,-1.0904824752562159,-0.8645107981571152,-0.1694428850949478,-0.9784509223896332,-0.34392334060343,0.25415580258183207,1.2102055517998482,1.9067182542212984,1.4958308201509931,1.6389559479914317,0.40705647606767204,0.1383283557061923,0.23065048234700186,1.6402542257036603,0.6459891874786695,-0.6781465068716244
SYN3_0613,0.2843362450739788,0.10236749854483496,-0.4944854977590128,-1.3724048433140732,0.25343121884919056,-0.692400430178104,-0.2554357533482706,-0.910224716977518,-0.3436652412046799,0.21497203871250326,-1.2795828151137498,-1.1332670095635324,-0.49025614917682314,-0.2835727853621287,-0.5352326651548952,-0.7853844772798336,0.39519236549739767,1.3270957430655632,0.5618437697756579,0.12750162427033207,-0.171407434746169,0.7098299757871523,0.38199828443106937,0.7148611900871428,0.0024692395664540558,-0.0393745038903551,-1.3374432850076292,-0.5767542339027505,0.9632822880690894,-0.19515741822140062,-0.5691476544727632,0.8019912071847938,0.8310982322071231,0.6071729841790557,0.2524074239077543
SYN3_0614,1.4086074676440397,-0.4589362889372415,1.1817208335054679,0.3311715262965337,0.15445932848217603,0.6341883736509297,1.4220309649669947,-0.1331298915268217,-0.5996794176281071,-1.167376008179989,-0.4962462299791794,-1.49613403894416,-0.40905477754142017,0.6059252173731672,0.8465633296382182,0.35725571608184786,-1.2560364398915174,0.1419232791601029,0.035581813652992476,0.13672758579371888,-0.20098023041159807,-1.4024336107712212,-1.4731686748627562,-1.1232987123513487,1.0873115919309937,-0.3657379346195299,-0.20550306589990786,-1.266276341497755,-2.291928032530033,-1.716873472900567,-0.40612653523522174,-0.5356152201934382,0.0495155892407262,0.6299338564004572,1.7244095364660708
SYN3_0615,0.18863593421123787,-1.22461375547883,0.1796845627447361,-0.21632688248390275,-0.007476847495487862,-1.1404252530196326,-0.09047981193622234,0.09757733904765274,-1.694914891337828,1.0929753705474472,1.5931616777478068,-0.8699552830635725,-1.1779343043054382,0.42481809662675435,1.2614307280164383,0.27535933072747343,-1.6040585855776088,-0.8757299590205637,-0.6966383077257422,0.4989097328236979,1.895420744030817,-0.605093023636121,-0.44259955064180023,-0.6892046989837554,2.01673655745361,0.20614187796160705,-0.2823242777773114,-0.23381531508899958,-1.111845732271096,-1.725568855658295,0.9333957552918699,0.1501594558233484,1.2206100726814417,1.5029406348914167,1.8012588005655112
SYN3_0616,0.8249745004786336,0.5655490718183583,-0.127779729558202,0.423143108387657,-1.4221991398199287,-1.7205496058111434,-0.30184668196033015,0.6682065885798946,0.2639993323518937,0.2477452930368574,0.3827985336434192,0.008976865182636795,-0.6424350838510724,-0.5378764138649835,1.4118661914129755,-0.4052682832196733,-0.24304758351153738,-0.39085361471125085,0.04565890151259148,-2.928794566243477,-0.9231324582160897,0.9799084969460309,1.2096111814869903,-0.2888523081866392,-0.11303053539217889,-0.46027317952645613,-1.195258342851391,-0.15117883198205642,0.7938055385458697,-0.07198216904690774,-0.24867875554961977,0.1364567089466445,-0.5242710514795796,-1.452074730183058,0.8677221316126706
SYN3_0617,-2.14578062586635,-0.7973971892651756,-0.2945866781910216,-0.27173019813204236,-1.820400091597355,-0.36905905417173085,1.4858827399275438,-0.6838544408595509,-1.5578215474091148,-1.7169119834853521,-2.0159384291089877,-0.4717409020835566,1.7642729765664575,0.4999405383927368,0.5105692367084436,1.4767053011865052,0.2699068966948689,0.6130239575295997,1.269578016044311,-0.24154187830656895,0.7194941005651168,-0.05441031788590787,0.1337458314293733,-0.041383115424203414,-1.1458772670279886,-0.8511136602198872,-1.5990754522104362,0.07030705163636694,1.1876839652415352,0.053599537074745816,-2.0558388946726827,-2.398278123411759,-1.542308886885666,-0.9778435589668176,0.7324348401372851
SYN3_0618,-1.9522157122914447,0.3888924624501676,-2.139502973073407,0.6619511635807944,-1.1815438704476273,-0.32373282004728976,-1.8087692269930953,0.3515961615127115,1.476885889273709,-1.0809541221630588,-0.7914080690650785,-0.3148733072542651,0.8207642317199142,-0.8268729738918085,-0.5669837752699899,-0.1671484461164509,0.26253382132939873,0.9917246150044309,1.4864811329058574,1.8047505154338495,0.03755915855345106,0.7946017121519081,-1.5137622663522172,1.2135539676056697,-0.1106304725255167,-1.3098754923143756,-0.44030954438897874,-0.7846718951792784,-0.6923407699856728,-0.9600392216695135,2.011153241458508,-0.653044331941067,-0.9484399872360517,-1.7457204045368786,-1.193492876725551
SYN3_0619,0.5204088189858915,1.0030674554310335,0.9441968052567631,-0.797426997837478,1.084814234287172,2.075879151108513,0.6211803518472298,-1.8609123259742653,-1.6436553599256496,0.1967187146148797,0.9188513900291275,0.7655820035225152,0.653156481611565,1.7645658440590475,0.7011454895987238,0.3743675075114045,0.3901188718687654,2.215464146700958,1.1964181348751821,0.5767141809410459,1.2786943222904448,1.944404739614999,-0.6834830652084978,0.19321480590490928,0.2162634653360416,-0.8375130227141473,0.23975133997185868,0.971145982728622,2.0367710658622515,1.1580237947872956,-0.3264562296761042,0.5257272833439609,-0.03371227301401999,-1.3988224128164553,-1.5945448238299025
SYN3_0620,-0.19957674290378483,0.7448895263739119,-0.9156009952896174,-1.328357525129348,-0.3289111170555253,1.7641085913333843,1.5238779465963548,2.676016789666984,-0.31382389450261255,1.1176165569374226,0.6609082642677312,-1.2920053121444508,1.0175993172219178,0.2076150941706749,1.4218663911746938,-0.6582134521001827,-0.10426721757461865,-0.09771871957742738,-1.7485609738264138,-1.109987665599195,-0.5145799841254166,0.6853714575537339,0.7548695993988367,1.3350615887562647,0.07278001621628973,1.386199090669251,2.0496309097631245,0.19404975543495329,-0.4748746474223143,1.477841954991272,-0.5057751102612394,0.9664133657156359,0.05904881254651279,0.29412369997613763,-1.4289899751732755
SYN3_0621,-0.28878486859829167,-0.782775295541917,-0.21241258435545404,1.7819921920607185,3.652892876665402,2.951673148067622,0.47862386795825146,0.2932139500176927,0.36695203908450136,-0.2603422258180891,-1.2380337497209126,-1.1317884100436122,-0.7511241156096157,-1.5042673657253298,0.4994751371097384,0.7065111559103046,0.8549476822347996,1.5667966049769801,1.2956071868469885,0.7231232498214398,0.48014411809222035,-0.9547703950106471,0.5728869030938202,-0.8954401479269563,0.9015097218582299,-1.0770044639509404,-0.5750714406345999,-0.02461431707994447,0.6266623753173859,0.950331284733785,0.5641460618946812,0.9303284389054386,0.13708063778683238,-1.076674298627468,-0.21217988371218402
SYN3_0622,1.6487703739021566,-0.47965359871190133,0.20885705634882681,-1.959563732616317,-0.7027007249004623,-0.004765647100608635,-1.1586738482594974,-0.4968160786175979,-0.007976912804237787,0.1838765774955658,0.031007168871440772,0.8650148781717881,-0.17866718696954179,-0.5566449002691909,-0.4484775663873265,0.17952516941202654,0.24021319911197264,0.9430478512682188,-0.0016297757248541767,-1.0458775180578743,-0.43440968704275706,0.697590963037889,0.044619709358806346,-0.23416061248759984,-0.7988343016669848,1.452843352715184,-0.13157444075806307,-1.8410506855104538,-1.1334432114800754,0.9449757925040293,-0.47007669470413854,0.6156287268351106,0.8932273109411736,0.7515633434364447,2.766268017768486
SYN3_0623,-1.431219537201103,-1.1827268499310062,0.9184823591093216,-0.22780775279831905,0.5033949104976019,-0.9868850580693549,-1.2942561577847715,-2.1430641659013143,-0.2759087037796505,0.8490242688247194,0.7043370605006397,-1.1579252766455126,-0.23021383763140973,0.4564391878418738,1.1969997923828026,1.5823097292313182,0.14530910119174756,-1.315510898734539,-0.5509873326527641,-1.0126763130611531,-3.4766062574176426,-4.234884704105611,-2.118839524449961,1.1965675828183335,0.7956966725048397,-0.577143565969614,0.9192573906301494,-0.4825843774875032,0.3078089756486596,1.3337491224961593,0.802198240021814,0.6886723140767043,0.8564281728236914,0.9521705013606491,0.8447873934570932
SYN3_0624,0.24848320493213116,-1.5859827816884702,0.02200705409024633,0.03621112223762745,0.29238294877422816,1.2641945344346428,0.9567324613438227,0.8578403437824921,0.8736159077958011,1.4833924092681448,2.0872834650924914,0.6230475247034942,1.7346879101318529,1.186767097284705,-1.1657062708550494,-1.2259014463772375,-1.5585353015014918,-0.20579904176619584,0.68791633500151,-0.33588923190601505,-0.6431613868921778,2.4076311606627865,-0.7186430646672954,0.5791330203315929,-1.013965895450874,-1.2074267267539398,-0.7726447315019972,0.31460689932800867,0.019438780565329147,0.7695669040930275,1.20709600411144,-0.9482643903389211,-0.6362145146996935,-0.6181720356086706,-0.7405486540293074
SYN3_0625,1.339860240229663,-0.32786933567409887,0.6726806901044827,-0.5991760876623485,2.903816256492824,1.3184747877766134,0.09604679509591019,1.9261731580419221,0.6874346539929905,0.8165983168161219,0.26541673202126853,1.2044188631192576,0.945117968323789,1.1393635752079263,-0.37309942907561616,-2.267231223291072,-0.22923185183967706,-1.0419949274692148,0.5299516654398392,-0.11950678064091105,-0.18156217700469027,-2.0693884642955656,0.006605606339189555,0.12268469642770494,0.16722880849609906,-0.380614065959045,0.2687289471046164,-0.14648095057397215,-0.2980500939178973,-0.686814547390993,-0.3196354568046142,-0.6737285043530663,-0.012854997660026943,-0.1488330718712057,-1.0167524563007715
SYN3_0626,1.1669287777687563,0.7524276213109578,0.8105034662118847,1.1587155400950162,0.770071581555732,-0.5936931869148314,-0.10025897977836098,-0.3814011023812169,0.14680361255523344,-0.7007222757969435,-0.33702058533113877,0.8792157633195655,-0.8334755587576591,-0.14892726852056096,-0.20155838612816265,0.5271677954456637,0.6792962320837125,0.988621981785777,-0.7102829573584472,0.08794233188713793,-0.39658883612734663,-1.0675892126617694,0.6806171088578337,0.8212792128051036,3.4129671227960245,1.4424894180552215,-0.4729113892257949,-0.33630297603538895,-1.4030967771980478,0.32415977009645963,0.05879183976149043,1.7866423364580606,2.505614343798991,0.7656271456058287,0.7974854235117075
SYN3_0627,0.6112966660437656,1.8884003140777332,1.037560543091652,1.159722100439497,0.41657154581274763,0.7347036212468491,0.5933843854548057,-0.08681053871313708,0.4435743874736058,0.8247908729404139,1.3581369133813703,-1.27841901308148,-0.9653217621634097,-0.7187100572260982,1.1308668400001254,-0.3660709981461555,-0.48473222584536946,-0.8042117687118622,0.25682379305623376,0.684872922375448,0.10597678541352532,0.26317802121029266,-1.4549877132423576,0.6207054306884472,-0.03146453365413129,1.7705763148957394,0.009425508889834943,1.0909780136808223,1.1663084788869595,0.23607080277005213,0.7760788809806691,0.5719417440256553,-0.009761661740426381,-2.006410090233167,-1.112883259480279
SYN3_0628,0.31675842083805555,-1.0201542255288736,0.08634186516425438,-2.7232429762056647,0.029778012240495824,0.2878963816707326,1.0784747867880065,0.12246049637061333,0.9431326452739492,1.1477878557053538,-0.30586468181535953,-0.03491501546802138,-0.5899672849449831,-2.769014884705901,0.24537104472308974,0.89678615135732,-0.7592924759091116,0.05962659226303307,0.8738921872880718,-0.9257992284773241,-0.6714400284871151,-0.5922070675736844,-1.463763121104858,-0.4823026201558093,0.9179640936420836,1.7704636530250786,-1.0676409086144205,-0.4725710676366135,-0.5907791442278534,1.2961330177282884,1.2388080834910893,0.8243942265192831,0.34723419050203225,1.484801449673939,1.205746267791723
SYN3_0629,0.052371619324573904,0.8350071237020346,-0.5594449373495565,-1.4107043007931879,-1.4846589855030248,-0.8081724585450483,0.5047765798207914,-0.8214165055266393,-0.06373290292069268,1.7558756092016239,0.46760881481571115,0.3470153540414444,1.7603865799756535,0.7910848959308464,0.1773979803638828,-1.0526080507093822,-0.14943866129932942,-2.212482026656155,-1.8124318195166997,1.1709435369630423,0.3222100503784622,0.3629849893186081,0.36359382672088014,0.9962902367362112,-0.1966747069353301,1.9901715030949048,1.1934908057360707,0.725555607488269,1.15226032681726,1.6691883239001863,-0.5876207579629183,-1.3490874948945328,-2.092856150435311,-0.6163918601980133,-0.6512477523202983
SYN3_0630,0.1714482122229914,-1.7347361403041144,-1.2798309404630335,-0.6521450128887638,0.5985509693714236,-0.3891655470089356,0.8019237753911573,0.16370193181764844,0.42844796663876505,-0.6625552379966679,-1.4041245266134348,-0.24797514828533035,0.9864801843399605,-0.312189759773702,-2.0133412795280887,-1.0160982854055312,-0.24842693862828322,-0.38570939379523406,0.16901415195784564,-0.10509796968240809,-1.2957743942957018,-0.7569148939719054,-0.22729408869365167,0.870835179404546,1.154637150631999,0.8750141952733568,0.7327223908593012,-0.922647223697863,-1.338976108807781,-1.2595120622174008,0.42127740028681704,1.8148779939069717,0.7575510793766855,-0.015048297438839698,0.38283476992531773
SYN3_0631,0.9350748906524292,0.10031200105215501,-0.8761622725488438,-0.35265580048049183,-0.282284009439023,-1.0560344646986581,-0.241638143356499,-1.0864930925073328,2.8153805103509173,0.45753107314483366,0.4659429435773593,0.0722274911008531,1.0222734153067037,0.01224370167688719,-0.6231446515436528,0.7105869947373021,-1.0141242228749872,0.25583123150199116,0.03843408315839331,2.5027128048742986,1.1337680069622207,0.09859943807007159,1.3720394677438763,-1.7954694129104583,0.3942639164501539,-1.4979745362555614,-2.4787402330095887,-1.9151513542198189,-1.031361208438526,0.1836385048982898,-0.18792370758368468,0.8710880619882737,0.0729621694455841,-1.7020066042990385,-0.8353691779076698
SYN3_0632,-1.5733782189862382,-1.0717816189970444,-1.26576479703763,-2.0492443969910665,-0.6261670364227856,-1.66602482006112,0.3248251890326565,2.0064874855788117,1.109182260590831,1.2211082702425904,0.7782217343005444,1.4100337183763987,1.4945362300791358,0.679226998650815,0.03798706839940455,-0.7259831408681713,-0.639151132611419,0.4593852017715209,1.589677648438874,0.605073139082673,-1.6288232064676134,0.18662570466288908,0.8515145401486879,1.8597014735941035,1.1946651239590564,-0.15778675441968779,-0.7081569400581521,-0.5156317297742166,1.2098378483876087,-1.0387135948448525,1.5527462873307998,-2.3765963808851973,-1.516708437498092,-1.9359905830700117,0.7183905940551301
SYN3_0633,-0.857144177167337,1.2208141222400235,0.4075219910302998,1.2696179504821385,-0.052605527063478194,-0.12606369360606615,1.6747422694504484,0.8301345271955571,-0.393603237898274,0.2457132519500615,-0.695206344848757,-0.9892370790883237,-0.5264669332652832,0.292557900742544,1.0719923578732995,0.9388925116189178,-1.1720210210342166,0.03170679692778847,-0.7813770966201978,-0.6537549338825802,-0.4750118311835164,-0.6159239209711869,1.0176948632044849,0.4944482196467242,0.33935970563235224,-0.6988483508451208,1.0854547717061025,-1.4196459279115738,-1.4229606939196302,-0.8026029684430498,-0.530511569628595,-1.022788315942024,-2.3980872302418135,0.2144768207679405,-0.6944794794435027
SYN3_0634,1.435239834561867,1.3533274703574403,0.343054059674022,1.0078059485562405,0.06210947463906079,0.40291522491328047,-0.12131206657444955,1.2072172385973992,0.012677890326735768,0.83850609847219,0.7569783084795355,0.47521484998170327,-0.3166957382602824,-1.480101438623525,-1.4036332073149878,-0.21122967863827488,-0.13714257980191386,-0.4022891728953144,0.9625679608956,-0.4754027402292261,0.6811570105026279,1.1674928587507671,0.45414861777596477,0.7543009049355068,-0.09340987874927155,-0.007706728382959707,0.6561404222176037,0.506265503581972,-0.2612611170455185,-0.2198754228037921,-0.29633823091004696,-0.5442007194780066,-0.21590604981902883,-1.1062128023711206,2.3885621963998447
SYN3_0635,0.18887418300332257,-0.8295469320549327,0.1585707799447017,1.019726960134912,-1.284759948007984,0.31499836673394305,1.6521763375535097,0.40488308020269703,1.1759654503040913,1.5060709544876474,0.9293391240188229,1.1005563756970373,-0.6781181247556036,0.479205074315263,0.054511352873355914,-0.06831663943827866,0.34474725822314184,0.5809797482802207,1.0797704698461552,0.5253135603160849,1.455112921830149,-1.3878862195453465,-0.16584662666492786,-0.9542677886675582,0.5061256985775366,0.853008675575307,0.5350774243695541,1.1022856552738953,1.6937623721902395,1.580025714913649,1.8746086503000652,0.4269525511209908,2.004613617097674,0.9348535100540422,0.0813087696539994
SYN3_0636,0.06853322323623112,0.8507182628724511,-0.27386171378508145,-0.12412949539699093,0.6716809953848907,-1.702651398890938,-0.0845996258015765,1.0232210268960107,0.4205382966132819,-0.9330725115245777,0.9866027690120004,-0.12925041341439436,-1.288646519299111,-0.22826012428292172,-0.34440474330143095,-0.3206008745516397,0.014771629915024887,-0.32346336008717674,1.0492886083888784,-1.2600992498488102,0.5842313107851823,-0.14840208661394796,0.16512261284024618,1.8686758903991183,-0.3178839980385923,-0.08578529966710513,-0.5381242930335871,-0.37015147039914065,0.6064891908096062,0.3554433900985948,-0.28049782050636607,0.49570578642062896,-0.47429047553455556,-0.4449296569941241,-0.20343300721887142
SYN3_0637,-0.036525382492148394,-0.6714104741780237,0.43778286352466966,-1.1820249500769007,1.0522573068736474,-0.5265984382623595,-0.6959213070620852,-0.18653545550543799,1.0283083337790087,0.35734860173246286,1.442815993381935,0.03805000863432237,0.08779736866311609,1.088423576355204,-0.6659804827980355,0.06474051983103699,-1.4857643847740891,-0.12557363977293962,0.5214459467466802,-0.5796952028958415,-0.12702597424418777,-0.7681612905883943,1.4678000913503617,-0.40076384754574457,-2.254217195397108,-1.1784618937301572,-1.164241389578261,2.167297893500837,2.217844788484778,1.452431182729389,-0.7638019206843883,-0.3652001413959936,-0.1526337299899866,-1.8255715017910956,-0.9777770864303963
SYN3_0638,-0.6215316737767593,1.1619663774690419,0.47143954624118606,0.7674607925968975,-1.437129186884204,-0.08840918127226284,-0.8965849255191111,0.16938976029846475,-0.7869075137290131,-1.253049486365829,-0.38135807112663117,0.014019782583799299,0.44653743447999933,1.0381896611480785,0.3872630546320249,0.5368035707857454,0.32578871619282146,-2.0689295537755292,-1.5805493590164414,-1.7554771269241964,0.6845886964971898,0.6036468076402653,-0.8185141645202132,-0.76041644232352,0.051065292430746013,-0.11922027300644047,-0.054500211417979144,0.09067360634508263,-0.1430850395097467,-0.7352346233134109,0.22791138105746248,0.7097853279798899,1.1335848998323914,-0.13845265096516496,-1.470359183608783
SYN3_0639,1.2167770322355544,0.037878693189201174,-1.0706470311221379,0.4623236506903925,0.7921592029019208,-0.07333566963839326,1.1825621574045524,-0.5499188474784561,-0.645280607213539,-0.5362094376429175,0.5602668773694507,-0.6162842580028768,0.1633756300310963,0.9896027188800044,-2.0462105411755434,-0.6192735432372801,-0.4386343840343146,-0.5216175477073257,-0.8350342721544617,0.534107995456282,-0.2705380725094835,-0.7837973947017608,-0.21917150547296627,-0.3859860147846706,0.27226833017438534,-0.971372537829125,1.3025880896631032,0.6728604090483078,0.6611718661225874,-0.33050396576761704,0.15955265801158622,-0.8029155904120542,-1.2909772511438316,-0.38892409661682725,0.1552210547073605
SYN3_0640,-1.8361372427987994,-1.5571362687835884,-0.9786204854069929,0.826383860162228,-0.7365259178795902,1.2528527194949202,0.314279094919098,1.3564406802160753,3.574128691822409,0.763390351616801,0.34628366770385166,-1.1962709894161336,0.33670051602984535,-0.37312148014517516,-1.2593331911506802,-0.4891192320428319,1.4787711175904157,-0.9311621656249791,-1.5851596336993188,0.7966637283845924,0.10055040950655895,-0.07271421698927828,0.20247283779575592,-1.0402666683830326,-0.778072949947124,0.96455284250112,0.9961905949642142,2.1248302030933583,1.9103337904154862,0.33826972926913995,2.817611761086097,2.2696444035539396,0.966622621749679,0.7686142243237871,-0.32226549535442217
SYN3_0641,0.4636833654108393,0.96156413918844,0.990428934452802,0.49125719163758846,-0.36538630623370644,0.22667936498904856,-0.9601317758446744,-0.9334383123396272,-0.6832700980878221,-0.10900030788444287,0.10441929788080742,-0.4678109031203557,-1.0473367983625752,0.28630375440915407,0.8376045412422953,0.8491539362415546,1.5750337867338247,0.27229848668162715,2.4836998569906736,1.289790392305686,1.223573695806162,1.2892011049163472,0.6329194057428154,1.5928598601253234,0.41953291632902934,0.07974488436309488,1.0053652181920667,1.084555613721974,-0.1832289477455999,1.5865338529428963,0.4305877562470889,-1.1607278686923892,-0.7931001936595875,-1.8361161584642882,0.11516055630851717
SYN3_0642,-0.5194462343833732,2.3375445116903744,1.134561395032157,1.6499012846040793,0.3113926024637136,0.18531965796631827,0.2738682755991541,-0.1591666783085959,1.1560141001758821,0.1396108703435125,-1.910757076209027,0.040488515133946974,-0.6687590182483566,0.11092184930869046,0.41192600699413556,1.104676466018202,0.011909217689377935,-1.4006465071101966,-0.8601175179714567,0.18559262158416545,0.16434982049443533,-0.3338058302583075,0.9757294622161008,0.40805850948233,0.8192954651570965,1.0387664808908161,-0.438971197395647,-0.7132793858697511,1.1655953347398074,0.6347408667311112,1.2537708038964008,0.4845709922098496,-0.767005860804447,-1.684950633785678,-1.820267146064783
SYN3_0643,0.30532682363365393,-0.16463111499573654,-0.9663373526015597,0.05659226803312537,0.5738401861811974,0.18360789902274746,-1.3216067555961595,0.3462155245342461,-1.0603259237771976,-1.005763239819038,-0.6544618204506581,-1.3195729357121415,0.44501922159447127,0.7433154793555027,0.3666240849775203,-0.4942750167221957,-0.540162644893095,0.7875430124143169,-0.7574304196276934,0.07305468680150769,0.7203000119636052,0.5992912337150372,0.3093491487691144,1.947222423419076,1.0288905427192576,-0.23733005860184483,0.07587759179629883,-0.3479501185001879,-0.7627052885350628,-1.330708672211461,0.6655887230492861,-0.3934564379773221,-1.3008963552050337,-0.7553641216090419,-0.6549186979209353
SYN3_0644,-1.9278845802891107,-1.4566858197001868,1.3672892493768571,0.39639469102149266,0.3739353330296469,-0.4592517937721877,-1.5978742885114956,-1.0951536908206572,-0.7287944861139879,-1.1182086561036093,1.3685563581552662,2.579942419752905,0.3445696048786749,-0.630756375283183,-0.2054662508867801,-2.100363549509801,-2.751319639798984,-2.250855676688423,-1.4514490384915992,-0.7988782512403172,-1.019794282108687,-1.1059806745350793,-2.151558393740539,-0.06268474476013669,1.0513744359316088,-0.46032671505285055,-0.9275591693960678,-3.159643099588263,-1.2408037766369635,0.4319850496734078,-0.7651892668477966,0.5957629981774163,-0.9701806269683976,-1.0048961380440644,-0.806968396750678
SYN3_0645,-1.0358361692474118,0.43270226038942344,-0.542551365494657,-0.2714952595796957,1.0910594253102701,1.2770741248137696,-2.30705975149001,-2.9891177561255997,-2.06152860375884,0.3106002580991522,-1.3932145935625144,-0.40378188576649654,-0.0791996654011765,-0.17839706927498103,-0.26745170208732905,2.3431836809038584,1.494195891632744,-0.09758954352980113,-0.05149347974356104,0.7930526256539255,0.354670682695028,-0.09249372265879773,-0.660928187213335,0.03462097073576382,1.3957288974468398,1.6823396927288594,0.8199460083745926,-1.5548717791814894,-0.5579130513720183,1.55098966078657,-0.5778239697901383,-0.017976981053336106,1.4351495076767191,0.4035110325524698,0.9439524528632758
SYN3_0646,-0.6384527458479876,-0.7381241279242985,-0.7283664431957934,0.45803491389014817,1.1388286315582818,1.0278605823752542,0.23518314944421795,-1.3083175652686945,-0.8246633268147834,-0.2530823269373256,-0.33238416821244315,-0.5589995214788327,0.2605040559618316,0.38841514603384625,1.1088486730877722,0.4180169156679644,-0.5472591835986871,-1.4727748171018622,0.7639106329518106,0.43497380993090595,-1.1188306952498528,1.3110046492622005,-0.21450852244620774,0.4267280740924887,-0.3203967191992695,0.2931580274903365,0.667931701707884,0.6145160712355531,1.3087915400831243,0.39739340029576864,1.5963814758444417,1.6351195305309347,-0.16205405736091447,-1.432615357015616,-2.3077991915789404
SYN3_0647,-0.41811660058469,-1.1493662302587246,-0.3491711237098595,-1.2860343439978137,-0.34068594673875907,-0.43278946826864334,0.21815431495089588,0.9396165811521393,0.8586682668062985,-0.9118372924860517,0.41443251507130996,-1.0162602459179662,0.030531922246014986,-0.5384515070679844,0.3435537453529111,1.0154218450048282,0.9176113070000413,0.2572929818182071,1.0803691149669006,1.7411710539487237,0.7096992326471898,-1.484954210203013,-0.9038485884791816,-1.279680525810647,-1.0462710309637369,-0.9575842464985674,-1.5419051571550824,-0.956010532604101,0.24874029398234523,1.4342997624436824,0.27250307969176313,1.1893246509740438,2.4554109929882313,3.4698359230227127,1.7415742091708466
SYN3_0648,-0.8037295536336512,0.5901316208051809,1.224601777155712,-0.37554804223375177,0.3144674320525611,0.12611609237524266,-0.8525423225662196,-0.21272251019717456,-1.2510099300639415,-0.9608903085218021,-1.58698354980161,-1.392918580706879,1.0538836414497208,1.7893043813604035,0.37139522877937736,0.7372132178537435,-0.5871860327349137,-0.993977025359087,0.3342666950106276,-0.973237325926182,0.35819222903609765,-0.02033367333204101,0.4702975280623526,1.633124251670901,-0.633198600828852,-0.5890068713653841,-1.858942542186782,-3.01609859556359,-1.794552847475335,-0.5167047837864793,1.3809581282890988,0.7241903435952604,0.7777723599548871,0.3790489661325092,0.5250120887874941
SYN3_0649,-0.6509248000303649,-1.922957257534379,0.2072704960869993,-0.2940825974137077,-0.38722165555792976,-0.32387199102337466,1.3570506411755752,-0.8185138490203246,-1.7246107258907888,-0.4153539410391732,-1.1228659540809585,-0.26199706552806584,-1.0082774394843181,-1.18894914427749,1.028857448088143,-0.04018879158305069,0.708534919428211,-0.03538869911436626,0.3566220554947207,-1.2242306563787282,-0.6829761261143261,-1.865719954766236,-0.21042805446883414,2.4358715708998626,0.29768376488922793,-1.872208960044212,-1.9912158306665548,-1.7652372721294458,-0.05112972656648805,-1.4793255546401791,0.19595748158369236,0.10651934877069165,1.4077647726181413,-0.08171126691984984,-1.033124229074502
SYN3_0650,1.0323449654755674,0.6913409230958918,-0.33001706385164814,-0.6979252270841559,1.0356594924881724,0.24987134355737362,-0.8367927867956803,0.9685617388985129,0.33886770559687107,0.4060354343319215,1.1636319540136035,1.4032816107527841,0.973537253883246,1.002429852568788,-1.5575883609561108,-0.27765735408977665,-1.071535776575409,-1.3203374252636684,1.0699645712302213,0.41584273969161234,0.2979857876039763,1.4005436343922455,1.2592635911063905,0.08684964946843793,-0.6603922931017573,-0.16847116764232384,-0.4842698543251975,1.3619151000155167,0.7667233152647963,2.2061545304818084,0.11111295670362684,0.6964103505218765,-0.3782354075971139,-0.141157512493175,-0.7814627378478032
SYN3_0651,1.9515780027066147,0.557624217435472,2.072322605579173,0.03454415943982507,-0.3774755644629184,-0.14663767616637868,0.23766965815649307,1.5140943997369234,-0.09275244121329276,1.3621636515595161,1.2026085249030214,1.3377060673449392,1.2693718474856712,0.5905620765093714,0.27700987085755874,-0.3642492526561987,-1.3140125553162387,0.01689916885904104,-0.050128566214278754,1.0798251249451836,2.907116300709756,1.9282730498872371,-0.5296015692175041,0.7176956921918094,-0.8077295698051261,-0.39183182394506444,0.6900317034198101,0.6497446039956803,-0.028301883852892087,1.6809462707109328,0.5747353946208271,0.15727692007130029,1.2664888659017415,-0.4278345593791237,-0.6805963738963448
SYN3_0652,-0.3832320626756518,0.06571396434071777,1.9323618008374182,1.9648531459813532,2.1220119826392794,1.5792831006698436,-0.08891127437950506,-1.1707539593861296,-0.5141461776670806,-1.2592403116506103,0.10938910833240206,0.04027780023400883,-0.1404656781617873,0.04963689557956095,0.15213946132854955,-1.184612517889072,-1.3657870458661856,-0.11763631217690841,-1.2141020976886268,0.3118197972262768,-0.22260500286619625,0.1746724294089638,-0.5811097272355914,0.005163016555077956,-1.8858345633095315,-1.2137530134965662,0.6572141515826186,1.772750860876581,-1.653056047845044,-1.0815138290524127,-0.43526018579100806,0.5494601484845352,0.5716220813862072,-1.4326059021978577,-0.776731847334857
SYN3_0653,-1.1459492532046485,0.41122147631663003,-0.698552200858087,-1.0307327609596089,-0.8320054358011395,-1.3000207931850873,-2.156464200515438,0.5396495226480671,0.4858167096018457,0.11059755187149371,1.0348953110274872,-0.9121910572590357,0.6203676993344396,-0.8159794408022604,-1.8681617003580728,-2.2344064106221904,-0.9089876406927828,0.035862350082364,1.5347401359090078,0.9576786865866391,0.16411024857629614,-0.22535724502868057,-0.742714168766144,0.5168118511656687,-0.5347473037541934,-0.7527367405513823,0.049628605447566275,0.03388640676984332,0.22894496786745466,-1.016724815083281,-0.22847187948950243,-0.8145646055815422,-0.12882187194464667,0.8826024199900541,2.6460657387476463
SYN3_0654,-1.0727692983530488,-0.3926604641915123,-1.4874191463441209,-1.377583477083338,-0.8181980555562322,0.19259469853384595,-0.4585448378359254,-0.9590333424032997,-0.04172344536535393,-0.7185447143562829,-1.4150239342979989,-0.28308473991158684,0.20501901829568447,2.1171366740552964,1.2485775348740684,-0.6331626196011803,0.7964811103325304,1.7907420983458673,-0.1721609260680573,-0.035508151067415825,-1.343663351419541,-0.7205505082237661,-1.3217056257248894,-0.5032480716336067,0.16539647045045006,-1.0244029564792743,-1.3568225425075453,-1.9133434103719762,-3.4961180770362343,-0.8943309374676447,-0.936319161829619,-0.7421019750133212,-0.41895975893744714,0.09346347549706685,0.13929101904618657
SYN3_0655,1.0696980362288926,1.6670010400106452,-0.19972065710718548,-0.6400492934537444,0.2639769977071294,0.11193464463566613,0.870355167587667,-0.4970771790714464,-1.0090473210661142,-1.1235902836369036,-0.008149739711025958,0.350733372096462,-1.020356982988027,-0.3828549391969235,-0.8624582265451706,-0.4859806178803347,-0.7982372598239365,-0.04690342559666558,-0.774675529716931,0.46741076304601087,0.38258065236736244,-0.5852700744891541,0.14787219289941894,0.14539851737333853,-1.102471126828825,-0.720507531660872,-2.387796557052436,-1.6729831785498048,1.018088306104111,1.8689887418126232,0.8083275952214767,-0.8501219677490963,0.9296912340403849,-0.45336066657016344,-1.6056702760651234
SYN3_0656,-0.09702754485690789,1.7325013913312186,1.1994135113971982,0.3741721759515974,0.18683581906138425,-0.4939594603524448,-0.9752734453405955,-1.2432986116525842,0.2004190443395453,2.723503436391467,0.4629035099870405,-0.36263932131207,-0.6345503084963696,-1.1287123833607553,-0.8087339646604922,0.4768937213974454,0.5340205549191059,-0.8516344948410889,0.4936119373891756,0.5568864962923935,-0.40026846483494344,-2.2174632367215352,0.075138305229915,-0.7730696947682213,-1.0912357676506432,-0.14312893520600964,-0.4804033689800639,-0.7692166793084458,-1.4300962726307307,-0.6539979580498344,-0.08247146090048389,0.8717602150740034,-0.24066782972268594,0.9652997868199985,1.0529945098951963
SYN3_0657,-0.7799832880749411,-1.2946213308726158,-1.5009754874788037,0.03260074779695746,-0.5325143732997395,0.7867269405742735,1.604030768746221,0.9516094544095214,0.38136917997200337,0.29199059919593173,-0.8194336615154924,-0.4186856066181014,-0.6294387046218815,-0.2548189311115283,1.9238901519239873,0.6517865707653012,0.3647256711773461,-0.37389388939133467,0.798212760638629,0.2614350140558955,-0.42769119333054284,-0.31374403722166055,-0.4583613201156993,-1.674379843954893,-0.3725899187204899,1.7323311809517914,0.6595016558723803,-0.47694306374421525,1.0214574644091896,-0.270082095244043,-0.6701593841328521,1.326907840153904,0.49142240685988864,1.9979331066979469,1.07525195517143
SYN3_0658,0.8352982910321776,-0.6260966381393409,-0.1468950365895173,0.8651022297484029,0.37766753914348866,0.4287449398223824,1.9388513558252336,0.3263255864326342,0.8477796281269762,0.5539879682325306,-0.18052227543551397,-0.4787168784014502,-0.47800624408024106,-1.2706455455546046,0.4196690511864307,0.5402499401286028,-1.9935259592437056,0.18799164004123559,0.5298651087753239,0.8150555421038116,0.1032383390448111,-0.33950579964803324,2.292061633732222,0.7867266993876214,-0.47323321085682385,-0.5835589364871347,-0.9093176596277859,-0.8901631021183554,0.5369856958483382,2.029172650097992,-0.29447500333193793,1.2858429175532171,0.8505773321549188,-0.33506642157998484,0.9871756789367249
SYN3_0659,-0.8530662770081255,0.2901821198711683,-0.6352577604330364,-0.7369206804149728,-0.12796203294284628,0.4793397233882705,-0.8045413252401034,-1.0539827336708198,-0.6148614173759801,-1.3386518167460366,-1.2746352711446414,-1.9663725250328197,-0.2113710696769045,0.5121584836179611,-0.164164341470568,0.03803049777037567,-1.0225663757484897,-0.0033524987660219336,0.07605690286691459,0.8488267221239942,0.9994914850903797,-0.5188412901860916,-1.0846643559419855,-0.8318436634858469,-0.3327397661038975,0.3725223382948123,0.9012989182479422,0.7967223837049221,1.347078480700368,1.5691024762819938,-2.13523194979631,-1.970145942293963,-1.202489231865723,-1.5716738517706843,-1.7627203602643176
SYN3_0660,-0.42626119312032473,-0.6003352070420972,0.28843993560323017,0.004949276392153121,-0.6157486779423021,-0.3124795995461908,0.6690396397232233,-1.5664329288511312,0.6260816365177008,-0.714292119614712,0.28503379410349156,0.8470867782087868,0.4706834994992338,0.8887544920870744,1.4592474125343036,-0.5020770067326307,0.8849453559015236,-0.1853069798575508,0.44104506407152794,-0.1527405094084484,-0.30010251078644723,-1.066534445789256,-0.4899879264510752,-0.5417908918339536,-1.2415685355727828,-0.5696861688909997,-0.23782063488046146,0.1994833284162106,-0.039187556811806495,-0.5032781676146363,0.8213829904692143,-0.3384990973873059,-1.3128769926565644,-2.013606426886431,-0.7402990346330658
SYN3_0661,-0.6247526822837782,-1.5213084579354754,1.1660862282266653,0.9136979427598422,0.5644443506204124,0.013710778327293548,-0.9813555818116289,-1.281412071713803,-2.0259250239034303,-1.2826349014815492,0.4469988364010073,0.8800401662470171,1.4726165681097212,0.5236805434530737,0.9693330683523882,0.05570337566987807,0.06952713283553032,0.17166061597719173,0.7980462514854725,-0.9909317872267909,1.036076579146786,1.2368817817839803,-0.23916386585464017,-0.08081519603090778,-1.3739906273448912,0.22717902261854203,0.7005584378428209,-0.5374882835082663,-1.9864836648190873,-1.1426507334144975,-0.2723088325897217,0.7066785913237774,-0.18923762089468768,0.2082236490184181,1.3246705670245227
SYN3_0662,1.5591640990830609,1.8816644901433413,1.6568649216135354,0.6737264167677917,0.35911699400432895,0.15251447433994583,1.227394552884446,0.39823393203972945,0.16930994222710724,-0.5775696845115963,0.8908705206168974,0.11792906810396055,-0.764793399616642,0.07576694977694089,0.6350726358231512,-0.06597429947649068,0.39478046544364664,0.5568492054162868,-0.6971683016729278,-1.1301452951164288,-1.9043987896724335,-0.23352075954585286,1.0306767787601505,0.46621060707077827,-1.0591447740865891,1.1648482875064898,-0.9389993905665234,0.9435857807079461,0.12139687381662717,-0.2260023712547099,1.9820231663834078,1.1192382732337127,1.2235437402716265,0.21962494552037415,0.43014294846284296
SYN3_0663,0.4243705987006969,0.6796010028622917,1.2476528846477146,0.43824883544956456,1.4124332209250001,-1.8483464632459872,-0.24707139890556234,0.3159264478717172,-0.07563469855500408,1.0881415238154315,0.2784941879842247,-0.38568118379488253,-0.838956223843148,-1.0117121529722544,0.580959239115858,-0.2749757424499674,0.7637939890367805,1.2386819971108314,1.2975354679032662,1.085760102776082,0.21748720325899124,-0.09896885754594159,1.0653408270545655,0.1291563613258236,1.5002401115809751,0.07129889191721049,-0.48606031172642195,1.2633809915827272,-0.5753349267467791,-0.5764854065026017,-0.8080594941864072,-1.530416662042626,-0.35911190230833334,-0.012905817455934035,-0.15795122581042706
SYN3_0664,0.7129088250841253,0.17674643410950738,0.8026738392891656,0.41574780905249575,0.582077183764013,0.7529928482953115,0.7322012974321961,2.9235802461029743,1.447526786953085,3.3950646679484735,1.6461290945874947,-1.7873583384816703,-0.05714675205839119,-0.13418894401847287,0.5950197590190525,-0.5998310004179913,-1.445463187188143,-1.4990415835634912,-1.4097672242176533,0.055803336374927626,0.6452717677642079,1.3728623854140518,-0.3070026161237689,0.9435669105538651,-1.5148901206812062,0.6770838819630225,0.2597678058916162,-0.6435184046544823,-0.9398297565781328,-0.0009314146317476558,-0.8877239449917611,-0.7553552391263129,0.9928075447589356,0.8706635755217003,1.7684864488814938
SYN3_0665,-2.178457352960883,1.200318383427693,-0.8692766647217699,-1.768968401298734,-1.5645728867071755,0.7245327105478085,-0.21930913229557547,1.1846513453453293,-0.4752161393098924,0.3100089590044374,-1.3966141837184194,0.03666905375068719,-1.1582894072358096,-1.1588161276285869,1.3766335963069618,-0.09305066561737735,1.1398348379494616,0.6748076793922163,0.5320833210732304,-0.741800570262594,0.6328172308130638,-0.23947414082076962,0.9854132879743308,-0.30228012189642123,-0.7708709787508576,-0.36421355590734933,-1.344731849129801,-0.14520584781287676,-0.28759522340955795,0.1215707731087941,0.5384646951318985,0.3064975470685369,0.8829752980289095,0.5131583070540353,0.8250150709143017
SYN3_0666,0.3076811871380635,-0.9252167822648758,0.5756106811597521,1.564508011748136,-0.07655358852667248,-0.9358730429930858,0.19426488967265243,1.0278728303841298,2.1528800247768856,0.1715496287406021,0.8223134872788893,0.7512512953106346,1.2547608476210619,1.6248320821512623,1.1221858534409037,0.9361924505549288,-1.3157957240672662,-1.372018856893484,1.4676285847750172,-1.3687799162399947,-1.609301743486278,-0.16265719536213882,-0.5684988919022448,-0.20542721536825737,-1.370507172251032,0.489135252497189,0.7542595581323609,-0.9336119119228209,0.6133921110055264,0.5963717721622237,-0.10109488029908723,0.05028088942343472,0.30481090542384354,0.5962867789603064,0.0053343340629886755
SYN3_0667,0.5917033565894094,-0.9012261443274695,1.5696488589796977,1.7792540851344214,0.5051863654280033,1.0234349404737826,1.4599572064407895,-0.6469832563445594,-0.1431346401527041,0.3368543905157909,-0.22686701795778558,-0.6908862936843777,0.17476024992422642,0.777426019026376,-0.1633470217036497,0.46877801312474676,0.181651918772392,1.2189336884972413,1.1778923636402043,1.0966276454303676,0.5721519267609224,-0.34695660456823346,-0.48334410879309214,-0.9741265936976431,-0.8417077291826862,1.1143856503267382,1.1674274645390936,1.7483109030314434,0.22868437713687703,-0.42034561248023783,0.3882663607318438,-0.8088838452358963,0.16119288190283496,-0.45948827865726277,-0.15957604758600472
SYN3_0668,0.5565508864399343,0.9885164368034289,-0.6323257516911094,0.40591064794216003,0.2007183735414724,-0.03209121590846547,1.4027272494183889,1.7239287931351777,1.4473134125479359,-0.7738148388124746,1.1571519077672905,0.6251524110336003,0.16974337659748792,-0.33289536605727976,-0.7199266326849515,0.5835246600217334,-1.2636472765166968,-2.4299335308203203,-0.24663004488004397,-0.6092000014089851,-0.8174994304615683,-0.3501904163914401,-0.6493367033370044,-0.7325756447814673,0.3316413384769942,-0.04700809227024747,-0.7710784998009873,-0.5602876854934731,0.4544407848611878,-0.40098863223318487,0.4609546826957243,1.0739986619998707,-0.12625881255030927,0.6250976105458343,0.05686484492374239
SYN3_0669,1.2386467682866038,1.3191796109499807,0.05962167746533812,0.981739091260579,0.5997767487080451,0.8962042609029934,0.12122737415953758,0.5976759812933331,0.7594357634010676,-0.1378846217755715,0.14749112087838073,-1.7572895503747084,-0.5982239272243828,0.33590091456729565,-0.8271401842801445,-0.42039493810315387,-1.4323756108314158,-0.7551299067387502,1.3483192849961196,1.1162991362003107,-1.240602808551898,0.2127314136255749,1.3119542110231224,-0.9963207336160997,-1.0601457308239866,-2.3163740074698,-1.0242036210106071,0.9943673138380726,1.2795715673837098,-0.5339031857278058,-0.15154889851755127,-1.0066084604644439,0.7294824975083086,0.1859861875724414,-1.1290807128754194
SYN3_0670,-1.6290510008920207,-0.6734875698036862,-1.4976772918799517,-2.1657305602973835,-1.0609082409552226,-0.8113990408267955,-0.1726387092414845,-0.13959076839530468,0.6900025782301377,-0.8277422514600505,-0.4295325243829827,-1.5163537844195503,-1.9408037381218517,-1.488512244594833,-1.149190445843561,-1.8238174515538506,1.1235476119685455,2.1887927888298337,2.5188020222440493,0.5318452581216192,0.2510336001647757,0.40589076677733277,-0.5287953963221035,-0.2567519469707591,1.0358005319380679,-0.41384034298031724,1.9872310098779813,2.169653069598263,0.050991813129038055,0.5971594334262285,0.6030632850751265,0.7273680506967821,1.4381420779494218,0.6107092207866562,0.5673331120588211
SYN3_0671,0.3153086915940686,0.25293997434438004,0.6196581468689843,1.3960477979339614,-0.7068008002632487,0.26295839894063866,0.31673566207650006,-1.835911162257495,-0.4414623741043563,-0.4416640426772872,-1.5139905501205897,0.1750774823133324,1.462278975513716,1.1194455627907138,0.18857424701226147,1.2978655368854126,1.364512184358591,0.5098682119847308,1.4280186946294666,-0.7177224547463776,0.592828273987485,0.48979764151701216,-0.576646047571744,0.4044618749298907,0.4502057937905344,1.1458766435767591,-0.31502238485068884,-0.47041300832841376,1.1244838384968534,-0.06477486880590934,0.1745052729421937,1.4413100821301812,0.021969782859668045,-1.3119901909144147,0.9974118303964578
SYN3_0672,0.46378266276732344,1.0524999113604052,0.9362770047210859,0.43791513121093606,0.7915427938229241,0.21961409802604837,1.1000049976522759,-0.8149927871375744,0.41812067400141917,-0.24359286342579886,-0.5384888210944989,0.48836064978379484,0.3067080242741198,-0.034273419948443934,-0.5049191002898341,0.3162015070486409,-0.696975606338357,-1.4160501713737306,0.8826846020251429,0.7471783140502847,2.1342049114123567,3.2251859104256013,2.1503013947503056,-0.18092462362030698,-1.3788278087565133,-1.3618473952473504,-1.2873305755691764,-0.41484729313745683,-0.06516354034958649,0.9089463021569473,0.25368046891448975,0.49309346246677727,0.947573508454111,0.10731663994170346,2.0204306889706034
SYN3_0673,-2.0480189675529603,0.5035956560996832,-0.6689984917047478,-1.5542856709913369,0.11926773461589461,0.11077989672804021,-1.2658367367295713,-2.130075399225248,0.3146308563082222,0.6438126629875822,-1.520472102238706,-3.2096705581354255,-2.338332235744606,-0.8886056359475398,-1.5442131862429764,-0.4480752814700252,0.6290673735038562,-1.7478286841170891,0.5203241442481759,-1.6482314742346331,-1.6496698604697153,0.320185472518208,-0.10541016868641245,0.9967610926505537,-0.137728046591638,1.7854909242576906,-0.5052389630268707,-0.4464241372773966,-1.2231615470319064,-0.20366480378481971,-0.33745928168006983,0.543676682756625,-0.37011269201165364,-2.1210807598613552,-0.46146724950183876
SYN3_0674,0.4033261368837345,-0.2998124009304475,0.30472912365863325,-0.08645652299780743,0.7469018479405735,-1.139546989749124,0.42065423386350953,1.4617226060819508,0.7225490542731869,-2.483193133659161,-0.4637609578460328,-0.5413251273065688,-0.5034830900055712,-0.010842409849137705,-0.14755901270415347,-1.2900721764885672,-1.9215877600434066,-0.0848895710619998,0.1363759608902328,0.7379692036248747,-0.08237996027370362,0.6264506007793127,-0.6164688946168838,0.2692905316048749,0.0020500564832174194,-1.0038002925072949,-0.5905856228147154,-0.683944400772155,0.26830030988174625,-1.8792389265913962,-0.6565601209860981,0.10924651030955794,-0.5656870549409321,-0.45688029808769964,-0.44188380693483736
SYN3_0675,0.3857886988658208,0.2204852135548544,-1.5378143493245136,0.5749787258728547,-0.1265353542632133,0.5768908775258819,-0.9112565013295408,0.14458706179632175,-0.3983828394326319,-0.4516409082897634,-0.5248165463085694,-0.06813967707406732,-1.3978735387858305,-0.5341605727483364,-0.05438367877703381,-1.4839300324799471,-0.6072721434654625,1.2202055280272819,0.4561535673385613,-1.4599025878423875,-0.8560332584945677,-0.1594003941643089,0.6772927618178267,-1.0112663937078186,-0.9696611535933914,-0.5463269838367768,0.244326653343338,0.19058312916687467,-1.1151229409764896,-1.3349034730054292,-2.0283134571869037,-3.1427008372154854,0.10751430412447995,-0.9176405684924082,-1.1297916638926264
SYN3_0676,0.30328128988659075,2.265910264785599,1.0977252639108044,-1.8204970318752391,0.5771768082260339,-0.7725580498958892,0.0037259802348757073,-0.3280224248824814,-0.861140210034658,0.2212017557871703,0.1611185106050436,0.9027455892393622,-0.22996900004437149,-0.03784614468763714,-0.35005009338795956,0.8725589704905118,1.0226820789938798,1.3509738352030658,0.8618787533610776,-1.3620048458259733,0.04560445617073401,1.512052400844941,0.5937692059563608,-0.6882511443454953,-1.0345805371393635,-0.18799934083606873,-0.2271444607940914,0.767561401434251,1.3219241155765515,1.5993264501878848,0.387829222385502,0.1372285975699962,1.7819629890504656,1.5265911473930736,0.6518595083344952
SYN3_0677,-0.818961924614369,0.7673594585150136,1.5493718404909527,0.6366547650394927,-0.7678423386187359,-0.7732476821352906,-1.2010898258947889,-1.6487182644294125,-0.7438820340732163,-0.9481789727285738,-0.3812234142014198,-0.04645860739157202,0.7430810552223823,-1.0828597510913576,0.08229012192619743,0.7523276148534384,-0.16555249589217327,0.23493304162635895,-0.8202003177040289,-0.9836274162349117,-0.6718914037664683,0.14839884970044367,-1.0269588621512817,-1.8311551844466847,-1.8225205073118649,-1.5838864910513362,-1.8445821555214794,-0.6519382512713486,-1.6318545683818748,-1.663853480306428,-2.15535109393333,0.7009715470011502,1.069261756095662,0.9145601521268485,1.1040593934741916
SYN3_0678,-1.6867164581862195,1.8777049041576126,1.8507002344673318,0.1488435889593932,-1.0499626925227048,-2.78956180898876,-0.46344695730559954,-1.7578329720854258,-1.4381243472615175,-1.116896022955786,-0.8147782173239642,0.7453109968913085,1.7236813174631629,1.3488672739444274,-0.1509525416085572,0.00123659427670602,-0.4731085064421757,0.28865935310951285,0.5079012220395455,1.3388417152714072,0.45494775087413863,-0.326907538220927,0.3701840670459269,0.9043075441287094,-0.0004945407037960359,0.9366387830906356,-0.4892563784199445,-0.494999842208104,0.1543489419152334,0.20864120658630725,-0.8588828137967675,0.24107735720083512,-0.6316287622393598,-0.8824262115454414,0.6196663565600626
SYN3_0679,0.23066746808656532,0.0030767319764992943,-1.2005737073869047,1.6341770460608538,-0.06521271250252089,0.5010806622288337,0.8333814920738783,0.8913938509348711,1.4954826281342273,0.9834471683328511,2.0737218146771754,1.0107874127528864,-0.41432296397592533,0.7298804608370735,0.2927224732084868,0.9412205310796588,-0.23007177201921697,1.2173035716908733,1.599631168162916,0.8701166070679752,-0.058433070316331576,-1.1724411246696609,-0.6385516652720336,2.954639870801138,2.4977266782543635,-0.896054105534149,1.0371329031406573,0.8777329451129213,0.08538103000686267,-0.2607836305589531,1.961237734613026,1.7416017890422295,1.062235468775935,0.6754152439614819,-0.9880496446217626
SYN3_0680,1.3826733289627309,-1.041499045138601,0.23176529586348932,0.7351367757995233,-0.3024157158506393,-1.580704827219315,0.2704188367785659,-0.18318518399224334,0.31714035444949823,-0.15732317603998955,0.7604878306139751,0.2521666840898058,0.10703533225386563,-0.5707565261948705,-0.32458589585549597,1.3053109469854307,0.5300348624099344,-0.6725433910259859,-0.3406815998531835,-0.9754446032766135,-1.1799824179992546,1.180318498517608,2.0880732249227387,0.6389002316887195,1.3751358354357004,0.8706674949857766,1.2749415232039223,-0.7290949316803996,1.0270831490106689,1.5173436097689208,0.19576840521024205,0.21197424551339392,0.6175550380258261,-0.907867751369666,0.20045000638103264
SYN3_0681,0.8583800192076612,0.9036230505759195,1.395391539582754,0.13755097240256156,0.2358587294635528,-0.5721142869790173,1.463548460228638,-0.18416088919669657,0.5258684030833859,-0.3992091422380185,-0.6544162637669939,-0.7381616692334437,1.5474724022451904,0.33720081380244127,-2.014333472622469,0.06313381903969975,0.13098394746104922,-0.8473815098482129,0.322182839738288,-1.0451984171724578,-1.3399427913566788,0.6530497499640915,1.6310555457897138,-0.3235089100299923,-1.7459372722929074,-1.7814648721883313,-1.14883537345609,-0.8447808696304143,-1.350380817217041,-1.5719650338057412,-1.5768500615117569,-2.146010106600083,-0.03047454558669649,0.5554769370996425,1.4754659556260274
SYN3_0682,0.4422317449750537,1.9115361097847587,-0.4830935847152444,-0.5038300064310018,-0.235599098280506,1.006994670272367,-0.06825779263888448,0.6598900684906132,-0.2093450736190659,0.7134596669641957,0.6956529248579472,0.05905871671956211,-1.7067996216336783,0.18687070246140602,2.4036710493885933,0.3769651036150237,0.10337414052610888,-1.390702694670652,0.6633765170333048,1.4255429971066085,0.9878543053869432,0.3732697494689253,-0.4397157415076319,1.7679237408831021,1.1549142958749143,1.2863382895131275,0.7352142661339987,-0.18243305499048595,-0.18633839924429874,-1.6071409019433087,-1.2394561881818784,0.19295104177266556,0.4437145296065946,0.04209283785758923,-1.1464506811022959
SYN3_0683,-1.001139071811674,0.15043661403248781,0.518273481003146,0.2583214314467083,1.1866756114022126,-0.47490397363028247,0.8546369257939096,2.5739095014690507,-0.45294299063802124,-0.4847274182399838,-0.28217053902934336,-0.7659803819292988,1.6643456949143434,1.0122188409074717,-1.174534457893025,1.688902969447083,0.004682240091858402,1.2044972073259703,1.35886893094072,1.3070320089043992,0.6944321232650653,1.2483819127713103,-0.28277557067848685,-0.9042355098948758,-1.574151414911211,0.49233214331348396,-1.928542125026821,-1.9320313816344759,-0.7983930409354297,0.829456605572727,-0.13844849055127303,-0.14054322346262413,-0.6919245739656824,-0.5563488350304039,-1.0051335379351078
SYN3_0684,0.18402553995746812,-0.4095632079227529,-0.4692703255710293,0.5402633084026777,0.5032926916955764,-0.11773779463031031,0.49742115142254323,-0.6189436630971646,-1.0265593340166528,-1.3634719493451848,-0.42592203037107834,-2.2177909462123315,-1.1398554871955129,0.2480294559824484,0.624541557803669,0.858749564538068,1.8200293355911166,0.09782831221518973,0.5259624006740201,-0.8317152871598356,0.39854388964234794,0.24785986976723245,-1.747434685621776,0.08632611131576666,0.20600005876268257,0.1466351479828479,-1.2094379326235194,1.3212440646129606,-0.014006000351031974,0.07452990869902047,-0.06301462358038605,-0.8282642914673165,0.196283408477683,0.2089590189785743,-0.3646312289016576
SYN3_0685,0.5545517344817517,0.1377806526374215,0.5901267470275727,1.2779270157501388,0.779954712088794,0.06043080351285578,0.5824306211280698,1.5712778527682598,-1.0354241975212604,0.44844380407352424,0.05612662879642949,-1.1270503445235922,0.8700871716646175,0.8533949235627002,0.34587083351847164,2.2988421316001353,0.20188929736675282,0.09841789501612332,-0.9182410279960698,-0.3172653212990406,-1.715430874359368,-0.4694228571825199,1.2836996014216673,-0.31349805385858337,-1.9799128309109901,-0.033113074284156725,0.5653673620036509,-1.00174324656102,0.582241181332621,-0.12013639930775326,1.7512030756808836,0.3732553628666903,-0.6431801943549391,-0.4369975340110809,0.4719461554016618
SYN3_0686,0.9388283106529001,1.6465931724795078,-0.9070913373861298,0.27175711358575017,0.912400220798514,-0.3240991328794983,-0.19870440537892692,-0.4397796724405068,0.5268878816126258,1.6025816322578794,-1.1332500024325387,0.23648990984849552,-1.6048977495557304,-0.4094186143755771,1.434885505701974,0.7195790455306595,1.2133168085479147,0.845596699585355,0.8851183423022156,-0.3800963631655759,-0.6479571056185242,-1.4279542376362824,0.7949295951952247,1.3276451316144813,-0.6041073698549222,-1.616792709961648,-1.066173976254568,-0.0016294306845185402,1.9195532088178087,1.4417053015538857,0.6633414227157484,1.0054635356593489,0.5009627770776351,0.6526616682606237,-0.5006751388931111
SYN3_0687,0.6468628554128609,-1.3487436123432248,-0.5898422901549008,1.1565500323544966,-0.05139966646080412,1.7524892983811453,0.2648309682105069,0.23952023543621706,-0.2524160393399727,-1.686123351027625,-0.9609761387744422,-0.27981085231024044,0.21993345957942245,0.18262218537766883,-0.8373789957641222,0.6852845206488547,0.40401562318455836,1.39386432599907,1.0497260706550082,0.16537767259743955,0.24633947856609378,-0.2912374356037901,-0.9612651051049845,-1.2193593501028916,-0.7292642556290105,1.8502038845775521,0.796653644304222,0.8592165823032225,-0.7472360634670665,1.6218630081444068,-0.238301059876187,0.209651140213276,0.7342803140568778,1.7693740856964422,0.28628425325276
SYN3_0688,0.1614797543562585,0.07643907763943651,0.8050507485489045,-1.4635982493322712,-1.0146815844494057,-0.06477627751734853,-0.8293052422665826,-0.7714577175956755,1.1479444154606229,0.25553346653182757,0.613464397003096,0.003368164415187298,-0.4620196608966095,0.7679305995504905,2.027286867513056,1.1871378179271872,-0.7035716545674866,-0.8083884435200934,-1.3414229982220613,0.1293422955813854,0.21277275871496973,-0.5268046263542217,0.9677135412359898,-0.4170297681354007,-1.4374856612995273,-1.110586867589744,1.561547764878559,-1.0733594824943082,0.6890258046312994,1.3826739804141315,0.8171960072244523,0.2492495282434968,0.18456814440266708,-0.5768707019581866,-1.1791605381398782
SYN3_0689,1.055216603105322,0.6751016483082661,-0.48787273146296256,0.4305281575284282,-0.5633630532074534,0.7773956909051593,0.21457603126511665,-0.6650098717472035,0.7050009481618885,2.072557132514251,0.3318934929753675,-0.03271352920472208,1.0020387470525403,0.2291300949270338,0.22421092608338533,0.3059977021235641,2.3077892836132037,0.6282965194979816,0.2361842147031013,-1.4528699376907233,-1.465543552017122,-0.8954083137530314,0.022594131141548606,-1.0126528186348964,-1.6836197947053115,-0.4674519208535698,-0.3794217586534537,0.9829524636020915,0.2902149670606381,0.010779124197479766,1.646667490486799,-0.17757508680988726,-1.3461077362461618,-1.5969282857830498,-0.589342798545167
SYN3_0690,-0.5442956433096474,-0.11032911645568765,0.8648828214320278,0.350959375950746,-0.8933411769220644,-0.9727870345940832,-1.2757464486757604,1.0370110049857382,1.9230141269672434,-0.1958123198657206,-1.0248733188040957,1.2112204927939068,-1.2302779344359085,0.33557931956673565,-1.6647981876782687,-0.15436777287806902,-1.2784725122252343,0.7481168680914178,1.3328417696363017,0.5379625981522319,-0.11152191475145583,0.16127308057873196,-0.9884923538454341,-0.9711013593157252,0.16773382106961152,0.5262434763640677,0.23438389201481682,-0.07387974480917626,1.3135328634394192,1.9106082218275964,1.8336707357675528,1.3497312746453727,0.37960680720414525,0.08878438480249316,1.3237077247928917
SYN3_0691,1.0871988033364792,0.28235303815248197,0.3093277780366334,0.052170838471124775,0.05286301880013179,0.9966736915709206,1.7672666980452458,1.911754082809953,-0.4185429659705815,-0.23913075863394154,0.5506716451401829,-0.9579482422011697,0.08730247808184438,0.03451513658589753,-0.14265307255389006,0.7685790902528815,1.4910044288580317,0.5555174359615426,0.9061447078686851,1.2055872741039726,0.26826944799607955,-0.12064774958716264,0.3494815742423603,-1.9347058888406987,0.6050195511481299,-0.8937394862142742,-0.9117989073853981,-0.1930516163260934,1.9630926006008425,-0.07142707267278653,-0.9782986542490371,-0.3625999299336557,-0.725570531317169,1.0277948671284085,-0.9151741714442018
SYN3_0692,-0.03551168966386366,0.9625816798621398,2.0550593898944993,2.2328216446848077,-0.33068858208604773,-2.2011816215966684,-0.09815635151714872,0.8551398924606879,0.45486169084823663,0.7290496566872464,-1.1270564307652495,-0.9362211933085168,0.8266274170401227,-0.8629121161050549,-0.4404888688127949,0.189832105450937,0.7895974752347241,-0.6055078386591949,0.4227220038990193,0.0893554681390195,-1.84529042308272,-0.19552804792379577,0.5233805760158422,-0.43657205525909903,-0.48189930883844856,1.1680342572436309,0.9234723588985256,-0.47319204092472583,-0.746230296327112,1.0900436192265024,0.027156104269919126,-0.22258365313634823,0.026961671709723845,-1.4999966123268778,0.8797629508100915
SYN3_0693,1.00392405131085,0.6319574086106334,1.765913246208297,-0.833736013903047,-0.22227694856634975,0.539112296632723,-0.6306053131232274,-0.5348984886558267,0.1552255793499461,-0.5507214573582121,0.71582527559177,-0.5892596701490657,0.5841551118813739,1.1974634679213536,-0.17798112411827208,-0.4309073869446181,-1.0130591341974422,0.3453579898694982,0.8244104723360138,-0.8092653298122632,-1.1777973862560471,-0.008218002496257515,-0.26466340295954477,-1.4708209422560414,0.34615731047417686,-1.4706577483789132,1.5253634214974305,1.2146139959173217,0.36523030703593784,0.9879214568556992,0.9268767260289735,0.9010415045287749,-0.3087265836244091,0.4518663780451949,1.4998789345052093
SYN3_0694,-0.6931545594032736,-0.274966346504818,0.09900722600774726,-1.4721598918951304,-2.2552647892481246,-0.2506926224726787,-1.0420717655954954,1.4079535472446227,-0.32863746204114774,0.4444316564811317,1.0529720064742805,-0.11804563033160428,1.0805804681445843,0.8832958588142652,-0.3916058434896928,-1.7988837938445932,-1.0126206658345063,-0.019276234754197943,0.6179194426876494,0.7771258092261796,-0.39025370716915764,0.7872092009248058,-0.484191350195148,0.6309608137498457,0.468265569256075,-0.0863385316795032,-2.1235023116605922,-1.7596176477570697,0.24818088660204163,0.733526535700442,0.7861230174239825,-0.45262132618293016,1.0976763401369918,-0.7050807507860639,0.47280917415512663
SYN3_0695,0.7263060915413961,1.1148383792862557,1.0056510361299384,-1.1995384967366514,-0.2794387903611949,0.5618147917561238,2.1879078104729768,0.5752731397951996,0.050497925853069954,-0.3078015248386661,-0.32813361895557736,1.02130493535301,0.2800387560839867,0.20858467657082636,1.1324156674265287,0.6591159909424816,0.11604265009032988,0.2110171632086205,1.120565968190429,0.5499431061582308,-0.10177154727630507,-0.6358760772589697,-0.529627347485537,0.2533351413322651,-1.8549984076915456,-1.431450633401224,-0.2647699421729912,-2.507218767836405,0.2547689811693982,1.4477023555328963,0.08505485071226059,-0.7477495582756116,-1.2621561002736221,-0.5073384879577356,-1.6011153044658788
SYN3_0696,-0.7372481054203311,-0.11065928194306113,-0.8088635079681498,-0.9012476729453204,-1.5639496716856163,-0.795065169871404,-0.6468541587724519,-0.08672865128121772,-0.01193618679477971,0.21974615000602943,-0.5891031552296824,0.5324782106180851,-1.069767582261655,-2.294354062595929,-0.27508127847250863,-0.28294225952421637,-0.05071146920640036,0.724176870629548,-0.33205412960640424,0.9226384925114777,0.1115144606575843,-0.5483942368117757,0.04195130154450788,0.4250695532239761,0.5756057215416862,-0.9695275418393712,-1.208501052386709,0.38775093773267744,-0.6188911276712196,-0.08836527068454926,-0.006481306969809303,0.8649172043728388,-0.11726678247198201,-0.5860781468255896,-0.9697139378753991
SYN3_0697,0.4448218416808361,0.9416617133313799,0.6599219186710008,0.305676151160239,-1.2906999539186064,-0.30778873800934603,-1.2087967010165575,-0.006709168920216577,0.20009084705557034,-1.0840888831071518,-0.33536545479165597,0.7236637957376736,-0.017151987687325936,-0.5755787337869156,0.005674324239476349,-0.690760687515418,0.2666063038116584,-1.1826998642606001,0.49301437308396606,0.31809328097370554,0.695417891945026,1.0320061479217302,1.0386041787610076,0.5193246922970068,0.4293492027530715,1.9178213870444798,1.208594767557046,0.5517555517682764,0.16097250297751375,-0.9130147756349541,-0.013836475381424374,0.8006069915633992,0.8708198377905204,2.1673812965519685,-0.05699911411547638
SYN3_0698,0.9364668612756474,-0.3302892661176235,-0.9234860977769316,-0.18912902871699017,0.14360443750214744,0.08098497742150086,-0.8339323719810435,-0.17724652391586923,0.7737655315191361,1.2066734586155448,0.2349754666417211,1.9498243287694215,-0.014364664558736823,1.1177690163844487,0.2519069378494617,1.4393305894265724,-0.19319334223426674,-0.5422755670806839,-0.705236275235238,0.52349128296591,0.35928086671217846,-0.2567843118657586,-0.48924313673012243,-1.1151421760561744,-0.39232323446524614,0.6858032947503496,0.21479739998420477,-0.3444378544341605,0.09006424613766387,-1.3086545085919226,-2.0541897167994057,0.5661336534627592,0.2539219322536708,0.03030173169070199,-0.9568238242988902
SYN3_0699,-1.5913936916336815,0.6246196324983564,-1.5489922190152368,0.12074897968620343,-1.2148097538444749,-1.360640069521299,-2.486178567073534,-0.2990937016777375,0.3605053507899966,-1.5361041914689686,-1.2314163129399027,0.2683072492953986,1.3228082510013386,-0.5376378263126229,0.6897603814940785,1.6461255066371023,0.5784767243309226,0.9463266707990861,-1.247790734614815,-0.19066750451546202,-2.5046505732708426,-2.65637121110875,-1.085173878665655,-0.19983994227970686,0.9141585522557079,0.9377886330664651,-0.0009243315742991682,0.12663901022222843,1.9133227600618339,-0.16707000854707565,-0.8740273419153569,0.7707109818318068,0.43604106942500265,0.3604276984656447,-0.5821558890076829
SYN3_0700,-0.47873991562738427,0.11730059645815451,-0.6889265073162323,-0.7148072553576409,-1.1329065064732302,-0.6524209567402783,-0.4847768305014741,0.30848789841519314,0.030944132002661183,-0.1938098389321775,-0.3455099012216392,-1.0516175386564401,0.7802994125943098,1.250690336933614,-0.5198860971347475,-0.6974835241622281,1.3619400649913014,-0.4118535491759301,-2.3204197479693414,-0.21741008269980666,0.2769068579329266,0.12635180632637225,-1.7405878051741352,-0.2741184712717029,-1.4700048479594543,-0.5033035066206073,-0.6596489585535387,0.3360989915986893,-0.42959929997206087,1.524989543062589,0.05162718584981921,1.0721092006837196,-0.6243620630021768,-0.7377518514604182,0.6314552237668433
SYN3_0701,-1.0245331611886896,0.41501131783907985,-0.25466150103219154,-2.7094683143792246,-2.354746624779761,-0.8251457071888921,0.7184397492218547,0.6996112543293401,1.2906825854520552,0.1689463165546491,0.557883526081215,-1.129369161525541,0.029068176736645735,0.437448792927181,1.3907320717547254,0.46044526000654895,-0.4155914560760077,0.44406896856746925,-0.2848982223322695,-1.5781872848178728,0.1161934787179801,-1.0088929667325202,-1.8152037404692805,0.08590209179231773,0.15452883874875994,0.3390053387306834,1.2165132708058857,0.18116918432570878,1.4616848946474934,0.2286034805436551,-0.06259253508517527,-0.5206671069600642,-0.31751667096253305,-0.28591875343663076,0.7401596125299045
SYN3_0702,-1.9907144438719706,-1.46546389460976,-0.6941231896546723,0.8086071868000669,-0.03186713589030438,1.028323416849758,-1.7455189348680853,-1.8233076533812191,-0.6099754226734315,0.4372816542963558,0.29445137551680856,-1.0249478730012627,-0.9257784011341982,0.5558674167069745,-0.9887921396367212,-0.6620518382556095,0.2848434375335318,-1.0273965691390907,-0.8061235653423464,-1.51073354558846,0.3749546495673155,0.46214938747452244,0.7639401499452486,-1.4016880672825387,-0.3136732496657317,-0.40590249076267504,0.41276504165062605,-0.1616816011065967,0.07711096926261614,-0.022696843506285005,-0.18378680556266858,1.2253421121693926,-0.25562958987496087,-0.561790978344483,-0.38571550256424103
SYN3_0703,-0.4881396103127254,-1.6680794259648564,-0.996376024382826,1.2268679469082557,1.1365315205517064,0.41481671566769446,-0.258758861355645,-0.22097624667816246,1.1216526367352384,0.9167358202982253,0.9653640988236591,1.5758205215971186,-0.4678117554580865,-1.6634058665537044,-0.7298845486790341,-0.1571134137429514,1.1539636967924005,0.30041747321170637,-1.5917418272714012,-1.4255204645491484,-0.6715431580662258,0.13584804456282282,-0.7372902354872427,-0.39253435183947194,-0.2760622115559205,-1.3533257678668493,-1.2508156215242823,1.0458481967697693,-0.3506067607184119,-2.3644842068289122,-1.127426166035375,-0.8137733068551035,-1.2824887944751595,-1.0458694874305943,-0.2912111085702871
SYN3_0704,-0.0067421806780832575,1.3300823191271784,-0.19987561076225538,0.9152294567317223,-0.7380266097963998,0.3473275072122097,1.3255188998947982,-1.2968910194070975,-0.7997819408520136,0.39454237235698825,-0.3908501685168415,-0.13581412787086056,-0.167660774827517,-0.12141927337670612,0.765757706036721,0.055312502019429825,0.8752498823727844,0.06798832255011307,1.3269836788702793,1.549802803085248,0.641143391003032,0.19551145101593284,-1.310338831515107,-0.251274013286223,0.16387472608700263,0.12635442837494767,-0.2094264326035729,-0.7390094019402423,-0.2683757389244838,-2.8437390668257256,-2.5740457552443714,-0.5474524299991582,-1.3708978932870604,-0.04543664298150969,-0.4548252462737453
SYN3_0705,-0.4250163257608662,-1.2263981605358814,-0.5318739287315146,0.7111056027570043,-0.2594877680904515,0.2638912644558259,1.0283743242170376,1.4608065963775707,-0.018716237644884618,0.6285182971787375,-0.36414141821837653,-0.41318657404583603,-0.8514168900444716,0.04072861106692538,0.6692517142188562,1.0325747937634662,1.7427612938310268,-1.0915910489678913,-1.685048765230182,-0.7797265368888954,1.2165689327696392,1.4987618192896601,1.0835824505336324,0.10951645128658903,1.8344179435890262,1.9214080479019175,2.2399264928565494,0.9103015222995923,-0.5115113865324739,-0.8343946983200368,-1.926168169724701,-0.6842730208414276,-0.40066410455203266,0.07562427934597817,1.0458293994397891
SYN3_0706,0.5762108593270624,0.06953678325328809,-0.5317248339454912,-1.7546636795165942,0.13193621334152408,0.3604493111512727,-0.32102867187841677,0.2578545511368803,0.1362756258881039,0.388262744275998,0.33466974794110604,-3.141871999324204,-1.3449508630850158,-2.4743983892822636,2.3014383164328995,2.2083101435462984,1.0898152265374066,0.24620997058828578,-0.08503240705257019,-0.3541364458739215,0.00862428861342154,-1.1449113326883091,1.028674531219678,0.045964848544411005,0.39756661274347477,-1.174892889725892,-0.3685754481602223,-0.9979333066586206,-0.31628324381430045,0.2926478235468759,-1.1185360635563733,0.06656551611809089,1.1463857594987985,1.1846295762057477,0.5105446357962884
SYN3_0707,0.6229715934788891,-0.6650412650806853,-1.0622011756531664,0.1310207750954932,0.06348853137681111,-0.2251860956715261,0.6293537249352587,0.8683225840811692,0.6415337400375611,0.9558305004079971,0.3566043017126151,0.6117677413146553,0.2663494925629878,0.6191422582176559,-1.841562502295711,-0.6853435473958527,0.23417893737660272,1.239322675090977,-1.390142582300954,0.11507328331708537,-0.03229761263782933,0.8497591665429797,-0.0855657686486536,-0.2321887490520622,0.09146518289670758,0.7612328915418088,0.9803704715242496,0.3486732293162485,1.676252820308382,1.6715794006804237,1.973301635577131,0.19922047963183792,0.8696851449024482,0.8092043368481703,1.573516472665613
SYN3_0708,-0.6994642201955003,1.3208497906874572,-0.11309909681807118,1.2897406465227068,1.1306421149294914,0.28134697305838074,-0.5243466561467609,-0.2129154713362043,-1.095069941796095,-0.6361971179805579,0.37382789079443907,-1.2252429338397397,-1.3158553075150508,-1.2663178354932065,-0.4012778900932653,0.45224402359341714,1.4814089835980122,-0.26506775222006346,-1.4261497883602527,0.5055475978657664,-0.7561395626818118,-0.505405688006854,-2.0627750358744996,-0.38797543079946345,-0.4834536343946172,0.34761438137945266,-1.0748775478200927,-1.2508620491866242,-0.8264713974154153,-2.8485821243248077,-0.9708491881234593,-0.7278606711497924,-0.4975288226744743,-0.6404577265489129,1.130676765396405
SYN3_0709,1.5480196749426038,0.5491440711082273,0.024273559405069676,0.3856019172015488,1.283520476912409,1.226221511958524,-0.07254654657411332,-0.2927790114980743,0.0429239004096228,0.15264975715863602,1.1081672039752468,1.3749588317751786,0.7187714151866119,0.1484724493004211,-0.6378369051285451,-2.0487155972499798,-1.0786615174318737,0.10490323434617364,-1.9523099276007367,0.5599565392945244,1.4089298958175496,-1.723063632717627,-1.1049228085822531,-1.355970303246492,-1.6760895953128254,-0.5880714894124002,-0.6791750558668344,-0.38650985777958236,-0.8464044762278939,0.7994512294668488,-0.12125978778485502,-2.166162376399205,-1.9181487939178374,-2.672109768072585,-1.8103312873598016
SYN3_0710,-0.8128806025922914,-0.7565517126663845,-0.41905991710109514,-0.7595051379562753,-0.6844384833813674,-1.3848381770128824,0.024974315664793977,-1.8470747807993324,-1.9142328978870382,0.2716311129000837,-1.1020415872391933,-0.5976025380685693,-0.47669369916902654,0.9268293212182509,1.2306881148819613,1.3399380064361968,0.6660669097773607,1.2451102141509545,0.1757375347403724,-0.011313456569585949,0.5032368560229085,0.8358479050899759,1.4286772538914647,0.9612229382452347,0.2744233682485447,-0.99230182013704,-0.8363876978359862,-0.17834739084833495,0.8013869538331532,0.6294735580794448,-0.7684446848524428,-0.9302512040333818,-1.6377303314705194,0.9640718484345935,0.833107325898748
SYN3_0711,-1.3518983980922032,1.5399080315871263,1.7327329299034,1.9367632885305062,-1.4488800141429319,-2.9912197958338016,-0.47413533846352834,-0.8599186471278835,-0.7712056295619032,-0.5813326292662452,0.23777689436271796,-0.2532488480897866,0.08886704484180181,-0.6203033176663003,-0.8320226841444122,-0.131110369052188,0.33695469071479667,0.7709761883284203,1.4545863531123806,0.9328926887044272,1.3206845790551078,-0.03435413891302181,0.0772244264950513,0.869036477329436,0.9677790832079033,-0.021201289638162913,-0.9285854489754302,0.2076246425442676,1.479270247759572,0.8413121607502896,-0.5431288158544558,0.48252950032171676,-0.8894656400046959,-1.3107554758720013,-0.7086561726547321
SYN3_0712,0.8087499872979828,0.8574042446298126,0.15791977826654213,0.3848820404700107,0.21206083747010096,0.88564046445706,0.4633441449507592,0.061417119164346806,0.3217988170569908,-0.44698845118672126,0.692391054637344,0.19559259709620472,1.7725342370644002,0.8005850574618755,0.5362757763639199,1.1358413443493813,-0.7198985265940807,0.34817980681313154,0.2085371194116371,-0.5372579979192392,-0.1210209209481864,0.17929931813761052,0.6864871297108053,-0.036077417341234354,-0.7224567821679465,0.8629116182532515,-0.15194464137092353,-0.20364141531360236,1.2693067235857336,-0.816340602405467,1.121401663405974,-1.7529474403330438,0.369614929178744,-0.1261940825812912,0.038789246976864276
SYN3_0713,-0.06620300604100696,0.6780228461261344,1.6631322167470852,-0.5766039608621364,-1.1288178368507846,0.9422376776658817,0.537704354286768,-0.013552681765787607,-0.44793428196577134,1.8201889654441663,2.7770273842538966,0.5924513601305378,0.7116125331695485,0.7044353321210028,-0.21752070516626654,-0.17731355470682483,-0.809512198222605,-0.04434202545495415,0.7724748180115114,-1.5128454227121173,0.9868917211275672,1.0644907421271308,-0.036332698265685984,-0.8647486194913836,0.8207007616776419,-0.3106496350859218,-0.0955933144964398,0.27143974114723807,-1.1704984747846225,-1.092558143061666,-0.8767207221568738,0.19556407400148937,-1.1193674247886587,-1.7349638513004644,0.3476615681963779
SYN3_0714,1.2011621639556918,-0.3310027004005604,0.7722711653430977,1.3759385812549436,0.008807029447358703,0.06298685890467186,1.5576022908610483,0.21178192001894994,1.1975013106732666,-0.4277831103528092,-0.8147282928428147,-1.2940264369057453,-2.7125484598293803,-1.9284204469573427,-1.4056081704701797,-1.7012499286024998,-1.3164983351105075,0.11645582215214458,0.36666985853906703,0.9422307204069328,-0.6883737082046464,0.16140723674021748,2.9488593890751216,0.8361778399796147,1.7975916857876404,-1.3072744965497425,-0.9802350222586512,-1.0174414646724825,0.7811490618846854,0.5978273393695815,0.9460774172277109,0.20382024681920172,1.6910069400504613,0.2957152159157402,-1.6216226065040393
SYN3_0715,0.9761617193490362,-0.7212794569276076,-0.9482089108608527,0.7947993625997195,-0.4116496987241754,0.2047589253777292,0.23559037580069092,-0.5241717872921278,0.025511730915152943,-0.41913903102364575,-1.2672375711504722,-1.0064789245105081,-0.4826833686082467,-1.096751907580288,-0.8025838621791367,0.24076866565391647,-0.0992528781842436,-1.319935373717792,-0.7619028981717166,-0.4305021560557231,-0.8126670557587156,-0.8409360319151721,0.6002101372590514,0.19057404693151048,1.3423073823765674,0.7235180322204561,0.24617695086361407,0.10916955699678103,1.0052280109996177,1.2418710881761694,1.0161400123767257,0.5081692738849636,0.7663632583822807,0.08757146984433278,0.48021845089224907
SYN3_0716,1.5743634793827912,0.044272831642176234,-0.7484288539888581,0.7314055536934008,-0.04010430073603839,0.6680480046088877,2.0444978255757134,1.113343329147948,1.4907327388800877,0.45175283752363105,-0.760792323853029,1.8559040623629814,0.6905388785852423,2.344978391701139,0.7784542879056845,1.633102758017643,0.022701246893997582,-1.3764977150918134,-0.4376187042007024,-2.3026459294507617,-0.8788402600842393,1.3044116357160476,-0.002272479110604029,0.5753581319057001,-0.4514543346178707,-0.32448608498055487,0.3939656928858778,0.38209625644322565,0.06610089652366646,0.5396594274329543,-1.9216292175180678,0.2551827905634915,1.225017126161337,0.3453062422300783,-0.9378417979277218
SYN3_0717,-0.5470234702692789,-0.9559794275110101,-0.005777307113525678,-0.47193847264391514,-1.4580808683762536,-0.2912752794374447,-0.2162884236902557,-0.5156422643161624,0.7463747669481201,0.0615140179326593,-1.8001514909535878,-1.1180172454834443,0.29869923220142164,1.0289878822352703,0.5317750188796095,0.9792264660561882,0.5554350826278592,1.0514701841201461,-0.7557637773990554,-0.4434525138060289,-1.0171027288831644,0.09706448421270573,1.136159657164625,1.2242501724552772,1.294766950542141,-0.4780336430362981,-1.4091478283484573,-0.9697923280096999,-0.7356332896538514,0.7010759644765019,1.039777070026105,1.058820268885492,2.38810493073201,-0.9023063850604185,-0.9105016828522998
SYN3_0718,-0.4410148346019746,0.9166812361409791,-0.652208470430343,2.9650520784693883,0.15554797138518328,-0.27544113671264664,1.058999529921022,-1.1758113590213275,-0.5997762205173605,-0.9800230936701562,-0.1774858078062575,-0.384409346748219,-1.287600056454395,0.2023815568780166,1.378093925204743,1.79017332344256,-0.49272655885917405,-1.1416019713931964,-0.5077047513773323,-1.4513777348339916,0.011849829528991135,0.21778953218451216,-0.5033267332939936,-2.769953021964343,-1.6073037101682393,-0.9677948648218138,-1.129948586320676,-1.4681009183511893,-1.0995804852635938,-1.468793324350928,-0.6017874464631778,-0.6037808375872687,-1.1893708979837256,-0.22670860663216028,0.09009915189639257
SYN3_0719,-0.17693386599713617,-1.3379824899272899,-0.6411513924326475,-0.34907697920308456,0.04999597736887558,-0.9282129561002864,-0.09050039383362704,-0.38032153403735636,0.5840745679407416,1.2631842879416584,1.487314801214319,-0.26627804686254786,0.14545741682947375,-1.7909651240326239,0.5706196027033348,2.0280505406957667,0.10082676743312793,-1.2667188069349768,-0.15889940095349908,-0.4626123919675711,-0.39129395938245826,0.5702294222767177,-0.03032544761515283,-0.3937781149610858,-0.4691824914766482,0.32255270466743946,1.7044641518515435,0.3382285182262831,1.274428211454529,-0.8020267889611944,-1.0188542447047955,1.143459262920749,0.795690552883182,-0.7297665219008023,1.4550181794254031
SYN3_0720,1.5285622245237647,0.02288548925694875,0.310196718612269,0.4292025041290777,0.27607647997438306,-0.06580894195271758,-1.929672853310598,0.9337191004284044,0.6960846770014277,0.018091642958530586,1.2048344823742918,2.0851877614105003,1.5874086641256309,0.4037910986118434,-0.2766564706371684,0.43511396568666993,1.3499667895614675,0.3603837873198233,-1.1700832202060476,-1.8751520856971804,0.5039760865616224,-0.6130143713735603,1.7973075483340932,1.5245452149456102,1.1346293997194536,-0.830395031473659,0.8353917451504632,-1.0002827580231746,0.9684704112580818,0.6852370787925409,3.0259543326119642,1.8790172912859606,1.2301950819665888,-0.14491079457889192,-0.404943809961181
SYN3_0721,0.4782472368799621,-1.1440345526325364,0.18973290714327698,0.8305206667119908,-0.10139627498809696,-0.12473134747708428,1.211090725106619,-0.8297409997220735,0.15373867297717905,0.48033461240878644,0.00418221573310148,0.336926472589019,-0.4334090850148274,-1.6942647390294134,0.5992506725131274,-0.3298477864045293,-0.32992506490008555,-1.4030527359680942,-0.6090993201960418,1.1231472457684402,0.5516730244021064,1.4490079932877424,-0.10069621842340694,-0.5944760189754446,0.17645305608483483,-0.06328780775835326,0.7345135972423017,-0.3394767440433653,1.4741953876020333,1.4324014277818775,-0.0013807337482885178,-0.4822591311904585,-0.20494936863887173,0.19833324468587732,0.342456628048343
SYN3_0722,0.023331818296927063,1.1607865795637204,1.4679804541673678,-0.7359225094555198,-0.012555118997220279,-0.0734063501361679,0.887065513513108,0.10062232666748838,1.1459993359329814,0.08827244832102082,0.6682512809384926,-0.531152988819054,0.23864946813196136,-0.9552332238925451,-2.1149804705109494,-0.450632979849934,-0.2805073119084211,0.7473301375168171,1.1591824507975983,0.16501527986999096,-0.8023663988526702,-1.1024387151116648,0.5387251153614446,0.026470267310170676,-0.4299749750301864,-0.6477087638918659,-0.25779358936905605,-0.4739676367710653,0.35222023962079363,-0.5166449151468346,-3.4666036088768704,-1.9824050158348727,-1.5850280161788206,1.762651880025616,0.598456211808601
SYN3_0723,2.087798269381177,-0.15980397270416583,0.5670493715549251,0.902746155272934,-1.0169798247365744,0.5200274635668504,-0.7026910377980414,-0.009771639673857382,1.6449749123963653,-0.10059070386184152,1.0167661630257938,0.5485848806090257,-1.391728246760551,-0.6282509152451466,-0.18723584459783532,0.17246444356769877,0.9371232082205903,2.6000868680286904,1.6958795858872606,0.7804819702393664,-0.41694558775960616,-0.8478836754854057,0.33860753759583045,-0.9704925641492926,-1.7749981988976018,-0.9657744403845167,-0.7729756534918159,0.012741275304593801,-0.8770302884153085,-0.7779742321342933,-1.9036729626084006,-2.5003840240863746,-0.1919377315478285,0.4712247882118581,1.374118033821977
SYN3_0724,0.988732364523359,0.5125426806636428,-0.08129326927739881,-1.1882576613255755,0.11969801444713594,0.07347693008186369,0.00868286556996545,0.42308097844741654,-0.30439354108410477,-0.09628779705117017,0.058608465358537795,-1.4067985661677516,0.8861430527141251,0.11688982511637776,-0.6798822610890626,0.5664140132927489,0.12699101340133973,-0.12718468804128236,-0.2099265012525739,0.3270675370149267,-0.6339550116580133,-1.55782839900565,-0.8170337811724633,-1.9778860344770812,-1.5573160479052282,0.14505072264073093,2.0371267934051573,-0.657953650208762,0.49109696424694904,-1.0149116168510424,0.06520626228641542,1.4578944376344316,0.6391516294959478,-0.6737436940739928,2.508429190965742
SYN3_0725,1.4545686520273156,2.4802793712390656,0.8314872960771101,0.3441043594347523,1.239992770390909,-1.155882398632318,-0.22062775468080184,0.2679880758896789,-1.0310392540569684,-0.29431804388178295,-0.20829946004253785,-0.8278875797594594,0.3748951610804449,-0.03006228883514109,-0.9206043578760039,-0.5495229145963071,-0.1148323203891118,-0.7036574019044957,-2.109558684589849,-0.7892117638613185,1.4631287771339725,0.41165351151566915,1.12468617058281,1.2687106898382077,-0.9398202404203952,-2.102391540481102,-0.4833928276069347,-1.0691551780283122,-0.13275486497442576,-1.4839803232986768,-0.08052718014674512,0.23009288112005674,0.6739443124123412,0.9098723387685088,-0.08077594253433212
SYN3_0726,-1.1806729160430116,-0.2572086083152117,-0.6215109245398734,-0.06863887440195486,-1.0296448662840718,0.6389955131966485,-0.2346608072190276,-1.5329126148118246,-2.9146209729221635,-0.48615374230184183,-0.4967107413064508,-2.927318760803476,-3.044660106109956,-0.7162897225592878,-0.3272832522257543,-0.9492915102144924,-2.569781907462714,-0.12319955727395956,0.3297749082073267,-0.42383135924665327,0.6182322069845925,-1.7162660961268283,0.20996891212144997,1.4587494360904967,0.6599143133058082,0.2417238891886535,-0.6740574063234377,-1.6791733133239384,0.8804427272646419,2.3136919318676417,1.5732366276136542,-0.784941466689333,0.45680165905013964,1.0404557684616347,-0.2624412957255154
SYN3_0727,0.4160674253862898,0.5319476565381724,-0.7191262890926263,-0.5277734232874938,-0.015246997695732702,1.0884082306703868,1.4166396339393648,1.2923056021223982,-0.88222857419873,-1.2327797543458923,-0.24457470691404617,0.4497708291646643,0.7387251947214851,0.06738766396575704,-1.0789299926657172,-0.5376482797438693,-0.02273666928286677,0.28318015140771263,0.5308441987636261,1.7916151634842123,1.868925571299222,0.7632093302227936,1.3154279714328014,0.10854295240503196,-2.7834551060809254,-3.1194793654290303,0.8199914821103655,0.34156878768707466,-0.45108970074032734,1.165083905689846,1.2387946731111399,-0.9520613407057403,-1.0993267008019263,0.021932158165327762,0.3951800572420528
SYN3_0728,1.3909561560125556,1.9340954695533852,0.11648007811714207,0.6564152290194616,0.8582608942487798,0.5499802008209158,-1.1503444204677957,-1.9909585441131845,-0.4748054029318267,2.055034567816822,1.1835861224141182,1.2492687388886414,0.34053527740779166,-0.5037278695432579,0.5947237661733094,0.06485729605165458,-2.1213798158161206,-1.4688574274160426,1.818012993837388,-0.3152953191017685,0.8873293113272744,1.492956176393183,-0.023228731140586573,-1.4392235815196264,0.3509579516058201,0.11868873553663419,-0.8420049818017658,-1.7178043508017211,-0.6255153717907647,0.16975173879106992,-0.41277728628531446,0.6999737599004748,0.9504630259176062,1.1505776562020544,0.20897271039229462
SYN3_0729,-1.0571392236297859,-0.08117482588865294,-0.3247456282408702,0.042243379644587305,-0.7042056587160953,0.751683787054814,0.26993260037658373,-1.246160471010424,-1.9846325314297604,-1.1487751754319646,-1.1134155639492531,0.6963237476601009,0.5140704825927849,2.3226419207890596,0.8931969717070423,0.7395082620939168,0.4887143968363422,0.5487249708357943,0.7061217656901014,-1.713679345155003,-0.5837433698486144,-0.021496798510681623,1.095511188105944,0.7711876625136007,1.103976515206487,0.863490747078884,0.13535651914694566,-0.6441680142980573,0.020144129608087227,-1.3314595118176182,-0.8165773399554729,1.1257554046947358,-0.032575347240681826,0.6394818855192027,-0.39081119739329884
SYN3_0730,1.5823529839297783,0.5158169971029153,0.36576820063021637,0.1840192471596712,0.5036376049455463,1.1090631943606075,0.7927717290214337,-0.7084578400279263,-0.4740842975900951,0.02546706568532824,1.2497727080226586,0.8438891701627822,0.7418344957423129,0.49282510183914224,0.22686275513662135,1.186933342809558,-1.1041846449346813,0.25965286352359257,-0.3350421919794932,-0.7228818866029563,-1.3983123295786246,-2.258589188687616,-0.33687142907709294,-0.2940278649958025,0.15862014975404493,0.16506918113631222,0.780042084245593,-1.5853531206849905,-1.0916996401211592,0.38297771744119297,1.9784103811204865,1.7006653431375667,-0.14990630761721224,0.7153689959565476,0.8703786876762218
SYN3_0731,-1.1475534959559341,-2.129487058616635,-1.2874964505952557,-0.1171418693694748,-0.6232563515458488,0.5895011165486835,1.7035945954299199,-1.0717813119107171,0.3708922443268047,0.6683882916408871,1.1911219244717426,0.3707797864871611,-0.022361712589029248,0.791583257024354,1.1448929865857342,1.0987077031304655,0.5565450332935228,0.6283436301881091,1.416512342782304,0.9052138881892497,0.9186984481744088,0.1682623364602268,-0.3335934410947748,0.8757370350939219,-0.7546935876636915,-0.9552467319739003,-0.4969508896547302,0.15318516252532483,-1.1448861563996116,0.1836753645462792,0.33688905546338643,-0.6695485185150859,-0.47922306771263257,1.5329481775098428,-0.5949488279129812
SYN3_0732,0.2560922351275105,-0.39887989032345084,0.7585051476834526,1.6356506864730462,2.15263458373255,0.08206212582092876,-0.0949753821125171,-0.17610308063521307,0.6674095660636133,-0.4411890573583181,0.0614790772574617,0.46103380007461686,1.0825690877926668,0.4262838723515237,-0.34292926169312155,-0.8145624770726113,-0.7172832245264767,1.445799684488013,2.099282262452601,-0.23729909896604845,-0.39656481312458347,0.24520802674389833,-0.20022434098145953,-0.6465511678131675,-0.37493184002825863,0.04013364949289826,1.459512807417453,1.8818971791827819,-0.3455180535434392,0.6199994392875796,-0.04681980226177751,0.49919981497163873,0.3298650977469038,-0.28648180911387255,0.7490769384400381
SYN3_0733,-4.116966719504371,0.34214035530989717,0.9536545776070217,-0.6555893445335761,-2.495538789097075,-2.945137636072411,-0.971980666951653,-2.53076260631012,-1.2435423851517537,-1.7745223146259819,-2.2400500218046524,-0.8048029494338887,-0.5985256588937945,0.4555442517506661,-1.320299308398376,-0.5392006453929276,-0.02542994650695558,-0.2974378016359419,0.2705754377507555,1.5776512593120264,1.3843652225967757,-0.02363294052210196,-0.8846517515602249,-0.7084470257830883,2.348691116626807,-1.0411883584214807,-0.6268515406671462,-0.7275607408533286,-0.3694204753950431,0.4130107040127242,-1.5087560319620383,-1.371954548049815,-0.9179174025126412,0.8959569841746875,1.6403536275645672
SYN3_0734,-0.18209502382462167,-0.6397705619141963,-0.42374782118750814,1.8884658660457465,1.2460523702306632,0.8033278563285935,0.033631569734547354,-1.6570637169055196,-1.3197828037723807,0.4520937316082824,0.280944515062368,1.7074267993469234,0.3749672960939361,-1.4852547732001398,0.48325050455208407,1.287470972840058,-0.662035306773986,0.46702218729899914,0.010495070036322779,-0.2766233172958998,1.1667498623189247,-0.9457106019710037,-0.6471729639983219,-0.01595092908104871,1.4156944907990785,-0.09062928914458146,-1.1524759426068465,0.8150140893330192,2.494449345992727,2.108950265617942,0.9589469545751739,0.8309249362481557,0.3459937430607166,1.9254255475308348,0.19200858041715899
SYN3_0735,-0.9395278856905654,-2.201833480389977,-0.7546578749583595,0.5789257316295445,-0.2940921798240036,1.4022484345432098,0.8973471091586172,0.9784768596811528,1.2976175535932521,-1.0776299484791139,-1.3387505042213148,0.8870251380808286,0.07673877729161206,-0.9876623512963058,-1.2352304071387143,0.8211918001439403,-2.417239843027987,-0.12893631267852979,-1.2575691390093788,-1.4020948273285063,-0.5197882864146636,-0.4090105080107592,-1.3579670395341539,-0.13911615519917875,-0.28449888593243655,0.6654758017883347,0.10533114743053239,-0.3094254271464374,0.1840203026214246,0.365761739747779,1.9213348819340386,2.3083066586500336,2.489194732984431,0.3999778065253255,-0.46401618223224694
SYN3_0736,-1.6878342502553243,-0.9696577106578013,0.8438919175209876,-1.0761371091369634,-1.3750178080273856,-3.237280288258544,-1.6307142318473054,0.07887596737855176,-1.0210671965036322,0.3346139139908056,0.9728192192260396,-0.4565829858193565,0.4883666637596337,-0.9304294058279138,-0.07288677760389621,-0.8000195322012363,0.5441585537606367,-1.3797456491677456,-0.08580447610431605,0.08292217780947526,-0.1113334500293916,0.6747578578510437,1.4650417931129165,0.3428600792693204,-0.6659369493509029,-0.3710764885539594,0.3821832574846857,-1.6523180877394916,-1.3879031294802642,-1.7153862965718378,-0.2657573642739848,0.18637258238900878,-2.0813506228455276,-1.1024431681903506,0.011445349014255578
SYN3_0737,-0.19099314269229534,1.457743433781438,0.6816125975469066,1.5393199324539335,-1.3681598768338639,-1.9928613322912994,-0.8197461040401729,0.6017088366262696,-1.1370524490822507,-0.08024800869097799,-0.9102216200411851,-1.844112969500729,-0.1908770182674669,0.011296686745393665,0.6353999981073832,1.5578629403008772,1.228281684354355,-0.8893385059510195,-1.250122452081385,-0.6270350189443145,-1.431122977582525,0.2870832472181585,-0.30582654687935856,0.5322151233263861,-1.1596339243408769,-1.3013614482910507,1.9303677899417118,1.0714716122046615,0.6376821985259756,0.03777209364938794,-1.0599579689510579,-1.354325670408217,-2.6124336186474153,-0.6305322399627223,1.050118003711171
SYN3_0738,-0.61286047391906,0.4240555421041946,1.145865079082698,0.5951319323978458,-0.2603451606759948,1.1093338615711543,-1.1004375399101491,-1.1976897521518632,-1.5650822456604736,-1.6713979266119492,0.8791384293827943,1.1370726909473743,1.2659030469253478,0.4163737720720254,-1.6886962952192637,-2.4751103472750864,-0.6767069858445686,0.24159795638724543,0.8763650485612963,-1.7656763323842912,-0.04064340574130521,-0.3701076668506785,0.5985494014726176,0.9224931399760896,0.49377802550698335,-0.07689929866184413,-1.0565716301927157,-0.4961638127963257,-0.13651334486825953,2.0283692455246127,-0.43063371253037414,-0.7852264995467915,0.3094483189923258,-0.16284860018002317,-0.6346360129989078
SYN3_0739,-0.5922890141796486,0.40050551803490453,0.20528085340629554,0.4580968226610722,1.0078521202708826,2.1171662681035484,2.107638726385229,1.2537174359161642,-2.2441037321862627,-0.012649395527499734,0.8020190929447993,-0.36242069429233037,0.33347400679824746,0.26960631234917554,1.0839384060115964,-0.9904166515976772,-1.2815796291990391,-1.529930403924193,-1.3646839774392594,-0.4294394877290062,0.35917766689160113,-1.4644398672369165,0.9936801314151061,1.4118645989039809,0.8909926368080636,-0.5505219290627339,0.4765251573824541,0.6262908027313508,-0.7949163178067897,0.12212133561199896,2.503032572787951,2.0500525412262496,-0.4820739968304569,-0.3649909210138112,1.4236692487829123
SYN3_0740,0.7341638542957668,2.49214679710409,0.013919097825228797,-0.3034115125700752,-0.11318016795280757,-0.6168469263885848,-0.12107856271074358,-0.7770896887636042,0.04786506352268232,-0.9069828850454459,-0.4166121899053051,0.26495491897044865,1.004036690849758,-0.4643495769219921,-0.0907989783859088,0.3145863879200692,-0.9536481380996096,0.43724237284528966,1.2001085531305358,-0.487635876672331,0.6636966900914997,1.2113707492772816,-0.21228903142172476,-0.2699317971822733,-0.2911484817155025,-0.8468455247857801,0.14014301031708237,0.4582127081713285,-0.20492153946004446,0.708179501775821,0.6287862490039631,-0.08480370528441566,-1.0186711103901511,-1.4798769363403443,0.01689460768552367
SYN3_0741,0.3129634477547137,-1.2807044956614373,-0.7642542437536016,0.9216479012940468,-0.4886506734968628,1.0415747564450717,0.6919285231103436,0.06115485010295741,-0.8266043432443008,0.02136446255305549,0.27237953613788346,1.1752644645989092,1.229045937849372,1.7151473813435616,0.4509358635906827,0.7779484356093525,0.2862764691749771,-0.29469532485227035,-0.576694350576589,-0.15239068217522636,-0.4419313198851757,0.2882320419395335,-0.7758723032079898,0.29805663102568375,-0.4121189452694153,-1.1916782158279868,-0.14061286078505442,1.338936592030956,0.41916358419554933,0.8854311953953066,-0.4410167001946215,0.28517127585927005,1.0366928003357736,-0.16264472624522452,1.5932022260965513
SYN3_0742,-1.445669082781033,0.528724223117633,-0.06768133199763937,-2.0015428552644936,-2.161825632318879,-1.1981389819699488,-0.881865187751006,0.5066015416776338,2.5041082204307474,0.6845772563621846,0.12707411765341656,1.0731008757257539,1.6039559339401162,-0.5407924218388938,0.5293469847917278,0.12105468721144505,-0.36016665669756653,1.184268704125548,1.9556747886539996,-0.06727190367648592,0.3955807552091315,0.09483733752029522,-1.7467503053074522,-0.23784770221918392,-0.5845717551546296,-0.3476270354065978,-0.6275646518583747,-0.6734526649652433,0.14400314935964492,0.821106886559064,1.4537724191971273,1.5479139844809586,0.47890163965845495,1.0091061704211777,-0.2202760498529543
SYN3_0743,0.014930225777020769,-0.21889092342399608,0.43035257802076127,-0.8244460937520945,-0.9379059318117131,-0.12121038356783345,-0.6399314674483217,0.6790899288453424,-0.42007189157113245,0.8943504292225389,-0.1986854036717945,-0.9189349159195617,-0.5833953630908384,0.07928438054095825,0.7299607582903894,-0.132249742846622,0.8949204346779225,0.8835641240270775,0.21592217625024587,-0.37758196288795615,-0.3122008088386219,-1.476541424694877,-0.4301319046232649,0.08475580099825258,0.593025776693622,-0.5043128387908781,-0.5266399892870816,-0.6507869504230737,0.05676170914456492,0.1703519201285853,0.14272637607118963,-0.0348302732066784,0.5182957632659535,0.8516577702587533,0.6777148520890302
SYN3_0744,0.1338052622502664,0.8798327867783265,-0.25564536846880354,-0.7308808454021466,-0.3497519287498921,-0.18322022201286864,0.3536032424752155,0.7719686827419604,-1.650536144165701,-0.6884008030661483,1.2345075745681888,0.39996784839341737,-0.6582595697882181,-0.7768804135423623,-0.1627767255425784,-0.5683161401777577,0.6738572769308014,0.3109177988608974,-0.4547387990894095,-0.654785939035616,0.3360162334815176,1.3811132539317905,0.6583212802330616,1.6637993971459113,0.07983006535873777,-0.47438763417986535,0.6099134976616745,-0.06093242138514874,-0.41771975045810533,-0.050098586539713684,0.14356257435797243,1.3994371478924046,-1.9785099213811952,0.27651566971163755,-0.29163576987680884
SYN3_0745,0.021573954667284376,0.16316453560506478,1.3679568350619749,-1.0062436953615752,0.49048964203181966,-0.21937758870514332,-0.08988840560868945,0.03246183631766037,-2.053660729758892,-0.2982052036966817,0.5172424645451473,1.192213109843866,1.252609602435576,-0.2220222765009193,-0.31193833220041106,0.842059290379144,-1.1387534444510317,0.3128257698956813,0.15445058814311433,-0.48898266486517594,0.24891613941985077,1.484574785125998,-0.28044930109472843,-1.3119480707763542,0.4683927579488773,0.3349254822476075,-0.41065243362515774,0.8682420818942073,0.25260035707206563,0.2819869692543592,-0.745947031638762,-1.6092325973240527,0.10285525127530032,-1.8232675913949274,-1.5256616874279365
SYN3_0746,-0.10994477982739877,-1.063810822738371,-1.5450437038120777,-0.7355390628781536,0.4104389676819375,0.2729722691360912,1.2075458115054871,0.8085579496247532,0.5886388665738203,1.2206937811015914,-1.072573045908495,-0.17059980513326303,-1.0430243246257027,-0.5096958701718622,-1.3390532742682746,-1.1413453763084533,-0.36486679284614065,0.10456204178552254,0.5923186707748501,1.0960466336519317,0.6651012318080722,0.5234585005230514,-1.1165757352708578,0.8610837397473057,1.0792909399245112,-0.5980118145948093,0.2712375809920333,0.5830205425324434,0.04796686398412227,0.42834460599858604,-0.27235590206585897,-0.4520450021780477,-1.405678628324997,-0.3244571533839616,0.6405837965515656
SYN3_0747,-0.680686893961588,-0.02478990128514921,-0.4417721912716632,-1.0528588485793273,-2.574680676206512,-1.3592537013834367,-1.2421705885700047,-0.31895009861859236,-0.19974874893818384,0.7884365076103292,0.43073261451745093,1.7929790153567426,-0.2483965281809217,-0.40714528742003614,0.7351667445808702,0.30818863859204115,-0.9060795157849013,0.2883787679721517,-0.6070210114901086,0.39923372975629207,0.48700328429732653,-1.3998016909414046,-0.8233758883612587,-0.42000742164693267,0.6702522381862454,0.9813846690583801,-1.164736356829595,-0.8589934062046519,0.36110823851000906,-1.2733437949380304,1.593853812104295,0.42499477538567676,1.8560513041357902,0.3413135385791225,0.06809289544544024
SYN3_0748,0.6313130445373342,0.590904492437602,-0.7799702036850681,-0.010135222438302052,-0.6344759755754934,-0.8939550195315781,0.4343349570342893,-0.13133714495711696,-0.6483359679759483,-0.21396969410331815,-0.39249561996877325,-0.5808207401532272,-0.5569954381179223,-0.23045267487761403,2.2072154185096835,0.8243288065879052,-0.790038899291581,0.304837110228644,-1.2847884206556408,-1.2972348173138613,1.4214992392068295,1.2990900975481248,-0.14459378802488776,0.8288775359796869,0.1191391048679459,0.741969460684619,-0.7353436581696454,-2.677557578982139,-0.469145981827369,0.8471311112211646,0.8840110236469955,1.0596121486777053,0.9952277578343663,-0.5829066746927619,-0.1117963167777806
SYN3_0749,0.6713131737703533,1.8351415373946822,1.4504261810082357,-0.3584519191977822,0.9305925405243135,0.5209210857635983,-0.9165187284056124,-0.6722076462300727,-0.6055582003083466,0.18905414150780167,-1.1761776284536256,0.9375319493398693,0.14495553990318163,0.9349902590427539,1.2188867755607624,-0.29470917369275035,-1.100961530700663,0.4529872515440054,0.9218834300215923,0.21340503629699326,1.6354487992987476,0.8269335586405243,0.3263323737474237,1.3955169500350104,0.40750756076051453,0.8364984621133137,1.3159022634090074,-0.21379541051831266,0.9559481805770581,-0.05753214431056808,0.43143595902139686,0.1830080768513191,0.7602447787696948,0.12007116416521323,1.4157404558617128
SYN3_0750,-0.14626292418452203,2.29188192483132,0.5238368325816789,0.23317257282917145,0.2112608449323879,0.5160585851721876,-0.23659502779778546,-0.10001175992885578,0.1685443184862542,0.673434605183859,-0.163999760951915,-0.03566986611542773,-1.7521518466247479,-0.6752350996182916,-0.9524701941036398,1.0497104474647663,0.003493322888676539,0.08747446944684134,0.10042430816889875,0.8561552515778942,1.1822801471940376,0.02174329193759213,0.32503575307141824,1.1977657437049891,-0.08455096023677684,-2.1767193760717842,-1.1191232016572386,0.4726700605010765,-1.538305837708972,0.6258736722048426,1.9391682424065595,-0.42528857193943065,-0.3896628091717078,-1.7329649797926805,-0.03406296921103066
SYN3_0751,-0.861642630317269,0.47056299367470267,0.15079470651243126,0.7255618082997847,-1.4565610350453435,-0.6013688031473801,0.7859474884650844,1.332838374553354,-0.2607764692600283,1.9773900840102852,0.09900483127018853,1.3566953390876602,1.1796812757198034,0.28707585047660533,2.5358400169999755,1.2861911125313001,-1.2076404878672875,0.37950058906411516,-0.06790894161799198,-1.424660254480188,-1.0780143323054292,0.3273864438153909,0.7697069434325822,0.25632357670955747,0.06858999324206148,2.303440379550567,1.1924342606729392,0.3395885440874138,-0.2564343112128391,-1.4732217036470305,-0.16616361135856164,-0.39909220009684615,-0.26112476017619163,-1.5068778313223157,-0.7357906180087174
SYN3_0752,0.20091728029623301,-1.741100296729161,1.2216868022555265,-1.5425850606493545,-0.7029297652616723,0.7413235242630674,-0.45287611827064544,-0.07897788208335797,0.5562779128582057,0.629548445998074,-0.2735335125318787,-0.2701439924445985,0.25551709213175766,0.5428809922459299,0.08411702774309199,1.079601369210481,1.567385050450513,-0.13601137050587356,0.226089568138776,-0.27357585265776124,-0.8661504052810632,-0.011587143286636107,-0.1630229211785325,0.5134119669463528,-0.9910459489994022,-0.1352991445771339,-1.179469187983656,-0.4444458573322925,-0.729423787884803,-0.6905016517173211,-1.0473222877771786,-1.0418576193985598,-1.5034772321343868,-0.9914635468882619,-0.15124901698565585
SYN3_0753,-1.0202708247497196,-1.653632623971019,-1.47057550748159,-0.8417682495887734,-0.340872669517936,0.7324811312212728,1.0828349925350693,-0.24007479962028572,-0.5171214695551087,0.5504605383637023,0.6133005718967459,0.959917015196947,0.9600180904988452,0.5589073271637793,1.0710706144048618,-0.2279978684434448,-0.08537457736101871,1.1103233534523131,0.6471534347918048,-0.3451639567865628,-0.7475614631687167,-0.08034686419393733,-0.07400606573532706,0.4508089000161791,1.2367260010516248,0.09600791052349815,0.5150050119372349,-1.062598777764677,-0.2632662358880176,-0.4226334283551553,1.2348376830932506,0.5009771713621244,0.9653059590665555,1.2166225021442034,0.5991837884714329
SYN3_0754,1.2369437013372306,-0.25916444847881315,-1.2432691839238572,-0.19476485081683903,-0.8888059337946643,-0.7685207103873137,0.21798549585136284,0.6652800054632385,0.5095817297283994,0.9524104889668621,0.04313580034997927,0.12020251632214225,0.5387149429601995,0.03764549974765729,-0.43244258997965307,1.2487847863015449,1.0338437440515138,0.7639234737258994,0.29043768117989527,-1.1219592597063728,0.8665329388463819,-0.4204308940612492,-0.7263762428943319,1.1467553015898486,-0.27403843877963413,-0.3574870675897634,0.14078925666221484,0.19578296309839682,1.867273430908575,0.2824996502128466,-0.35122715528424336,0.19786852672258176,1.6706786755811462,1.2241593814044531,-0.7661177001274749
SYN3_0755,-0.15696453627072318,-1.4466872191766733,0.4642138113994266,0.4721365191504783,0.2634007958535967,-0.20301808240113942,-0.871143500253285,0.9462141043336645,-1.5501308992233331,-0.385752033983723,-0.46652541856564317,0.7149750959175567,-0.17826990513651816,0.9832723617215302,-0.7111192133390262,0.8311358104356952,-1.1956311290516155,-1.4524801953835036,-0.9441936846453598,0.23725073820129958,-0.9548349116370585,-1.3639321212995739,1.3659178262704719,1.0227602946412468,1.1699671398501221,0.02721994793530845,-0.47796885877061923,-0.0576288912945915,1.1017726362067843,0.8273638257460185,-0.6480678733839044,-1.7165572622500265,-1.1266828791104389,0.6889000043277174,0.309878301887563
SYN3_0756,0.1736204214892413,-0.32884408412657035,-0.14420320279076201,-0.8748930415562953,-0.4340010569742724,0.11253442536556892,-1.357326897455436,0.1826042453037385,0.04178629075260806,-0.9310549897870154,-1.2417064368414348,-0.5071648972929522,-0.42809247495661584,-0.571647836641608,-0.6413769922193816,-1.425283367120924,-1.551371379077608,-0.8580980326364528,-0.716846502699629,0.8276458601283482,-0.840691799248842,1.277020327271635,2.722383919296133,1.4446186361928157,0.4993300623070827,0.8930368886875343,0.11055529764467294,-0.018802243047109805,0.025664417249917356,-0.4027757097111142,0.4397979467813673,0.5376277239706573,0.8551882765503492,-0.15389328608214922,-0.48652113175574213
SYN3_0757,0.09934106671595264,-0.8600475276696921,0.10764558989926766,-0.8666705696884873,1.6078220547631545,0.8396403135519386,0.5537684307491594,0.06993021639399016,0.593193236368982,0.1967253916292356,-1.4437072830726254,0.08897758483564666,1.0884009616232073,1.1600514302991929,0.0781765601938232,0.29959821757085336,0.2101472120139857,0.6882290074517623,0.2725296456598368,-0.41589559085667727,0.868613531884372,-0.0887233749214626,0.22168841879759849,-0.24328805310107263,-1.9529493335010975,-0.6150690319074624,-1.07078538775982,-0.6602079761905927,-1.4852722341978568,0.8865865343896328,-0.17359899769597642,-0.3754635901966267,-1.167838935677187,0.5629996431035437,-0.23394049344930937
SYN3_0758,-0.2723241464887253,2.292641760485765,0.6091400455342639,-1.3569245764921638,-0.5611980624324203,1.0341995609362888,-1.3716036359080754,0.03429910688916262,0.9892676261766948,-0.37316595142896636,-0.9124410001924094,0.8385469081218078,0.6267011769727214,-0.268264061076162,-0.052271930001709016,0.03159749960943014,0.5542834189916821,-1.8167292812263438,1.247903720223526,1.775860044527077,1.9858100492351676,1.339924109086784,0.7542760025523633,0.2731250214177804,0.5299011330133586,-0.3814002133198698,-0.6456755541929893,-0.16579236389582575,0.30070191574038757,-1.4701569665453165,0.5966789320878384,-0.6675114262886513,-1.367717169703868,-0.04608712731889332,-0.16817098081642146
SYN3_0759,0.34913592560571594,1.7161248078318923,0.25047195746824424,0.03277975111983452,0.022725098457775043,-0.5269013961774722,-0.6853199900246864,-0.7770100436502152,0.5383696485566477,0.6382270405126155,-0.16309271785946558,-0.35089784386430684,1.599723590281313,-1.2244519766496778,-0.48917813598662974,-0.40094320282579843,-1.069304410726863,-2.0714349722677143,-0.046109558997255516,0.2696420083856449,-0.6859167672489328,-0.06804547106350714,-0.04480992788765609,-0.5930663118642663,-0.4678316526323627,-0.9161584151161205,-0.9322238138111466,-0.978097056723562,-1.11771587373708,-0.5935088723342336,1.3059495878512901,-0.1188531135234476,-0.008908080458299735,-1.1535413342695509,-0.6052904744721321
SYN3_0760,-1.2053936286730946,-1.714058876139091,2.7803227215254283,1.3972856775415363,1.7336176051282244,-0.28975168136366153,0.40355303426247247,0.9395199564877651,-0.5189439914151002,-1.0843964306683276,-1.0296446004400457,-0.7282903771832274,-0.45893698606711053,-0.05398103974137905,-0.22771940238098737,-0.023779090676656636,-1.1169498904504434,-0.1467427776696138,-0.6221921940954268,-0.011833017483282965,-1.238063366569689,-1.3093739658197165,-1.4348467222840489,-0.8729652412575,-0.009128301232999647,2.1524881052215465,-1.1797723774771438,-0.8153327468554364,0.3873819775910739,-0.12775926682876776,1.1613603437539253,-0.23135493875367918,0.47209289051216474,-0.040565134968624454,1.1780079695372834
SYN3_0761,0.49956768656161193,0.09293951779969112,-0.5157799618387302,-1.2710467108643926,-0.4416404765332383,-1.1775098485937627,-0.6334969963705284,0.3196029110616241,-0.25863560937442964,-0.415890603935102,-0.7443395661917941,-0.12992550922558357,-0.8436959566188754,-1.0965038127588125,-0.6778738257603912,1.1520759002147885,0.9344757501667654,1.2758682606443645,-0.12558288925924396,-0.5480966671876855,-0.9261696983368111,-0.6729689797874991,-0.2448950687252428,0.562568707268633,0.08543948105008599,1.435720033792075,0.23912150828391313,-1.1253972727008146,-1.0668005793367255,-0.14632102536647043,1.6320585442085374,1.4391297708266504,0.23932849415296212,0.2522776231526476,0.2731248752118695
SYN3_0762,-0.7794486604412799,0.855920011938774,1.2869048161023269,-1.5589006649424866,-0.9978743037946569,-0.6677835287953768,-0.9842802486635801,-0.5847975087255213,0.8276221557327954,-0.0324177137801774,-0.8745502986198216,-0.29314902544473925,0.006446744449570199,-0.8094966446920441,-0.7764896719511412,-0.29145194839072947,-0.30608778952317456,1.3007129280431544,0.11109842545976614,0.3436634141496341,-1.4327093468769363,0.338501749821006,-0.13509304365691885,0.5609921212328697,0.5871274264318714,0.39726831466231205,2.06295840504671,1.0776024283355055,1.3914872287561446,0.5688022809157748,0.013383013881556985,1.2790109507558463,-0.2734020668837334,-0.7531733709451123,-1.051032206002993
SYN3_0763,-1.0213785674442812,-1.4130449108236753,-1.4735165483606987,-0.3781192495899912,-1.8320713997143876,-0.5124325797613426,-0.3017907586351569,-0.7559125467473646,0.3920979831537191,-0.0009823236418282316,-1.3342960599889409,0.18468002207583448,-0.571506079180967,-0.8821051219973126,-1.1145137096702251,-0.10789404841620175,0.3776582209075894,0.4685084015452725,-1.0356296018616544,-0.8217766347690888,-2.475065710970776,0.21599990141600875,0.2177668338159053,-0.25139778663540535,-0.9528873354734955,-1.223838518877646,-0.9814965399004343,0.4928051255820597,0.48034950747792443,0.048395595775614156,0.18407800113698067,0.4311416341118912,0.44123979045066997,0.32910788924176326,-0.31575289459328754
SYN3_0764,0.3041497306063347,0.1400311693385601,1.7779331682096633,-0.5254280843463089,-0.8054339109350257,1.2575454861752453,-0.2476609270701948,-0.2190376399236476,-0.366947022280281,0.6091482928545418,-0.18363072090577853,-0.8855606136706189,-0.7703147789937026,-1.3241792099830463,0.688581797371699,-0.24817292316944378,1.3628440099688237,0.993397904280934,-0.4255798249045786,-0.2190549811257754,0.9547496763202353,0.391771362547472,-0.6229411251420095,-0.8287447978694641,-1.5491372908374823,-0.048514465811932014,-0.9159951816495288,1.345069451329093,0.4915387694820888,0.762644395889202,0.62865370851157,1.512536569069205,-0.16972962352988605,0.01703776210813401,-1.1683768777458803
SYN3_0765,-0.6851468429732708,-0.10463137146605149,-0.5230185501268195,0.5054192117238645,0.32756711513724956,0.8103617439519408,-0.7321419573953948,-0.8884311516595556,-1.2687897705261868,-0.282693298048127,1.801267827304034,-0.1746059518656316,0.13973297522494274,0.5510276564615862,0.5403535681680147,0.8929872577498252,0.3328016335128659,0.21499454787010297,0.03289064295062109,-0.2273321914075903,-0.5773017203737705,0.5327051570223598,0.056383733936115114,-0.4295894256275207,-0.438040016786022,-1.5323211556604286,0.09780552741652983,0.3503588061884632,0.06554790087251017,1.1363819729639306,1.6905398177011617,0.27187591678826484,0.5144922999884073,-0.43424041684915204,-0.00036708559200401673
SYN3_0766,0.5231920108682242,-0.4586605151859936,-0.037648871018870954,-1.1425323078629646,0.8388598973295779,1.4358320498003365,-1.3680762126661663,0.7367345179540393,0.17239558055548404,1.7518864586781078,-0.2180116345783187,1.3449627401944373,-0.8371125462064314,-1.8940415146870553,1.397859781130015,-0.07810180018629992,0.5006199158751404,0.21694628572776792,1.1214303804752408,0.3008864081538157,1.913180895261295,1.052754587838033,-1.3103824812052742,0.2354822079154726,-0.2063793511694581,0.7253164549339106,0.23097635653420637,-0.46345838768738895,-1.4752711438286137,-0.007976362944264946,0.2968725168553342,0.8330080468981508,0.7017857206503805,0.5832218426477276,-0.7515594332543598
SYN3_0767,0.03603414528698207,-1.488607808506069,1.261800876788995,-0.5760905709518871,1.218716660261442,1.4941449607898587,1.502992312187335,-0.9369047907092111,-1.0586626692790893,0.7045086550537296,1.2315768012368213,-0.41896005798542263,-1.9570934820196781,-0.5410209684994448,-1.883644880335224,-2.144034970788595,-0.5000068186980587,-1.5760510449138259,-1.2697894404057408,-1.2879759696977697,-1.1134383387902902,0.36295460795887835,0.9023777446238863,1.7545273354650859,0.824861535552921,-0.8816311440236868,0.588370141491859,0.9815124242114801,-1.8173998343871036,-0.7965208867527254,-0.2151456640653577,1.8267738039481445,1.5579367492685603,1.1314420266773775,1.2313083457061673
SYN3_0768,0.6982457124508715,0.8208276785154659,-0.49780896533492985,1.199648628266902,0.06452749051823498,1.572377103263016,0.010003327776396394,-0.13580952908954771,1.194847524363279,0.4279917046614004,0.6936163185733032,-0.5027507181940292,-0.46097999810958484,-0.8688358502326019,-0.4341341706516494,0.42896313273234066,0.5255929984561631,-1.070322254259356,-0.21843191336836199,0.6588141711556008,-0.012585328994682411,0.3246870186734198,-1.4756914360382734,0.4431085495428224,0.6772388954977538,-0.22006118788428447,0.8301353422853921,0.8859019234436274,0.748707131187853,0.6346976375065165,2.246583925437591,-0.9025862923425992,-1.5440895488786652,0.5121509629847452,0.24132866492315666
SYN3_0769,0.1911836379453792,-1.3450804162493573,0.4528830805728596,-0.10011418347290577,0.28797259644269735,1.0895444072963822,0.17902318507415568,-1.5088498165924138,-1.4465698767935253,-0.8327428221697212,0.7065856830262397,1.07945428572144,2.1973835850512455,0.9017033965867692,-1.0089382398524842,-1.3113778767885715,-1.3764649437669403,2.132282147074003,1.174372486520303,0.016499771671342346,0.612221530534045,-0.11352298558153597,-0.7517130086659651,-0.5581570408397085,-1.3394283096379174,0.03738425278308371,-0.2748264460338917,1.1352192171998896,0.9241592758712308,-1.246378881431541,0.8935701573716981,0.3365169508150362,0.9229615622918007,0.6614534875676716,-0.8544430793965394
SYN3_0770,0.606552088864872,0.9553567695748493,0.4506361064282887,0.6433586152012958,0.47900637522879114,0.002967660363584834,-0.2511271233412644,0.9371457351169219,0.7454828667460529,-0.33983552540760475,0.7425558359956544,1.6969860626952566,0.48906261113794564,0.8164555755774259,1.3683423560956183,2.127960446139858,1.253622048801454,0.934933387757305,0.18830060075458166,-0.5652517702144342,-0.057649902745858406,-1.4619025893903332,-1.364117609746468,1.2003611710263948,-0.00017375097628233993,1.2122567998845695,0.732682353190961,2.8939278393885264,1.5144907776088263,0.14931522963622415,-0.2321288741450086,-0.5615858391565938,-0.5708210290217542,0.10670617703302393,-0.760179902917798
SYN3_0771,0.08682380107239464,-0.566509938724764,-1.7368048678979697,-0.20806428495640303,-0.11296863801830441,0.5108929063316024,-0.6601985927855856,-1.177844232834675,-0.608446635334043,-0.373237342867276,-1.4727238570327827,-1.593179223256704,1.8270794113003603,0.7252826156559758,-0.22662982269312645,0.431285019419738,0.6531749944007228,1.2837328048029095,0.5604986403827829,0.7522274094769088,0.21974095369692093,0.5809530767565493,-0.40762251451174214,-1.0745770221660376,-2.828147329969063,0.001606694168923089,-0.5947843238323219,-0.6482046963160834,-1.4625206446666685,0.7740304207269211,1.6205460799805496,0.5900235404712469,0.5051509130619766,0.28463493600807105,-0.9403806094227201
SYN3_0772,-0.07077705420557583,1.6399255886741317,-0.1309026588540336,-1.2140621377925014,0.4132640587493733,-0.9245873972379326,-1.1361685111830009,-0.2373817608897705,-1.0745686812510935,-0.7762884257661116,-1.097533031354703,0.3146584438699072,-0.03476874872544348,0.012798497833276546,0.7271917697673655,0.9168800022404717,-0.26790339111521516,0.3937877569096105,0.964806562344662,-0.8585587043853288,-1.5575294576401648,0.1515045977385367,0.36498163228827163,0.08724481189771724,1.6485354957570642,-0.07054027785428195,-0.050470306100917066,0.3726055172096414,-1.346177228642727,-1.3078551540424532,-0.9493260845330002,-0.6136284435171625,-0.31256845641587655,-0.2594851824718451,-1.2616404412182396
SYN3_0773,-1.0992419828779743,2.3536882831446047,1.7976370458316413,-0.08769550741622134,-0.15207988433965833,-1.2652582724021386,-0.9570726975446864,1.2474539866440248,-1.311930140841375,-0.39234655275805524,-1.169578682975207,-0.9335943115941772,1.7942856967990108,-0.28096508378127316,1.258495355616189,1.2167353158686547,-1.436552710158941,1.150183000778781,1.066344992807512,-0.8707874447636644,-2.0570789188998253,-0.8758475339331409,-0.7435346433091207,-1.6500591015631285,0.6152292403699076,-0.47930465585552445,-1.637974293154597,-1.0971676308217326,-0.9158124131588222,-1.0856524364716371,1.5405580957074625,0.48623148307643804,-0.8656420945459544,1.557354432876942,0.6538246135770516
SYN3_0774,0.021418461481304236,-0.16286265321993365,-1.789858302352112,1.741178112494777,0.24554210611996788,1.1741259905220487,-0.7472180528267736,-1.123934497681054,0.15496018344103696,0.5516987734950133,0.08942860915235697,0.25060221027021445,-0.17172108376985223,-0.15869906440891343,-1.4608731841084373,-1.5807919784019246,-1.9987830694130817,-2.239054246352576,0.1814146677136077,-0.1466810233836492,-0.31229381193626304,0.4050570575467656,-0.4946261957430216,0.8096211815711966,0.7451534099134841,0.20155212149928226,-1.0678774808580387,-0.320292562888348,-2.773615052037199,-0.16508067182276415,-1.7332717770444026,-1.4477799801432643,-1.5992607764943207,-0.7449722168995928,-0.03298113167722924
SYN3_0775,0.8187229460706882,-0.9482412836412264,0.3410490702708338,0.007501867658186171,-0.8916436858045946,0.6335950224050186,-0.19830992826529018,0.24661228034951993,-0.3654797866959375,-0.7936822587256401,-1.521117820404601,-0.4249296860490989,0.11548453941667994,0.22100442730149578,-0.6487207744735501,-0.5021602274470186,-0.9315607788169189,-0.6046610154767059,-0.540069315669553,-1.0693469292654887,-1.1253572785277077,-0.038319609721505624,-0.2782348094939231,-0.007133552011606209,-0.13404504621916682,-0.27300009560194455,-0.4292550657289262,0.22381656720854823,1.4575198832507397,0.06419029440564722,1.4473060979616308,1.7138183650583287,1.3800725277903076,1.6626005651186553,-1.4311306557376686
SYN3_0776,0.2711459039304636,0.30935470818538474,-1.3713364010805416,-0.20782380892793154,0.27882625113907583,1.5154154989577686,2.073660671107365,1.1988495306026392,1.2944310062709092,-0.40551721214801334,0.20661513626598563,0.38615163399765684,1.1680461009739949,0.1528800398872664,-1.39343728434965,-0.01729183957433758,0.43963738786162454,1.3273634679725912,1.7185697014163397,0.3539032769195493,0.2325863800772075,0.10046875530523161,0.8390318766709789,-1.1520187967353759,-1.8432868589472036,0.047591651230809814,0.6614065459503556,-0.7514352340843019,0.880240742662401,1.0682981836811996,1.8051112766304804,0.2623008874149322,-0.7943825672153337,0.40901616495127546,-0.5505880919954835
SYN3_0777,-4.744459331479433,-1.0139026220511353,-1.9472403153610207,-2.438065037739191,-1.1426631750792515,-3.156012897632901,-2.5340693066662197,-1.4096473786012305,-0.7292088588319449,-0.34687639446745683,-0.9578950966692085,-1.6110050016297115,0.573114407511567,-0.3694985293412915,-2.456136446272361,0.05808635777946785,0.3146443014010389,1.6724767763922248,-0.25007791447725725,-0.4697141314385143,-0.9427338253082058,-0.6653688408290209,-1.9113125268983242,-0.5407786783128047,0.8595044276805612,0.1082930563109071,0.4545409727921129,-0.5683559212858379,-0.8273689186223163,-1.1525915563574025,0.13143418322011446,-0.9379573245990978,0.40543004947612377,-0.27101019400525295,-1.0812754088870358
SYN3_0778,-0.6273107198544817,-0.8315707384823701,0.49471449441754656,0.48477334288561086,-1.168064283655834,-0.3394630216736743,-1.3866778535647424,-0.24814176706179525,-1.0346202313720103,-1.4415376885593723,-0.8446903105856971,-0.1994255868766161,-1.6849097037756822,-1.3926276738577295,-1.2038576573813287,0.013828587595926947,-1.127432223980651,-1.771632265509768,-0.6654428443978972,3.906308164729614,0.9491056019776476,0.8371799707729513,0.8435707990687703,1.9769596078864795,0.10476536421988145,-0.6161462009998802,0.6976592620144829,-0.13541816528685782,2.039524795131498,-0.679656611445541,-0.41415301465656734,0.3723833168011164,0.346916185641378,0.5990977391031574,0.6190018017541098
SYN3_0779,0.300133006736602,-0.4685086109292876,0.5582448565346497,-0.07711483514177642,1.4517042522471366,-1.227096480658559,-1.2451005929060144,-0.15383000951531986,-1.1575162922668418,-0.7303500024262485,-0.44068904240476836,-0.36524734537444736,0.4201689426095573,-0.3738688409741968,-0.7873152471511284,-1.4079151414334323,1.2352737423310456,0.44556523023179634,-1.4151314170162395,-1.470457644022782,0.4566892177417415,-0.6091436079193185,0.8394992983856695,-1.0816552013172471,-0.350593751516412,0.4752415171682356,-0.7085920696433349,-0.2720143369191709,0.08938723517807644,0.0007731221598488833,-1.328801156856581,-1.468813566825758,-1.8682546561229827,1.094699069322317,0.3342673078099733
SYN3_0780,-0.25652291605677735,-0.6693063655761994,-0.2429785898140173,-0.42624362941159,-0.2792559817069578,-1.2962779774737154,0.5319283478721281,0.04988031858345593,-0.2117235799681657,-0.7539533919099662,0.6638786991756774,0.10083845951194083,1.441824325720172,1.7713360499291135,1.6645367201896228,1.5194391083743464,-0.2082674360712961,-0.6264271225100054,1.1729421199945618,0.5461176790808765,-0.6257069745956743,-1.0557388968622183,2.876147936355627,0.35599860715360987,0.23969851761519484,0.1648271815174495,1.4779978151641588,0.48900728899259416,0.5181936186403537,2.4963394096177907,2.2194056030912024,1.626276787897268,1.1606595708438687,0.40424776395267464,-0.3953973033774011
SYN3_0781,-0.4126868354195722,2.0056266994345466,1.2223152902577992,0.20169200130721782,-0.8856676462211942,-0.6234791430034129,-1.1849901449984253,-1.0184906798625635,0.1275410434549991,1.466553343815794,2.1899196019885276,-1.124054759201591,-0.2510181278930531,-1.5412334047606295,-0.02126329634272538,0.7905594084005495,1.3971482110965392,0.7743907968927856,0.5544008802985366,1.6622133709268594,0.6407562947119932,1.9799664919918945,0.09061222522666253,-0.223369703047215,-0.9016752001734045,-0.9936795038238904,-0.6716344421218693,1.4950754214092838,2.350062532107887,1.6360307694952603,1.6226269942218445,-0.38169743026256686,-0.4121634445437307,-0.5993752062190932,-0.8980359268678196
SYN3_0782,0.43007146678891345,-1.7482196970809432,-0.21601481522623184,-0.4337279763729807,-1.1767699037327488,0.7832836925834865,0.2276557824127636,-0.4096409465737232,-0.9932140542730821,-1.7015806717857478,0.9074833347750526,1.0543072894746985,0.07900158385667604,0.06971198776078444,-0.8997935170621649,-0.6436165803884537,-1.8448634830902342,0.07018597739816819,-1.524872687989463,1.3598496901362713,1.1032903580441344,1.2115130411311903,1.1836257449682936,-0.2646862452138535,-0.36095640072631574,0.2690250466803811,0.3134652710084137,0.5140095232514734,-0.5722247753685387,1.0386944714509057,-0.9255127625687978,-0.05374045076170108,-0.9208458666254983,-1.1273759058516513,0.2847531339637188
SYN3_0783,1.7210820859653426,1.181111770735493,0.8683039643223991,-0.8833699732732297,0.6743607827303142,0.18173504614612973,0.8074202878434288,0.7874863279770995,0.08064322536077677,0.21745998261708083,0.7413677687512529,0.028890677467513035,-0.4835262053761979,1.701548569363509,0.7131483894767087,0.21645607246423165,-1.2498593818401291,-0.7437881351238794,0.23350952501813943,1.6318590035695884,0.516522508631344,1.3404514836266905,-1.370722360245354,-0.13370192015999421,0.2241035311630031,0.7156756190486048,1.131891251169979,-0.3653695996203691,-0.8740641687771217,-0.075937897741309,0.02334041069998919,-0.6996785952066693,-1.9243721907188571,-0.47860681913806946,-1.9251461228753481
SYN3_0784,-1.3231823611932259,-0.4491140115368023,0.45070599160216473,0.031971140259291625,-1.769986334017174,-1.4993257489145368,-0.20699023525976395,-1.692386446581133,-1.04339961879081,-1.8130276864672314,0.856954272366481,0.5508193059918666,0.6371231764873927,-0.19824368296073516,-0.40767903756273405,1.5933742708252514,0.6908300587131583,0.7545277848582697,-0.5677980879472718,-0.819826238993079,1.5732569705581236,1.970910845521733,1.1402365103486245,-0.3389167246485074,1.099194539849146,0.6846783828232427,-0.4312568444718044,-1.125343056006405,-1.1193235156022843,-1.0031861074123642,-1.2211748068049988,-1.3657393547390113,-1.0785199563151653,0.04820025923799234,-1.8884549023905757
SYN3_0785,1.119870022953341,0.4506211756600116,-1.0087650880145833,0.28954208354991406,-0.6727990304577128,-0.17383211796917425,0.7828699260595325,0.9623394490815573,0.2074779470436564,-0.7103529458385484,0.0163475290110248,1.851496222804262,0.7753398377863412,-1.3870909995619902,-1.0231629922471144,-0.6070229086135882,-1.5956446513401796,0.1525896086675638,0.8771827958638966,-0.3145812121549305,0.47010754890499595,-0.1113429126232628,-0.5219300446328419,-0.43236973227353803,0.970397654355368,1.0571604504306005,2.500532459196867,0.6787327255745593,0.21625101844603403,0.44340990342092423,-0.08759899695737014,0.22596207645868566,1.579354070342849,1.53994412548808,-0.07159756054988305
SYN3_0786,0.7712834601960101,-0.5462433953759019,-0.09331956627135844,-0.45923004137757667,-0.8943833353343991,-1.2745816085114736,0.7430233804569779,1.1745547794398508,-0.6394225368673675,-0.22175175915201,0.9137472183723622,-0.5415257764733065,-0.38587873357604513,0.38601786818338973,0.30573199673546164,0.8934512380863598,-2.3156265965727107,1.233256872901509,0.284622481937725,0.9289648917120943,0.3963064366861784,0.8593584977160393,-1.1394582134290232,-2.8022859630688317,0.22652476628012377,0.07792023235190985,0.5434122614551853,0.49369667771434733,0.23058336867854232,0.5771091032803778,0.1448655288986181,1.1926175976204718,1.9153826729582657,0.6676410187070675,-0.12253757146081258
SYN3_0787,1.0610754350469815,0.25055470562541127,-1.482829018644783,0.5304181446638984,-0.0541817945881484,0.41713021125421734,1.6941624135022157,-1.3599843298439902,1.2851875189592743,1.6741074554805586,1.0453936926816612,0.4649258493803787,0.15432945474752827,-1.2032231663078217,-1.1652560086985275,-0.5382648022219755,-1.2655820692339688,-0.5703752076175723,-1.7678355349507784,-1.2943665091316232,0.5305453114972489,1.0449827056363685,0.5138057767586103,-0.5547377489880286,-0.7576732695490158,0.05276561570095905,0.018472327744496458,0.9204975287678289,-0.9817176438207174,-0.6947496873425806,0.05000830347387294,1.3540780855112418,0.15459544728816607,0.5944096135774689,0.9024585041720203
SYN3_0788,1.1013932991665314,-0.6150103662603008,-0.3678471022872211,0.4655746033588514,-0.33046760486486454,-0.5048474700497693,1.4602848917790878,1.2678404116715978,1.0259705691863252,-0.5850043753598375,1.1599495311615817,2.3362423892107214,3.0468126960860733,0.6495521946882092,-0.6843959314121992,-0.800541524104805,-1.5259760312496962,-1.4018842022270346,-1.480893171714315,0.8051835717654653,0.756346062899947,-0.10491390801486741,-1.563074500468121,-0.8904366588347916,0.19121025056444196,-0.5329409045456907,0.11057085619552473,0.8687208907357771,0.05645706533522955,-0.7284649659086337,-1.977441006661907,-1.9633006954754533,0.9038960677343063,-0.9420678844356468,-0.5745402410920861
SYN3_0789,0.6012928614696204,-1.6470059072218883,0.8483713341461138,0.3064671592407513,-0.6266868923063069,-0.17339464823055623,0.2399318912527907,1.018335443798135,0.5294316642532414,-0.03681290229596997,2.5009314115859,2.0926037123071746,0.5223724818810359,-0.7659116499841735,-0.154924353982816,0.6257349819442869,1.2317693272321377,-0.9367757629458787,-0.7990630483603532,-0.9978261724745598,-1.0172419043092868,-0.11973578765986016,1.2180649705450606,1.387027075189008,0.40897265201497607,1.0735490656435034,-0.4120382864153233,-0.5999055634372986,0.3012851920516364,0.2617759777114848,0.5891234261159788,-1.0236359434238802,0.30889903398338187,0.531454921662822,1.0961087367930145
SYN3_0790,-0.5129936238135182,0.13655064912183912,0.6599189578059637,1.2712936477938614,2.0365601630512025,1.6411057786600909,1.766136357128105,-0.586904510061692,1.1703980617569414,2.1161113325636474,1.4590852528063711,-0.028312281611467566,-0.3810415306126364,1.3053887325666527,-0.36024122642772854,1.49107370147485,1.2176262754427007,0.49771709787816876,-0.7898349709560181,-0.9883861099622576,-1.0050931565592023,0.9116551209181089,0.23617709878622667,-0.7663823804949412,-0.14145376091942552,0.7936358539219932,1.8375652712678143,-0.26425230049388015,0.9360465921707191,-0.9220016993782825,-1.0068947339071563,-0.1763555072080399,-0.33557528355053234,-1.9294543449309178,-2.2932335313001793
SYN3_0791,0.7108602338882818,0.2998746309020647,-0.44285742797334043,0.89176084729586,0.6828488115842649,-0.7635233487144161,-2.087575534992649,0.02091530670878109,0.5519619415326084,-0.6369569343155397,0.33207288887170383,0.9298760761429719,0.6809786479725579,0.2319960122171085,-1.1863236376167372,-1.6889662679428012,-1.4741939355009435,0.7260800628507875,-1.3177489628624377,0.11681178983325181,0.4419076832167414,2.0903818414512263,-0.7206384090536596,-0.0324615698532658,0.05682399687407613,0.42650859548236025,-0.43142222984850803,0.3747027185284477,-2.136545110980004,1.8083706051113715,1.6649499830120582,1.030220770109728,0.32418152059288335,0.2944580300488676,-0.1264163928895401
SYN3_0792,-0.3411508901697707,1.223427834116093,0.3958769214136073,1.1480496611669977,1.523418716932068,0.30691595378425507,-0.5976549349116989,0.5525976184742597,-0.6802222123182736,1.2902439691120897,0.3475633160101601,-0.11982845967564501,0.02143945559075838,0.482947553137016,-1.6996142624370674,-0.895320710227986,-0.17076256695203063,-0.9203407120616738,-1.1311283584428065,-0.5080221393691233,-0.20724002672997272,-0.7544984761553617,0.20583682343290902,0.579511599340993,0.49054698220156373,-0.0915798734345745,-0.35579312289285336,-1.884049879342333,-0.6790592374020613,0.20571555412353942,-0.2555643544700371,0.8103810282016741,-0.06660111558755592,-0.10948926095513323,1.0673532601286204
SYN3_0793,0.0618549944934553,1.8016247497248294,-0.013095346688329589,0.5040650224719463,-0.7539863160912355,-0.12409895055920953,-0.3025123287717273,-1.8571560365568067,-1.6203846168492597,-0.42347570646211413,-0.2785985651650709,-1.1114809221039001,-1.3993097457478116,-2.0129114066910603,0.0966720405608102,-0.3127198930515855,-0.9296663618654838,-0.11742971946113402,0.847887952298599,0.5710025245030982,1.3246397706727209,-0.47901330443985196,2.360346636734419,1.2259588162905757,-0.07053846942605008,-1.6033457774196802,-2.80633312733886,-0.6969572632258169,-0.22862274003297753,1.0674297765600018,0.9156814004073677,0.04627075426994305,-1.3173506694786705,-0.47811742888975095,-0.4227808352452336
SYN3_0794,0.39145686732436585,0.07746985855819212,0.7607032926539276,0.09532472987774321,1.5908319568835616,0.19577337836425215,-0.06588810418549061,1.2127150815658394,0.9475733154350137,0.5973621751421392,0.6155218837701267,-1.2539810244932197,0.3039762754027415,0.8040528652467439,0.9127311132902718,-0.0657804099156442,0.6580446079244843,0.6568568066003052,0.12366319897759326,-0.19999048464369018,-0.053677508516868776,-0.03468306811223802,1.426874409382318,0.8104360667918157,0.4910302927582934,0.41490535683366525,1.4540024784116945,1.5397429014462154,0.8731095500685706,2.017138305074913,1.3579847499476352,-0.0753702829828462,0.9372887172604653,-0.08297715798797344,-1.63871240590051
SYN3_0795,-0.3617550930588427,-0.7566328665921905,0.3849250987257788,1.4639836667628479,1.0770069462786636,2.418140050148036,-0.45239790648494316,-2.1271835110570803,-0.5891198271057176,-1.3607451279245852,-0.1782741292368373,-1.0740578555892073,-0.8320029824659168,-2.005142334933541,-1.1409329233195689,-0.422115264087971,-0.21940290326231918,-0.2561557983412184,-0.7261322413143797,-0.18796335822442486,-1.9519003104511188,0.13007653154060225,-1.0699367899111785,0.47864142005894506,-0.07813726557577892,-0.3622844050341819,-1.0008090945036674,-1.2062637372927965,-0.023201806610136072,1.6631279518456747,-0.961276314632876,-0.28008259700801624,0.166755149789607,2.2141926522851274,-0.03832855662881109
SYN3_0796,-0.9849340396795292,-1.1408011124139352,-0.5426932222936824,-1.0322626742884398,-1.9240437396309367,0.38865329392884124,0.7324138851393301,0.3361284481435757,0.1369690927014876,-1.683116900627915,-0.8806314981132582,0.7382584714173748,0.8139605384957963,0.13290055265909625,-1.1501722269581622,-0.7078579815486313,-0.3991045872774822,0.28273805601398244,0.5177122305213471,-0.007941667077618708,0.7198166092623702,0.02518835858698317,0.06094755800882675,-0.6947024229050033,-1.9387614503135828,-0.4054014505923984,0.08004268632694034,1.073477527169293,-1.5882373720437666,-1.0496893275943695,-0.7764171867830891,-2.219962138450518,0.5282618305472574,-0.3864539448087169,-2.352507210773921
SYN3_0797,-0.3881343678251507,-0.8745658929179868,-1.2285094363631874,-2.1478698190950056,-0.7065027681224089,-0.28440947172363057,-0.572344493474502,0.2129021478774642,-0.8682632834952929,0.4685614246094388,1.2333037090636396,0.3063641120497878,-0.145698117947829,1.1886359585098276,1.1086258862991014,1.0309216333635869,-0.5380900903024187,-0.10397150647797856,0.9993609394812771,0.955954890551131,1.9607173270177878,2.1800686480530564,-0.45219444286708227,1.359926782076775,1.0133206962841521,1.749403638767291,1.1401456678574413,1.15003420951146,0.35170455352275504,0.7895859731540323,0.7995695503159043,-0.390855049559123,0.047320841306308696,0.19215552172595482,-0.8521610093433628
SYN3_0798,1.3172008705456586,0.10547272836497248,-0.9925273614125127,0.7240698979241582,0.1712851751171465,0.05933708202769495,-0.8437511132684608,0.18901877620785015,0.4734975673587846,-0.2229465716528402,-0.1644851519858258,0.7303639646721254,-0.42726927995509045,-1.292669135158643,-0.5253076937528275,-0.09273609030483176,0.5323106524103194,0.13118583295673777,0.549432111215287,2.5710304792207124,0.783437517319636,-1.3098979522311212,1.3967922869511944,0.1616275972485374,0.6746457212735105,0.07683560314164382,0.407821978696792,1.3075095537635464,-0.3765077805696601,-0.3814297570840375,0.6087566659763567,0.40533305045727946,1.0621308015198923,0.004293658324963667,0.1820424747685395
SYN3_0799,-0.6701321307846843,-0.8558235922364558,-0.0752798562832922,1.3585599273261022,0.46589323262990257,1.3687041576716472,0.12716457167924744,-0.05316451930206332,-1.793231359123065,-1.2207008962269368,-0.2940522570094174,-0.8955610893912644,-0.44056624434149355,2.169989695080001,0.58817001056464,0.17164626456829982,-0.25997363905428633,0.29191516911940435,1.1070269716547319,-0.09793877299814784,0.1798547233548345,-0.6937498379524967,-2.252019636587528,-0.32887188251214916,0.4533123384614733,1.1233649238939263,-0.006302683230140367,-2.1349310671099326,-0.48901918930951105,0.3530219590859821,-0.5812527075073752,0.06419489791083136,-2.205135331270745,0.8074948017012312,0.07562398685588154
SYN3_0800,-0.8485461521255746,0.11781480354219913,0.08511429710792472,0.7600883237322494,-0.17897428179276414,-0.1760273397478146,0.7586597562712686,-0.6643285864166513,-3.0180530925260802,-1.8485467652310488,-1.5364022872890921,-1.1693310026525707,-1.7834821137211383,-1.1014146810760044,-0.7235378332430303,-0.5392691377157888,-0.8295106735129066,0.411344229729657,-1.3083878066529784,0.7902364914218508,-1.9082670212420405,-1.3184740352104962,-1.5010659749152944,-2.3273463851985654,-2.2159810845397288,-1.2713157828765926,-0.3153414975891585,-0.8774004854976429,0.7493759377023943,0.30095206360605575,-1.2174512234452488,-2.067344338572334,-0.8653228807697572,-0.3130720170246401,0.24867461176393219
SYN3_0801,0.6723179098913298,0.4259388191270064,1.7537937744734233,0.09138776111785202,0.8988814312834146,0.6397486146990381,-0.6805775189002456,-0.21181877353983808,0.8610708348943524,1.3401958904890952,-1.3851317967784045,-0.6197144420439218,0.2548425655593129,-1.2451705438349536,-0.7967756661327012,0.08073845368592006,1.0659401204951082,-1.3530706837065272,-0.5735922235163406,0.3425873372626128,0.7725528715589243,0.9673412874097506,0.20447478583901488,0.0062220396062139804,-1.46942232112187,0.006127017907681994,-1.067197573773801,-1.7134122224902406,0.45326105714088294,0.09892972826156354,-0.02034119519998956,0.11841985947523993,-0.654869874880778,-1.2372524018588662,0.43848931580240885
SYN3_0802,1.6991588075669282,0.326594614506531,-0.06240632934851756,0.2123358334420435,1.184052345711583,2.9024951870988875,1.5472429491133197,-0.3178356999935421,-0.5776347835277981,-0.1328598696006723,0.9782866864208143,-0.11115288649502203,-0.5718086317590939,-1.2066067235891222,0.32513813570345523,-1.1059588686982469,-0.5114114859947847,-0.20552441375206373,0.985260703483649,-0.1880547850549348,-0.29387629723525094,-0.17777860393363046,-1.142597959550808,-0.11284603409776676,0.26870333196317714,0.4580814715079897,1.120887709504169,0.8827335733082082,1.6961930253022055,0.9942431006828525,0.46210751454830007,0.0025038300986216324,-1.020556969821261,0.40917741659685947,0.4072075185664871
SYN3_0803,0.3521666190247915,0.04183383057283483,-0.5831386788463656,-0.96442620360016,0.2052973807589371,0.5487384344650235,-0.559083651403673,0.17347264748764019,1.1169414121376664,-0.11083154469651095,1.0031215446707158,-0.52184923418212,0.42143996667645117,-0.28612995387539003,-0.627690537931527,-1.4397127887179033,-0.14541288056699747,-0.815496680217283,-0.08489312037197196,-1.4892219089609355,-0.9352750841652179,0.5503008160879794,-0.27377101554486255,-0.6260585254874496,0.8131521297453429,1.0208638393046083,1.1530774520872171,0.1917045038266093,-0.4926365814526099,0.9326458508957839,2.686210805585786,1.9032130168403065,-0.026215744154907537,-0.8960442123380629,0.6330593439312555
SYN3_0804,-0.08420634035665703,-1.7123813412857558,-1.7165392063754197,-0.6702521799626368,-0.70997703396013,0.5491947652776433,1.5714405263306717,0.9868216977776602,-0.6461720900869414,-0.36047014206490324,0.2642535213241524,-1.9652423231300693,-2.019191190516174,-0.811621800941244,-0.07052815454728621,-0.12799270192833712,-1.4966064693423806,0.946976967601484,-0.14138602545053527,-0.4195913839761595,0.46429556715574266,1.3161851486516944,1.2834874723244714,0.7797693157764894,0.3639075960734729,-0.16353616687497272,0.8900618407061266,1.5256198571003359,0.8391957499021876,0.7296273587321516,0.1458473100689937,-0.6903720261935656,1.2222235547542617,0.9751685007363319,0.2196130701158046
SYN3_0805,-1.4272819407869082,0.08087333901406513,-0.8999006825817092,0.860428673107273,-1.8933494141815639,-2.3521585508353584,-0.2814305501511393,-0.37889199287459097,0.061811440156866695,-1.1088322757728915,-0.25389609400434826,0.45934721386154204,-1.2475319110501353,-0.7727641794479552,-2.0186098571730806,0.47862670109633,-0.736752999497182,0.660056189372258,-0.20513885200596088,-0.13911867239029024,0.8901747856200107,1.4290285741336872,0.01655509455327855,3.1729293361743696,0.17806227564305696,0.45961357217826176,1.5690477379750867,-0.6139752241137892,-0.3155230503773463,-1.6444052744407818,-1.1855758024301006,-0.30401261873719787,-0.17531407221357795,-1.0676922063522456,0.24417575457887833
SYN3_0806,-0.3743849793109746,-0.8735625167268616,-0.8928650740571595,-1.546006034288458,0.429564243460774,0.4160873744113705,0.5623276874231101,0.5961644009011458,-1.832206906281003,0.11721682824175629,-0.5252049514425721,0.4391823956249431,-0.18518289735938168,1.9656684325667417,0.26240537646686873,1.4073950180174688,0.37696234602257306,-0.285130596663168,0.8438668875770196,0.271726655645349,-1.6344584517790697,-1.7410717521196644,-0.4354206306161209,-1.3944033000872755,-1.5214210936738466,0.2614029402311619,-1.6212198634758694,-2.0401782089440816,0.9131147039701759,-0.40091867218421146,-0.29963220992985123,-0.6793758188354223,0.21319325698003416,1.0946051225284514,-0.7730479660571644
SYN3_0807,2.2698659894027107,-0.44394392853177495,1.474798047135435,-0.6816937151225396,0.12696585194512028,-0.29904675142586734,-0.29582069580290143,0.7001879233315121,-0.987301520497595,-0.1630675855912625,0.12267074369849441,0.6122963843763631,1.1646139430359737,0.4537900721648097,-1.7651015783311288,-0.5522839845011001,-1.0611862471160485,2.131408645488976,-0.2155459439683488,0.5481190753623227,-1.1082168265047267,1.5532003164349129,0.34316393556892855,-1.6833879040376103,0.2478681967091683,1.393263962514027,-0.9933597875703319,-1.070110904863813,-1.8985536264340406,0.660926062982918,0.36246130770568014,0.4181006481907407,-0.2574576784176626,-0.7197071384695491,-1.029589632568358
SYN3_0808,0.19995857371052103,0.45665642050223365,0.09147446911765951,1.5872803685081702,-1.6417281055209714,0.46782544717208185,0.1027893250451693,-0.9419794512929768,0.022122873456691748,1.9050608462366678,-1.1837876840385146,-0.4500972410312144,-0.37974030384740504,-0.8401955833053418,-0.3374378893615459,0.5603526115293367,1.7026924527696836,1.398617098452744,0.700259773488675,-0.5993770393970801,1.4349233318629027,-0.5372310239681891,-0.6558029186915043,-0.5323331824931228,-1.3087629259162765,0.16305676849669049,-0.2825624549971331,-2.0920713792463643,-2.858586788044693,-1.0340234967671116,-0.7548971735971178,-0.7213293485140511,-0.8866341796699553,0.3282411804641048,-1.3641666238115657
SYN3_0809,0.47632989922321534,0.8984712501915889,0.8249634382494808,2.126891803419653,1.6919812562792946,0.02108823790818725,0.7114448857674212,2.491834031490281,-0.029368961028978825,-0.9084971301032215,-0.8917786611474942,0.20174346968629503,-0.7206534439752288,0.1493243037060338,-0.4238274790768222,0.6675019662797244,0.29156116107166746,-0.5876604937389575,0.1525256534940548,-0.39637854429243335,-0.3920115300037759,0.16392684119740544,-0.1274398258780962,0.6601605598276531,0.30525394102830855,0.08997322252188329,-0.8351598922033785,-0.3397912537651725,1.0042311366391403,1.381741407216464,0.5595077495918852,0.8706067488580058,0.090069013944683,0.49060479344128066,0.4572117233567264
SYN3_0810,1.3836674416355021,0.5973932367389152,0.976379305847228,0.1419327617531324,-0.051247889595723864,-1.086437715013438,-1.033876336130822,1.6398193452400862,0.39889447958779944,2.1104908769419573,0.09805353137629505,-0.36142512523492587,0.8323382936201111,-0.6822247092495772,-0.27183623720678474,0.04591562090473541,0.6866006064102128,-0.4251892682224868,-1.7468265787255257,-0.01846103103848172,0.07323218974541018,0.21394306062992305,-0.777014098365825,0.8016875934857365,-1.663896724425273,0.08675514618698273,-0.16632536110092877,-0.017466088766567023,1.0711753571833629,0.5235798453015631,1.035490935945415,-1.4544425003609722,0.39158979338519895,-0.5599191760195962,-1.2433177407411409
SYN3_0811,-4.903258609219021,1.1689424876574614,-0.39880269493767984,-1.9398066034971342,-1.3840642811170658,-2.697333431178235,-2.785718517620956,-2.510435810489888,-1.4556882267314892,0.28371095964323895,-0.5404139738096777,0.7546092467547468,1.2869265791226596,1.1912990539595039,0.0015325906242412831,-1.166236070938011,-0.7613282743636226,1.416007864265146,0.7561769873840619,0.9118848691120611,-0.20404047681999207,-0.1629217938343164,-0.36994531270074793,-0.42016755374709713,-2.6718169413632316,-0.546381735851441,-0.9637788300955351,0.18515809574093442,-0.133471255067412,-0.5246293403167781,0.6799154737924293,-0.5109380077625051,0.3565982862799795,1.365507654933701,0.22043845543543159
SYN3_0812,-0.28779879891733556,0.9735123289870111,0.728778174124807,-0.4493625394187296,-0.6454679053966635,0.8501986484884755,1.1974148357490975,0.40329452095401613,1.266203605709484,-0.5883088622481958,-0.14300788295918776,-1.3127562854638486,0.9724617843500927,0.1022973059547843,0.018622984188206616,-0.367540774788115,2.445668262696672,1.4900888849539973,-0.95528263138333,-0.2742251726774265,1.2272281813819685,0.1357979187712779,0.75329038747104,0.8402125181634983,0.5514293218728482,-1.0204230785262107,0.6115979756815183,-1.8089398405913286,-1.4449688260766553,-1.2976651757098574,-0.03935437245037356,1.3543383112634113,1.0463254076955857,1.492225133699041,1.574554544916166
SYN3_0813,1.0446709513763612,1.1451442836777048,0.010929317823613328,0.892259073845184,0.08377450386671821,0.7687401891099163,0.5750876658918729,-1.3615375131678045,-0.1716384780726555,-1.0284242986768255,-2.4529717770363275,2.122272679909847,0.5189060897411006,0.8614636998936576,1.0450601527939032,0.3468167536580514,0.6938839225051748,0.8336030278555124,0.481022054212649,-0.8502014981955405,-1.2199075633563174,-0.39219327172425544,-0.9555059018588381,-2.6497757481145956,-0.5445085166438113,-0.3250005881781677,-0.22474352584659812,-0.3428623198338168,-0.33956746061647075,-0.43052994025703056,-0.025790681886156398,-0.341623591490086,-0.40519001776812796,0.19847302368317993,-0.16842091394385128
SYN3_0814,-0.31538661560205594,0.11445110942035078,0.8901939840054471,0.5037801126997624,1.1424672660946062,-0.6240948349486649,-1.6662853592774476,-0.5608986306298672,0.7149737996843386,-1.5573323605673557,-0.4554001013439215,0.21225783404040807,-0.43218164958874095,1.0400897909081697,1.8382587705876459,1.160879512088361,0.7711496207760472,-0.48172504986767467,-0.05446874396604377,-1.1829874538324445,-0.40731504903567417,-1.4534631823900814,-0.8135714649242086,0.6739947682912785,0.372463367736572,0.2753779588704855,-0.05842423900855941,0.05099808373992674,-1.334057530327891,0.8800274133774826,0.31145754069694026,0.2755593066665887,1.0522483898415906,-1.205278469677376,-0.40682058424095263
SYN3_0815,0.5355999509070355,1.3873953126217968,-0.5843850503919145,0.9262381702733599,1.4299634377587296,-0.3502824159359421,1.7470324317731096,2.632725933687058,0.11801072655558353,-0.35093270697153095,-1.796557232640114,-1.1169094532813542,0.3926613843829637,0.11715228162989734,0.213323882654858,0.0006999979721961839,0.8523825816025606,0.36243950120249907,1.297693679580046,0.037060868614064636,-0.18706745025608315,0.891553198172189,0.5412801719383911,0.9975000204772689,1.3050039762479095,-0.39748180544424316,-1.0167488801694275,-2.1026993256458884,-1.0386391871336522,-0.2679352534756951,-1.0570808127944529,0.39813941388981267,0.8699984958236319,0.6709876106144442,-0.24525715302238504
SYN3_0816,0.3080839773792146,0.40212553555061614,1.733520693941924,-0.17249425741702432,-0.33116030250709416,-0.47561085542805714,1.222952675852093,-0.13976212892645415,-1.043624710221913,-0.3365224826835184,0.5757717809526464,-0.3457047839017305,-0.8116780133270849,0.2320406812500087,0.05041192895385807,0.7393627013753241,-0.5515123382812972,-0.9532151288873851,1.9740152054633928,0.6567319476119772,1.8098601230270748,0.25778896127470324,0.3083223166381587,1.2560802334260655,0.821454754815231,-0.2589920097096111,-1.370637543116803,0.21692225476960375,-2.0487266877833155,-2.184834341174914,-0.8264528409943906,0.20100927349934355,0.6542915642909921,-1.0760972898842467,0.14278070619558977
SYN3_0817,-0.3079104722775336,0.7805207502513071,0.9140592903541465,-0.12397434858891908,0.9509546662231321,0.32046419948356675,0.3540934511067651,0.5970482584809335,0.4146237613433764,-1.661725231665815,-0.7454129195995723,-0.7054816735823027,1.3648143624780142,1.5500039355064574,0.8486058618909363,1.3230180016490447,0.4476424553669692,-1.2536164604577333,-2.3686886308610418,-1.1111496710272377,0.9501232127897994,1.1121954707715698,0.7454379259295841,0.6771343213587122,0.036011282824364936,0.3807590560678742,-2.0172367927837844,-2.908579406680774,-2.827163999366091,-0.2962541820117302,1.9207699685971527,1.9419067775441325,0.6475051471693353,0.9650965630584071,-0.344224033944983
SYN3_0818,1.0902706142999952,0.12688328794240814,-0.22979889590822764,-1.3515442855351614,-0.3903542902718106,-1.2064112460090937,-0.479456688182295,0.7198829799641332,-0.20998556001217894,1.0694062850365107,1.7721563214352274,0.4140833816716614,0.7320300276774463,1.8255644705973333,-0.6876670390415937,-0.35480727919429284,0.6435820811638592,1.400778700770992,0.6593675828662556,1.4010375366434717,1.81703355529175,0.37884795737394134,-0.1282178965930714,-0.9974334576460308,-0.3369713857829319,0.03465887377089156,-0.8139223797103541,-0.42519576378672036,-0.4110711600615349,-0.24177530812422826,0.48146221278434936,-0.14538888849909654,-0.04720121068025448,0.8463316367196314,0.6042627550678404
SYN3_0819,-0.5091989213524089,0.29874762811084754,0.4823118673397963,-0.35872369061669407,-1.2058622731171873,-1.1631786117778347,-0.3067858381659925,-0.7815371809782549,-1.6607174402060267,1.5141095295569256,0.6715926918617147,0.8289748979815248,-1.0377198398170417,-0.6053238094179753,-0.19716999258834209,0.30019890488990014,0.5440409884498381,0.39467780959630544,0.7066803457799005,-0.13983314938398653,-1.5731854565330652,0.6807194716137149,-0.5445338065132573,0.18731187111725534,0.06739418872241851,0.3905923942062187,-0.9571916919726517,0.3589312492766334,-0.5904382837447165,-0.7822593145119179,-0.5488099403807445,-0.3326081970934359,-0.44498787876406865,-0.9129354635773484,-1.6263731189757362
SYN3_0820,0.6577617462334113,-0.5424012699979426,-1.8854824293611885,0.17952386416542082,0.9748334070706965,0.8125209253754889,2.512141816624725,1.043255994371851,0.3715829948057198,0.4204871775752729,0.1050640054746519,1.2016028936946237,1.140866476634403,-0.08554388076211257,0.6475531155540506,0.23186274508904925,-0.049805085148978405,-1.517050079847908,0.8231912964199314,0.1797569946414438,-0.29479430887809677,-0.23685367225600523,0.08007893698037716,-1.228595162621462,-2.2641350730405025,0.21246394935917043,-0.024953269501695144,-1.2057602914330898,-2.135861426326394,0.6539380833488652,-0.6316296985119382,0.8605711130912912,-0.1908259250980577,0.08849303762417453,-0.7046552176289341
SYN3_0821,0.7046736180044275,-0.7595438443583147,-0.8083436520868665,0.7785497693495241,1.0480091531647702,0.41542828315648583,0.5116287721828477,-0.4785361662662305,-0.9278894476712407,1.364417042381654,1.7399405574528624,0.5454432864753147,0.7325642001814725,-0.649561978712017,0.39122545681125015,1.0526537995777743,0.8672023090994839,0.6193460461876003,-0.22181257186979883,0.9850728006095997,-0.34035251541607275,-0.7149941446923614,-0.6477959576740502,-1.0268006339945246,-1.113545001354225,-0.81349943767219,1.8649598812745445,1.1363708500602634,0.6837995900768287,-0.12780918333957816,-0.7486420502300923,-0.23928223108910265,0.8449968424463532,0.5075999936986119,0.0005445220896770046
SYN3_0822,-1.315078622546355,-3.549985266952575,-1.4563377850539907,-0.8759973911619251,-1.3729584778271182,-1.3305203662429403,-1.4156955734813839,0.6093459036047951,0.03644027451681657,-0.1298272915258508,0.6526930321170092,0.44628341633509633,-0.25128889786716946,-0.26496524566285007,0.6171352364387269,0.5653350873418128,-0.14559474677216883,-1.5737845475842305,-1.435978827879696,-1.6471224246801224,-0.03758359568625639,0.6249686888520335,1.879979404868419,2.7178419855567797,0.9031290480158882,-0.6090895922668262,-1.3264567897133837,-0.21879214505352565,0.45006547439482364,-0.5802598989094379,0.33129464167264205,0.9090233414720651,0.40876313484034654,1.1320772623806885,0.17014281501765946
SYN3_0823,-1.2870161629122057,-1.340501979954125,-1.797466300090921,-0.19387975330930937,-1.6941057242822077,-1.6887863336428894,-0.5488849222452394,0.5396645923969172,-0.74660122759675,0.14800542017087223,0.43860611141360595,0.14638825698065872,0.2226699500220749,0.5572977451542205,-1.451129645058514,-0.9051820407374959,0.12286673246296305,0.9122920626525453,-0.20843457712707042,-0.1604040951317165,0.0025258936612419626,-0.7716344982929786,-0.21355850254251962,-0.7599479285419614,0.12156172909691165,1.0031721557048079,-0.2339545830535997,-1.137991704410819,0.778210835848757,0.388008485661267,-0.5882615154866317,-0.9872028481240847,-1.856844030129616,-0.9408493737269865,-0.7389385513797786
SYN3_0824,1.6817381434111829,-0.07371191722488708,0.6143171176533341,-0.9840632664534624,0.6560095475068551,1.29973342965121,-0.35704565701076174,0.07028967253096667,0.2579050276612249,-0.5066442610413329,0.7081344657523847,-2.0660715895107975,-1.4943879702704361,-0.2259820630842517,-0.33258866707552237,0.15431314690873427,0.46906143398079597,-1.7264161247682328,-0.8870746331033957,-0.27046562921350037,-0.8012409582638801,-0.8493415854159341,0.23198988372224033,-0.39656089964147007,-0.9574677410060162,0.005225294528406395,-1.4750577918317076,0.40126137186138666,-0.5773451297887032,-1.267246328807952,-1.8076808836186427,1.1777716671957466,-0.03762841923921689,-0.04350535864314851,0.19854619627422615
SYN3_0825,0.47881261473602194,0.3579915601866179,1.6049595990475554,-1.174535735521429,-0.45511640001010406,-1.4357258050750037,1.0703253048258459,0.8888377203738117,0.8039471617810295,1.2779973753927518,0.25913212797794855,1.2900856879488098,0.8834777474106165,0.0673839308583798,0.0021299849079807493,0.3723750400522793,-0.1671503149884568,0.8336409916862245,1.0516468007867463,0.45971931532075455,0.5662432349118643,-0.08166108650648521,-0.3102429480251955,-0.34637458188786563,0.13831252087201074,0.7393409272431672,-0.35409025962091606,0.6519397411611274,0.9854353950865774,0.25275029510111907,-1.6918981170402352,-1.4517288687345367,-2.168350222475881,-1.971027407144368,-0.7973564562273667
SYN3_0826,0.3924012361065059,-0.20877179904905324,-0.9271363670200596,-0.75323398180158,-1.0969983421820435,-0.46511365187610904,2.903919045267796,1.3181065291453922,-0.03041919792933255,0.025783089790195474,0.4317858293471774,-0.6197169806956871,0.21931827162787232,-0.45710558103002635,2.4465376408021426,1.326311968392982,1.0805866086129752,-0.05600259527922769,-1.6477931270364226,0.16526211118103756,-1.1669666944270338,0.19981210207473787,0.34666736147470767,1.136317842107768,-0.19004016478908745,-0.6455503576070305,1.2810901141585225,0.6251868456223708,-1.0485688815522838,1.6435007352778936,0.38716240406484825,0.06027909217215452,0.08000278896659246,-0.758986671904073,-1.5093526225478655
SYN3_0827,-1.7407074794326045,-0.06726907981662522,3.1421358786565743,0.4142254555851698,0.8511479096238096,1.998307956249415,-1.1542484893404854,-1.2045555189315722,-1.2740272488611597,0.6596786786863352,-0.21585942347160764,-1.7833829397755396,-1.335878274205745,0.30288651324699534,0.18344659689880144,-0.6081081703799138,-0.42139816175389494,0.5931470237329268,-1.3959020230207004,-0.6915798616347631,1.3602409154202135,1.5766013242784873,0.4835595726174456,1.3281315437664365,-1.2554871655816426,-1.310010952524723,-1.41077996840206,-0.6494557365061709,-1.22514139323245,-0.943372121505027,-1.6364965127361757,-0.5226686824817834,-0.27187018989137196,0.21124985904677382,1.2435972068512424
SYN3_0828,1.7857432645530678,1.084544530785727,0.7583161529475185,0.0006701622292347183,0.31902289327323224,1.1737910919156929,1.935436949459542,0.3318285370972797,-0.00790082417569669,0.8539174678236271,0.13156095918400215,0.8076367626994546,1.4684465775418098,1.1189437058784095,0.15771712124437365,-0.8098757680100667,0.38682148031047026,1.021510455875751,0.930290215864643,-0.8630668312835436,-0.3894194764060912,0.040057670037949106,0.10397479381650554,-0.7123133148848378,0.49225944406335365,0.0965401823837911,-0.469214319347982,-1.2974461827242607,0.38231777098802866,1.1885483071299328,0.48068623673629957,-0.6151767327105814,1.0866052086867992,0.9141723891735649,-0.5376263367215078
SYN3_0829,-0.6457599572490371,-0.47374393913433843,-0.9306615629608475,-0.9629091609218507,-0.08630615113674187,0.19649111876994518,-0.6018349472771074,0.8947762528873808,-0.4452729459054145,-1.4848787169703919,-0.9486519364124554,-0.63086690604028,-0.10494611963388689,0.9191057207493775,-1.2828991693879315,-1.1173956326306504,0.8142529980183031,0.6463706041341655,1.023899673354904,-0.6213542522573056,-0.553515639092477,-0.4093600046023034,-0.2225178924813092,-0.8186392288913416,-0.5401684930023113,0.015118366097412295,0.19458096053471227,0.9054692133337456,0.32239635196478694,-1.3365508683940046,-0.6968033613520863,-0.01803082310188326,-0.8012978224015502,-1.6738265274300466,-1.5604605321224119
SYN3_0830,0.2017332489528512,-0.9255780807451052,-0.7456090209907523,0.6979635283308392,-0.5666645808049878,-2.2305047076067415,-0.8050951965569609,-0.7392153289874603,-0.3766165605437759,-0.31806746066402675,0.6639452775844908,-0.29340974838534245,-1.0623270794472197,-1.849337554581278,-1.384714038740442,-1.3079683043920587,-0.7419460946125199,0.18180811403772795,1.1688874633146815,1.6700046203619652,0.13018365952031602,-1.6869480339164766,0.4841467904039464,-0.5435160629097636,0.00015905375105757785,0.49397008701671674,0.017996113007483938,0.9415415733828962,-1.0900384984218476,-0.5869683259617997,2.002186058041918,0.1906196862431862,0.179136548561685,0.5980916238661311,0.028890043708581403
SYN3_0831,0.37872893620046794,-0.01749438938632585,0.7625486938941627,-0.018596019209009974,-0.7978386014805046,-1.6262085088283569,-0.54068992407264,-0.8053480970581295,1.065245564742702,-0.3616492607526604,1.4498186120811387,0.6880555817295727,-0.31879998748104676,-1.0253502064841684,-1.3185417996835487,-0.38281438483234975,-0.917878098566819,-1.1429003988833362,-1.7753155734882522,-1.1943890308164673,-0.5869675581882311,0.15020885282944962,-1.0603809049617006,-1.342794580457853,1.234220988228618,0.6333014871680931,-0.9301712948128175,-0.26162596533740623,0.14288865205157728,0.3348481937842621,-0.06522809063185438,0.7450244389645051,0.01968785579037868,0.6878948637674154,-0.08469196857036737
SYN3_0832,-1.837157924137332,-1.8467666929298938,-0.8973722583629765,0.20826730372226537,1.1575561761453637,-0.9726526075740648,-0.9726405702656259,-1.0783894880938398,0.8862321991357451,1.9792748519997378,-0.12520990200424723,0.5268776871452281,-1.4894602033692779,-0.889996188754571,0.2441286920284629,0.19335185290108386,0.7622585667805443,-0.6976208754914263,0.3454011340206191,-0.4718346346795736,-3.580292898216675,-0.7002537109851777,0.05224130770918911,0.11069914417367849,-0.03985561510344901,-0.943570126462477,-0.03325763282478321,0.33243820610868174,0.1811891002124445,1.2183754805195863,-0.03613262120888683,1.2865090434076685,1.9301615701195194,0.0921074162725805,-0.5968479578198044
SYN3_0833,-0.82619683791835,-0.4309959176511177,-0.6240682634958856,-1.3741718770576534,-1.5796219072844069,-0.8826049995242462,-1.7564572054377359,-1.2451845875684182,1.30095704921499,0.9853245702815935,0.5860568119854561,0.6146340405897525,-0.5335840883484471,0.07278030364563871,-0.5813041429812894,-0.2752907473468157,1.3424086360940393,-0.4178258946624561,-0.6750155628699954,-1.067925804130578,0.3729351236289046,0.21395345856689432,0.0961293530362402,-0.30404656808471703,0.7631193032192901,2.345668418354022,0.7556826478804392,-0.6764498900354067,-2.445972819411464,-3.1612905163491005,-1.168751600082702,1.060192227463363,0.7663466639808519,-1.1175277236658359,-0.5607257693330104
SYN3_0834,-3.984265223164151,-1.4361672764431785,-1.8935354397261315,-3.007326259619374,-3.9124401485281544,-1.288370212717951,0.2221725316798623,-0.36444945613680335,-0.7196567914043042,-1.602227964472154,0.5770147427180335,0.511851468629745,0.8787826630361381,-0.22927759348916796,0.20788144941304176,0.08662768340716803,0.19445840128427322,-0.6259185391587829,-2.5746241876786433,-1.4423630708512687,0.8232432677483178,0.37487802050916047,0.9779086379763754,-0.24007004829549142,1.2698939259029622,2.3096504480708915,0.17123255798491854,0.12171068587510203,0.9485620851370372,0.22230395810774378,-0.2787293160060973,0.24667935747930037,1.6054342643734403,-0.14552979974316205,-1.2644365763417584
SYN3_0835,-0.38421915368603593,0.01305073909361904,0.4299493790834961,0.2570496287735263,-0.9854748176588318,-0.6901198717156943,-0.8026097000320589,-0.5629804249850043,-0.219603852784211,-0.3066792058220022,1.0289009945584842,2.1161848774026955,1.2910540302123974,2.0855446936966486,1.3073103609556658,0.8780030348546307,0.5102273849451395,-0.8499175065961239,-0.37161952255989866,0.36489011468533983,-0.13725171950715462,0.5320278865724364,2.3063646567490714,1.8491551196355691,1.0172413227794141,-0.5167248105630284,-0.5363369322658785,0.212068549434053,-1.3609410677606621,-0.912580723909372,-0.13216776829799334,-0.3088951994107465,-0.3401827982742642,0.13240874765952276,1.4217347039130157
SYN3_0836,-1.053132710887481,-0.9920729958173818,0.11314307579904645,0.4817936960342921,1.072763710795268,0.6665571130067363,0.02894596091641638,-0.07796467559822487,-1.8399009309387173,-0.7659589272138086,-0.5764453840722336,-1.824482779838654,-0.26159539861288533,-0.2945411352273169,-1.028664153415965,1.0992734320576316,-0.5732400955879711,1.4942228745597876,0.399917792623254,-0.3605107600536199,1.7576600234467992,2.862162038097162,1.178462192642744,1.0374917093380496,-1.1510558197528349,-0.984675637243518,0.11174594289849728,1.0634894888159,0.8881051629708966,0.6414803364015781,-1.6555098354931335,-1.8153117980510765,-1.3138419275330333,1.3388516915030066,-1.372218730149162
SYN3_0837,-0.5404769412078311,-1.8598377787168903,-1.1939273269944848,0.5814716212600558,-0.21804901442290428,-0.976080799103745,-0.3288076319612586,0.929691401138686,1.8214617790740197,0.16024986568924698,-0.01631833226983017,0.6078549587409678,-1.687261853933824,-0.6608807542643578,-0.9685442916820762,0.028210999785729985,0.47831886744527086,0.4664964624626439,0.17162350058654946,0.4464706249562557,-1.2156450108018086,1.018803246277241,0.5273701875979259,0.5914589206827775,-1.4811599437164313,-1.200282016386902,0.6895485325019701,-0.053213702166971445,0.6628020874233139,-0.4285370913437693,0.16949678992038522,-0.13255510215554783,-0.22083864968957626,2.005409323284235,2.2392210135508392
SYN3_0838,-0.3587513691858481,-0.11851414349500175,-0.1821146386868397,0.5606328505887431,-0.5156950065561361,-0.7628048625571783,0.5167875574874273,0.38461998257339264,0.108791409287107,0.3364285609859528,0.42523937153514324,-2.46346980102854,-1.8872220722079132,-0.9265282365372879,-0.1610205547494927,-0.09247995308142558,3.2278139428381656,1.7778770881682138,2.075005168330477,-0.465912124259415,1.209280842666078,0.6317176556193739,0.3571919657743023,0.3410142875734289,-0.7362157619479512,0.5888872070309753,-0.061190084475262134,-0.015790858904863436,0.6041109904048225,-0.40727010747734266,1.7572068175894724,0.006396411041388861,1.3731198080914933,0.5591730439781146,0.7012533783831795
SYN3_0839,0.5641312363497913,-0.929558886915435,-1.041028983312836,0.9508174280721211,-0.005945352664446984,-0.33240565351214646,1.9752763798634705,0.7937565389842308,2.8421581968351757,0.8140239930976552,0.4385543325804506,-1.7728407879721084,-0.8479125129608797,0.6415556881460863,0.026266469646191323,0.6629493518768881,0.9268962309080925,1.1606038058067936,-0.24761824319352788,-0.020977148076829457,0.8833082022917915,2.785160342890488,-0.48373816342260695,-1.1826358680597762,-0.5163603752642872,-0.5466829114808535,-0.21800203250133526,0.15602542153290969,-0.45338196328783387,0.1281117747404584,0.13872570995570474,-0.2145415730004308,1.2707602236220146,0.36177931572292144,-0.9152128438394708
SYN3_0840,0.7828181653366538,0.13328991498345136,-0.04332551268731116,-0.07198007261577995,-0.23185575265137576,0.5668102677707333,-0.28755634974930805,-0.14178861193345357,1.4673832359490455,-0.06104617888428981,-0.5869773784921409,-1.2147450878783526,-1.3403449075379954,-1.2338454850668477,1.604252362413537,1.7000959058523066,2.794861944511393,-0.6831542261953455,-0.17106983989689764,0.7481462639405163,0.8056588020781782,1.0374020768033088,0.5754799325011317,0.5947014259128355,-0.30732964696175963,-1.363898662427079,0.47851393876677306,0.8941751898287067,-1.3575392416329417,0.6813348847667642,-0.27849385029955165,-0.5296454730708152,0.6219647719784952,0.8459840403389938,0.534308612112627
SYN3_0841,1.5965224590313798,0.49061174882210146,1.8393195628911676,1.0635912731430683,0.34497658472360243,1.021928874733013,-0.16968224958212244,-0.07712173652234607,0.019509139411394278,-0.348609902447677,0.7996261050808626,-0.19643505637470174,-1.0584362456878402,-0.26886777516747046,0.3973029713173707,1.4852371327555738,1.1723772049564702,2.1330410501680377,0.8538629185423828,0.5468604668120305,0.6856185469957318,-0.7960920894738344,1.3475144820153842,2.119216433727109,1.2080669836210902,-0.800188031154951,-1.3096437401974372,-1.340783853778005,-1.2743608113578415,-1.5180109834505742,0.8839436612310642,1.5618239252986015,0.5237494361809366,0.4351336674008054,1.7043249181959814
SYN3_0842,-1.2353987009032286,0.5326185659620992,0.18064617998476212,-0.6824291331405973,-1.0760810112789478,-0.4174781879649017,-0.20967348272192696,-0.5328601584094613,-2.24777137005481,-2.3447957135026183,-0.7372230788893587,1.6475327565811142,0.2879217107003514,1.3908417150636752,-1.2506840881410883,-0.49612918319072363,1.5220261553180419,0.6711661908947457,0.9878447664316948,-0.8307948460862249,-1.95482009081839,-0.3163685939286446,-1.2324210084891127,-0.3522577334001344,-0.016915468818574485,-0.8725306173000815,0.23189989880193135,0.6377257805643488,1.5496505283729383,1.8543092256937204,-0.013247777971019935,0.1420840441277758,0.46896958096633573,-0.39396355521750237,2.0984198268272722
SYN3_0843,1.0512668485818133,-0.19732201804787672,1.0815211686557795,0.8545424942486357,-0.10166455006648782,-0.6749507215543293,0.028583224232374624,0.9955772925979303,1.3473704197833505,-1.3863960137292202,-0.34976671264821696,-1.630375185868623,-0.3463488290432035,0.18318439377969664,-1.728256351644287,-0.7326207353633782,-0.6207785732530583,1.192329202707291,-0.6110744053130139,0.03105647460852961,0.29829397236073146,0.41706126005649635,-1.8109884262253537,-0.4358749311431088,-0.6401444523944964,-0.11266446983846236,-0.7131805251579632,-0.4471750385115075,0.5021289970749897,0.568308198545452,0.8973138762858458,0.951595040883419,1.8029454621799368,0.12679435287346652,1.1371758073188625
SYN3_0844,0.9389668257167618,0.5102371399859664,0.46731888681105077,0.4861476365158883,-0.5835151981181071,-0.7204460925984477,0.18702132689454903,0.2883811862662609,0.7803205971750142,0.07317466716830182,-0.17712951644007274,-0.05783803755209653,-0.3238637178551472,-1.5316042046926293,-0.9207737141330908,0.5142187997336832,-0.056020776917337506,1.3939381446059524,0.33214926026251457,0.5378481818358289,1.56090697844572,1.0550476659047432,0.3640329106473885,-0.37880070965512713,-1.0750238058453958,0.6246642919663655,1.9191491449064806,0.6375539220786336,0.9972153680221099,0.15648022627389435,-0.26859067970418654,0.27642799227194104,-1.1580190807022732,-0.467481182302153,-0.5962411602544198
SYN3_0845,1.4145113881151183,2.4160794166992714,0.7703372258481194,0.2381869158449892,0.7696415760385115,0.18047541483704654,-0.3574103335649973,0.056048039497102936,0.544331724754702,0.707702729097438,-0.3966881108203648,-0.15142372990527375,0.14495546622989658,-0.7589175080638015,0.08805692072600381,2.4533996867163754,1.7969490805585935,1.0580104848707923,0.3446021944443516,-1.3584571818402205,-2.1401333894179984,-0.33274675719948044,-1.336208434251586,-0.14812025915771274,-1.024110809158987,1.5139102113705696,0.8848421966631249,0.3686421617206871,-0.5388148870107151,1.2956133444974924,-0.8795825523056289,1.4180946580801637,0.15668943229479446,1.461084028666671,1.2771148959229224
SYN3_0846,0.024758924923819158,0.416284742933253,1.9151513247322702,2.133044937514616,-0.49923055198852684,0.09335265310034321,1.9222067036253065,1.779639304454483,1.1584944209587493,0.7674384240638785,-0.7188864436470401,0.4016977063292451,0.6696863284686589,-0.3955395143824028,-1.4738685362650061,-0.9381111314897641,0.454876122872667,-2.388119494188412,0.6817757414612038,-0.06871048642599352,-0.6268922331532503,-1.1262936469470093,-0.37602206882463846,0.43044733415385,-0.9256713379938214,-0.10043677344132737,0.39325625669767,-0.3552095884036286,1.384612018512728,0.955819726783961,0.7138964621060617,-0.8296019702830724,1.3289269347356811,1.0273951528787064,0.6387621666687753
SYN3_0847,0.47140319035321937,0.8066941842349147,-0.11143468496646938,1.0682783566204477,0.9289467218090003,2.2990919362205817,1.5587157809093626,1.3060320338065186,0.7206053288158802,0.5175055572085691,0.07469142948886881,-2.005511581916038,0.1936250528433944,1.1722872618213567,0.5216990525420769,-0.21149144646431373,-0.18090545958774445,-0.09453051101008601,0.149176184410525,1.961274599103443,0.899860299876331,0.06927253954821809,-0.4965795169714981,0.36174156477916514,-1.412138035729502,-1.518498915530066,-0.34087381523595106,1.144848171438244,-1.4131283905845,-1.8236838409100093,-0.058768776229247026,0.279420135146509,-1.083726353659118,-1.0462479368076463,-1.3049691709105593
SYN3_0848,-1.720357057478293,-0.3345232834279643,-1.0059031547929316,-0.7412576746480604,-1.8673232355650513,-1.901845475330918,0.8249466723989055,-0.178881110681129,-0.37650565969993466,-1.2118008775562348,-1.3924719750821577,-0.08179179302502586,-0.8800192028687506,-1.2283705808151706,-1.1926852563681227,-0.03282415168708183,-0.14711826865861724,0.0568446864952808,-0.22566458202147746,-0.4583044204486693,0.24240644204860215,-0.29399037096013697,-0.014926872672602948,1.1219036764974475,0.8550016058012351,-1.6201255010263533,0.9775402789969101,-0.3505797237836951,0.8117033512401236,-0.8570873728241791,-0.403731568105362,-0.6667931493644359,-1.7948676188342811,-0.8607005074930703,-0.3038569364096124
SYN3_0849,-0.7829925123184086,0.037196195870900194,0.0040960611753009775,-0.18279041214602276,0.9567969057368988,-0.6033922241206328,-0.34655587718353875,-1.526914212129707,-1.7389735043060837,-1.0229476501031671,-0.33383390705882615,-0.45790770004244746,0.8881957441043259,0.7208705527943612,0.9983068115980911,-0.1601993323588419,0.8121231191796362,0.538323572603574,0.6814778433634511,1.0676436714720623,0.05540710053376626,-0.5627831167228206,-0.3076164038355218,-0.7866254283763255,0.35760688490334863,0.0678109462734653,0.5140462273459256,-0.18832341752174028,-0.4323857039056062,-0.6071500686789395,-0.021434799075058485,-0.47328522089123054,-0.9484673369993631,0.8482580195307918,1.6959455825998586
SYN3_0850,-0.848574171982301,3.057833988374853,1.6710182005529166,-0.23511306679495378,-0.4520488287496687,-1.3883493291817566,1.3890330652658218,1.5745110510791192,2.3686664578991072,0.061432177914414896,-0.551081186267328,-0.3006232236386329,3.123390229958056,1.8182484734557145,0.13994422846705665,0.10541839964701598,0.6019662654615145,0.9015347534250799,-0.27618915708841096,-1.84868386127774,-0.6626930237705821,-0.6321579557846015,0.43102175926494896,-0.29349164667998706,0.2569354859618523,-0.38918303383168773,-0.2314593493562228,1.33575456594818,1.1719223812864092,1.6672492619060493,-0.8884669873613178,1.5285754366311202,-0.495047424616413,1.2806724855977663,0.4613457788979654
SYN3_0851,0.8761165719585828,0.29556179184176723,0.7928343889465024,0.7806319778305814,1.1853439204196479,0.5177011504771121,1.2753368995952907,-1.0936919186989473,1.5967613962096177,1.5319220819746335,0.9942345111691049,1.309664216838394,-0.8924591089447037,-0.7146378172073627,-1.755177885529221,0.43681016366076264,0.48779916222652353,-0.3042971715802996,-1.2854390757080454,0.08347442573416254,-1.1312329675681707,1.086239582175798,0.1602246906912998,-0.4971203965605208,0.29993396347097034,-0.2698682057086044,-0.9382522890226203,0.23940986979262824,-0.6137513122856305,-0.6267965363605239,-0.008490224671906835,-0.4252437911706857,-0.3125002293619107,1.771570463853142,1.120212111642608
SYN3_0852,-0.600335522192221,-0.12155375790442745,0.17341931656858856,0.4433682640636232,-0.4530185562789658,-0.9820090143337377,-2.7163961129623657,-1.2988481983996787,-0.5821834295995086,1.3503382717983223,-0.3891040547650835,0.05715416403802944,0.43862363954393285,0.14003821661166704,0.3365908852281488,2.159592231064712,-0.21799137275583855,0.19525942309547645,0.02964537558230364,-0.23564720111786905,0.6751622987435518,0.02280307701624056,-0.04428726717553166,0.8627714149688757,-0.6583371325454915,-0.7771627953394362,1.2496194356142776,0.7026694991078247,1.4223556042593413,0.6730002153292258,-1.087422252307815,-1.666173975103322,-1.6501678199556415,-0.4557546978229779,0.17361796151072403
SYN3_0853,0.13487048138790328,0.39175882639553244,-0.5203966790362599,0.44209760920929764,-0.8867170874467064,-0.9921183593647577,-1.5023799332780392,0.30314073109590156,-0.187713373526516,1.1192165994980023,0.5520794122239782,0.2147681442178052,-1.0974604020418746,-1.5752572987449383,-1.8522287113697085,-1.1515060658768836,-1.2879352443553689,-0.22619952091092263,0.3821037745964577,0.28426441143078385,-0.5840472894702425,-0.3609495331826407,0.42835561219160034,-0.06136705098847494,-0.07542060494444865,-0.15908773855299976,0.47402113988502625,0.0020592727033273725,1.362308347508903,0.28463495915893394,2.0487140981628054,-0.8530651131898055,-0.11654223857666923,1.1267418391572652,-0.8159649638638515
SYN3_0854,2.105205157377116,-1.2258984360651501,-0.6513451514555085,-0.8284986180697484,1.3610335858488078,-0.09844217411333875,0.5390104549009261,1.1786013482802757,0.40425771067902116,0.9428055662899074,1.1301502415166427,0.5666631207988295,0.11379644406856097,0.681307568216681,-0.8573320950481493,-0.8153161674425675,0.8732007737045312,0.1376791454082939,1.289328749988497,1.8127278412326429,1.3225705621977208,0.9898396873567913,-0.45077242560803965,-1.7597793430731439,-2.171106358503072,-1.2848339882894775,0.08964752978659667,0.16307607571038993,0.041230365820925756,0.1502471785731136,-0.763473374144756,-0.28629979590488935,1.0823211060170521,1.4786291435300807,0.7251676327062186
SYN3_0855,0.30768459242196744,-0.011906593896731005,-0.4177097918393428,-0.8208643753063495,-0.011900287920446312,2.0019323200967647,1.103967678859759,0.5315738147445526,-0.6274515991027978,-0.8032237733796981,-0.8833539989693383,-1.516680932665301,0.6140350723672132,0.15255611996777674,-1.61537895018362,-0.10202036150912563,-0.3989853122208435,-0.4037587578493075,1.113097697149352,2.204142567402028,0.4660604390643651,1.4267889639216271,0.9698010473327248,1.7161742069193173,0.4595071107571951,1.105122557263637,0.24825090995362836,1.0608445357962772,0.10815582887854341,-0.5490414032525877,-1.0649542643619874,-0.9209705814602693,1.1127654844103607,-1.4427047179485384,-1.5106119428634281
SYN3_0856,-0.4471552656056953,-1.1385442197791789,-1.1681940307685406,-1.3832797243717248,1.0110784605694552,1.592091064118253,1.1943969693427816,0.40646395920513945,-0.5098975390899038,1.9004697794546317,0.9231367029356072,0.06230437574524336,-0.14747647697332616,0.7823349887200756,0.5133606082534886,2.6434378488244605,2.457928762239904,0.49630346375341833,-0.8125557381967338,0.7310220624188973,0.19776710152707117,-0.6359702345229767,0.4258015370839533,-1.6456500810916748,0.5413914084589461,0.7977701839117484,0.8471849003606418,0.6564707412000342,1.1899359397334712,0.24704288145319675,-1.1584435725314701,-1.7153611613984054,-0.9176124140560378,1.3214831953262964,1.489248668562733
SYN3_0857,0.1284257558747276,-0.2431755237606485,-0.7625575745665727,0.08772309854881534,0.6885763023842365,1.4632039682497342,-0.6288502426246602,0.4502661179666133,-0.06727472698318743,1.2365808688554998,1.0877881798609301,0.680995647506827,-0.9868259049236456,-1.7651838648002205,-0.4188969019744018,-1.1934421281437455,0.6118384649876858,0.6094891169497768,0.25191664226268856,-0.544522102155411,-1.1560865438977517,-1.3453174631215874,0.36881641817907446,1.4794004619149685,-0.17610965580140722,-0.7388860630806394,-0.6795305910771781,1.0340216062600311,2.1150593697678888,0.49737746991531706,-1.1071747388018311,-0.5578310465534656,2.3011552964751987,1.226307215226902,1.5586991912465946
SYN3_0858,1.3858578676124618,-0.4084712686131109,-0.5382178455433669,0.531849775472821,-0.013819444829755735,0.18496159173716137,0.748125115564056,-0.35621186522390325,-0.3641207889613757,0.2410933982203448,0.8912388699476392,0.5821724607519145,1.1660364108087522,1.8300729167317045,0.17610446635709812,-0.7496935742819584,-0.23359090922983372,0.3804234009324899,1.289629427058108,0.37879636334047606,0.8675790271931001,1.0420096554351117,-0.6583373981055922,-0.4903137429176795,-0.8021736255475787,-0.9418513532913857,0.006986256833778486,1.623333982454544,1.3128594607028992,-0.09191281640033507,0.9408991718027055,0.13425028257712732,0.34075435394461634,-0.12049402373795709,-0.4914021470874221
SYN3_0859,-1.1449704883626588,-0.4872088848266916,-0.8057145970932277,0.5640558557594152,-0.25302658108774545,1.0960389902664363,-0.6916892549871935,-0.8098266395088316,-0.7327550635311068,-2.051075495105665,-1.0990685020029178,-0.3400025701486265,-0.763969338076057,0.3925759159290349,-1.2940754353036437,-0.6167302424012536,-0.7105651146972783,0.044830471209658655,0.5124745535707932,0.6620118510886349,0.3088961325198568,0.32135229630403694,0.579329065213711,0.3155257183710084,-1.4565049761450162,-0.8232089487607639,0.7899153115897432,0.39197876145150373,-0.6328415964175415,-2.591778305292816,-2.652385786266381,-2.1151857131671377,1.7295841094420423,1.5172195307518201,0.9568815789626921
SYN3_0860,-1.3891273845660816,0.34718176507270526,-0.2984414782005515,-1.203702239079602,-1.197509266125238,-1.1254139467264814,-0.0825041474581283,-0.4924353560689999,-0.04197382497121152,1.0205763217699722,0.04511809313203865,-1.4790881649139074,-1.1594356967882549,-0.6930006513971899,-0.4793705138919802,0.1995896777093707,0.5789533288221768,1.1831003006169738,-0.31998905964353197,0.5868160763629744,0.3872004181430815,0.8352765332570665,0.045328628932378254,-0.9971999363725557,-1.0999778867805066,-1.349420692099226,-0.9375743101167697,-0.7477223675236578,-1.1249763766563812,-1.5007731787088805,-0.6257254339830468,1.0552910954071895,-1.9646708250735059,-1.1629915602117362,0.3439390923064079
SYN3_0861,-0.5597557013846893,0.39438786859887315,-1.3900865250083296,0.5226997943464236,0.11687309707027393,-0.1674759140295869,-0.3452347946957603,-2.306129470662223,-0.18778445809985578,0.08559011694445659,2.5939030728110666,0.9889896556390648,0.1152673837157698,1.0877744105058238,-0.5210834382614202,0.24499745283537797,-1.2254253214455704,-0.6926290319745213,-0.21479865819005972,-0.43950598733404234,0.4684409444636659,-0.675633939614411,-1.3192875184675823,-1.7404446081352858,0.019284312504820753,1.345817644745363,0.6687536919841651,0.6960160769952201,0.5717365483986773,-0.5945987021224572,1.1398900517875916,2.5786952940646843,0.013956445964611998,1.8537195730129528,1.2521506837777496
SYN3_0862,-1.4530909170399129,-0.4545743493295416,-0.6299411659685955,-1.7781034553523403,-0.7951413063323157,1.340437395391065,1.4454245634071043,0.7816162955631184,-1.0218370018698515,-1.1255642494937832,-0.0016233100921727815,1.3425609902038047,0.6071083362760579,0.4681662913281932,-0.3040565366592441,0.4956440896622826,0.30239010108945924,0.6705979486319645,-0.1828723514693012,-2.3452920997571733,-0.4036582320252982,-0.18251877113607082,1.8413178613264345,0.17419828564470474,1.3220942827137157,1.9580872787762618,2.740263521246987,0.961809481886943,-0.9662424352999781,-1.0825985980745452,-1.0441605906068998,1.3668911556836052,-0.5452824898394523,0.35936033412544505,-0.5294141487305442
SYN3_0863,-1.4988707094279654,0.23810226528090445,-0.8401806197859454,-1.003747735199343,-0.9245297737878698,-0.9505530174810412,-2.3924679161537394,-1.0513359750710027,-1.069623658773625,-0.19965503069167265,-0.07176554267659328,-1.0863976571386107,0.7094540692737338,0.030071062043980475,-0.7747969854609519,0.3833937243957582,-0.787733377391607,0.9197204696991418,1.0981410023883178,-0.9367448015860078,-0.8471032115605268,-1.4932574450734788,0.22758488834119972,-0.4547168748886119,-0.6938264528580573,0.10832643382310125,-1.08161269272712,-1.7084091347239612,0.3256002645299541,1.3147503457303105,-0.9999179240410316,-1.2887131322623082,-0.24565836712863193,-0.5548643469041062,-0.7578666544601911
SYN3_0864,-0.31196772276031826,-0.5871111105666421,-1.703598778927027,-0.19050633822163976,-1.6147402798863868,0.5488354193935453,0.9533450960154961,0.17249941296773721,0.005450441341291596,-0.07598608194513845,-0.09932852981616039,-0.4511051929271785,-0.4777660936382093,-0.19650811229529544,2.1125063646047866,0.15451727986837863,-0.1055722070710432,-0.22531090980133772,-0.9392251253135574,-0.3150628461090437,1.108928385863102,-0.5539871709858729,-0.3308234528138347,0.02990088717634275,-1.3213146808999983,-0.22424708136001864,-1.2202455636729743,0.2823396533370911,0.9782802390558499,-0.5131042415601722,-0.41592830136697134,0.4088736675667334,0.2763314920062629,1.32600056438282,1.4131744141024658
SYN3_0865,-0.4939576004084454,-0.08647519169869332,-1.4268122354705162,-0.1974151068731673,-1.2399806141947551,-1.8855246911061894,0.4831090543581895,-0.36288264383098273,1.0192002310822583,1.1033086813072188,1.0985038278088257,1.2519387716382635,0.5779494797255996,-0.41832244419443887,0.3730064859237835,1.7176903227378795,0.6929103818456702,-0.15142950901910293,0.499525533352641,-1.2904681725461837,-1.6594205446148809,-1.8446498123642656,-0.9667298656105925,0.7341630047217288,0.37133581290596435,0.46318359516442204,-0.9085846415963825,-0.8801495356092403,-0.5266877585668788,-0.1475151340257274,-1.7600974229213564,-0.7411679425543244,-0.3692142267336774,-0.05822619919236589,0.6055897703643136
SYN3_0866,0.18192041730866543,0.42738143839915516,0.8124378093170461,-1.4511839235003725,-0.1588178980548333,0.7830006939788279,0.5111175434787967,0.29380714046948386,-0.8873998693691943,2.4299172619098868,0.6944885584318081,0.06572439985210451,-1.193435745624004,-3.216903118990918,-1.1595570080949147,0.7645608915164236,1.8328082713990217,-0.44116481470231156,-1.5836080749038026,-1.3869470483273834,-2.3021205291405495,-0.18799684067158565,0.17384510742230622,0.29249907000562647,1.364573361657362,0.7958469970248854,-0.6913331264091558,-0.14202251026731438,-0.32089244907788367,0.7210594514396602,-0.17135323595095894,-0.6818068327487531,0.6222952366128223,0.7370850169077099,-0.7710194763891695
SYN3_0867,1.184404160003894,-0.1477427910706492,1.4412000812380914,2.2354147837749383,1.50485963440937,-0.9128276744866425,-0.14716358059094922,1.412834410363569,1.216692063732883,-1.2172536450035452,0.22155337039567138,-0.35339119423867066,-0.25382768817915546,-1.1220237269708888,-0.9049197751219479,0.9090370101350022,2.171212698499466,1.552449773751451,0.7345982046500781,-0.6749937616518253,-1.8369180973265355,-0.26811335118846064,-0.2488824225986306,0.4294659295184987,1.5350720773321718,1.6458510030406448,2.3703324716741894,1.2808989072699384,-0.47157422710416846,0.1401711170666113,-0.29626046747935564,-0.32047381663493224,0.1607130724788116,0.3969229902550996,1.026289129953514
SYN3_0868,0.6673544690633727,1.620669991352151,0.9869875438586392,0.6674150262011901,-0.3217289977476258,0.057787047092561966,0.4088628896735208,0.6652814913425248,-0.6817449403697392,-1.4397332933399458,0.3452585983575286,-0.7871615574350231,-1.1451718345924684,0.1351383493806491,-0.3789594209016116,-0.820436213256287,0.23662960021528173,0.6084337720940146,1.2171782245158427,-0.1656225328075888,0.20089912730342852,-1.280696170870338,-1.3164098469124774,-0.3614438295050028,-1.2408510614994017,-0.668478236129398,-0.48839891645672473,-1.2718531389385315,-1.2946398901221645,-1.4259891655266173,0.2689880135149405,1.6601692193120925,1.0843784879968066,1.3726728183526982,0.5972917653776644
SYN3_0869,1.4224054228508722,-0.9123908405142368,-1.3541481850870425,0.682751868921564,0.2436921683662768,1.0133094997460765,0.011583338045056018,-0.07508080644255756,0.8959578835647891,0.14288016611238347,0.7671301023814424,-0.5770401876365512,-0.8063296543504489,-0.5768277743836682,1.0039675094199434,1.8787763278129157,1.6445769433938098,0.5613206239023864,-0.5275098051691849,1.2151219201590435,1.4941632822001665,1.091066195727338,-0.6961185817016142,-1.3811469642610932,-1.6643500544150902,2.576453025631668,1.7652380116138553,-0.013959179058432246,0.7368704998395751,-0.365819730158957,-1.091685155644568,-0.8991694959163165,-0.15925706348487056,-0.9958037947285682,-1.6177698071134223
SYN3_0870,-0.5758520476977402,1.5271436301176906,1.2621615411000433,0.14080274424346295,1.8547896320339232,0.5176723223027399,0.2706646542756918,0.7888278163638548,0.7152778763557581,-2.2262711908833857,-1.558584180219851,0.20192135522758167,-0.4169502212225808,3.1006797121574547,1.4301026692259124,-0.6934717545096424,-0.8453598924178535,0.6332395016791845,-0.7302905390709113,-0.6214136417378255,-0.7983915620422005,-1.144327033133242,-1.8826981827052134,-1.4179432338600635,-1.8901348172892405,-0.6490070373928724,0.35004252106360695,1.236051862061138,0.7465465429291529,1.560645357204782,0.4494299906653159,1.4315708420862423,1.726747734022638,0.8721801047488177,0.7599184599824927
SYN3_0871,-1.0308343879274353,1.0862296236708755,0.28451325101774544,0.20789907025749987,-0.33956316849524926,-0.2794916261854861,-0.9420472013207484,-0.20001595646747894,-1.0240396910075475,0.45529825540731217,-1.014970534526228,-1.9201620720500812,-1.6625380789001936,-0.7548762566521175,1.8094540404553245,0.9823479155013648,-0.48423173882485404,-1.0079873356113642,1.0325644432867556,1.3009650044205785,0.980502643802054,0.9347011381247653,0.4346406584606676,-0.13340516341194616,-0.4631851125587877,-1.699835694067615,-1.534696253976148,0.33999257093680096,-0.4414853947129203,1.5647699175615721,1.2880271300689143,0.3756793598990447,0.16612360944641769,-0.23630707625300224,0.08222456402944152
SYN3_0872,0.9478464856852598,-0.1726263201415113,0.32387031226684926,1.679934161311819,2.6229333330781857,1.0501818234363276,-0.49363353763195755,0.7506620579802624,0.09606551594192525,0.22905038218727122,0.24620558867604952,0.10726731139185317,-0.6062617893007004,-1.6705038233432186,-0.9928818176381559,-1.3992845983318378,-0.9873950552853293,0.7115397842768503,-0.3845214639643726,-0.10928789075819674,-0.11089895074873901,-1.1921550048046314,-0.792302772420075,-0.07501298178987043,0.5242697157778764,1.3852917046591493,-0.9650106974246534,-0.2133371857673111,1.6746428182511066,-0.09671613715540585,1.8369002653778774,0.6624157971542998,0.6541269736783843,0.022359034892577886,-0.35973438397946517
SYN3_0873,-0.36023189233389913,0.20181372504501324,-1.4908099694703374,-0.7689210078786234,0.1780610854605537,0.3549016077467724,1.526479933419973,0.2794274134595002,-0.6416935046296206,0.9595904127988342,1.1114691947941504,-0.4615059840132563,1.0600872294798391,-0.3832046189248104,-0.09661267679915322,-0.9968630279895989,0.26387168162518176,-1.3191002333348532,0.2429034477158975,1.6204040812476885,0.38818424433955573,-2.0045069677060736,0.3168936616920407,0.11714400993718904,1.4321997420507526,-0.7524817676186208,0.9063520229297474,0.11532099288527661,0.8377770491190077,-1.209010395391433,-1.5134035239329735,-0.4545825193466079,0.237002621315978,0.5567762554018078,-0.8752956007640393
SYN3_0874,-0.6272277897152538,0.5042805285166707,-0.6758546288121906,0.5951999963909492,-1.0297448688677375,-1.7481121730794904,-0.017328782591131665,0.9062615286728279,-0.9141190736233932,-0.863365334550048,-1.377742192131266,-0.9377238404540684,1.1683133739232325,0.7159549170171161,0.9213690888944525,0.28800311805558737,0.1810915539888389,0.781780587509237,0.4171123702739578,1.1197609247399605,-1.1338438195942517,-1.6150614627597166,-0.358518594384485,-0.7271691934325106,-1.4283024152553785,-1.1038764327149524,0.41436159744077483,0.36972602632894663,0.6230205793762903,0.7871831662815985,1.05728267281742,-0.8024549470787401,-0.9487376911440336,1.9320163311065823,0.5664359467115773
SYN3_0875,0.1292718362241309,0.8340014501645174,0.43305548758452406,-1.179244288411581,-0.4320732064067448,1.909369357349021,-0.836574102535547,-1.5100104481954153,-2.0622946573906886,0.9247034700797948,-0.7155315467166498,-0.399403773977669,0.01872270933887552,1.6025952792491196,1.9316773287424398,0.26884692916327635,-1.3305975466239888,-0.5981861600960499,-1.265766604844362,0.07686212266028684,-1.4327197408166785,0.3716814708750138,0.25549521741086617,0.3902554737446189,0.24521424545981002,-0.8957136294992437,1.1718899853211138,2.060613151753333,0.7101522698462767,-1.4569025026372455,0.5512115903577,-0.9181920106761914,-0.9971411627182739,-1.7221217470077894,-1.1840800184672982
SYN3_0876,-0.38418839397121374,0.0640696448129075,-0.031642755576867125,0.38000595705071655,-0.9442643768900983,0.005598383908304281,-1.5404591735167679,-1.690468100865729,-1.0150280839016905,1.0724757224595716,0.6889062615002403,-0.20722592825650518,0.06486743179298696,-0.11455694368771493,0.7476018943571028,-0.05514127458687651,-1.1284769062317141,-0.7080056249984645,0.19806049035995774,-0.31469976463859406,-0.9598929588833566,1.4155810482066746,-0.3789253575411499,0.47350383906029064,1.3243406281117827,0.9758749106911241,1.160643519235746,0.512929806645592,0.9742930599859916,-2.4490319887689442,-2.1258864918159497,-1.567011064747894,0.09472555441335707,2.4814700801564236,-0.3969231141673456
SYN3_0877,0.5101152198624238,0.35341976122828866,0.3857521925131886,0.0610155155430226,-1.2048553121982795,-1.8979841684872771,-0.8073609162352835,-0.6802137491400988,-0.24957922952886283,0.3197947004994956,0.4822478870564756,0.23841487568254982,-0.48740915072105895,0.0892867645229541,-0.7455591201993367,0.439693057399821,-0.9822101289261779,-0.548223056703759,0.7128559728887613,-0.08669661638897246,0.48535974833817613,1.7344510460849718,1.152887292710016,0.1941930069335031,2.15666977037213,0.05160456858232532,-0.4598249296642575,0.11987213956795661,-0.415118476532668,-0.8661770723683797,-0.39779387491461216,-0.4180822753807272,-0.34900728776897133,0.8645760176186793,-1.1207791847109068
SYN3_0878,0.35849290821175456,-0.5442477100959733,-1.3757174402886965,0.1207810657788106,-0.7716443164857179,0.7205598732076713,2.3864329111340084,-0.18805686625984036,-1.6043722502654927,-0.6313051507770086,-0.13399883096219997,-0.5193594147251389,-0.7354430645834074,0.10828620990795501,0.26539145075964377,0.09350702896038615,0.9364923047121562,0.7858261720511166,2.0569554609863694,0.4643646549884413,0.7092118839509816,0.9060872718549798,0.8751121767113036,-0.07298323392554229,-1.5073333451271562,-1.3206652189915116,0.024102723431388078,1.3505902966794112,0.5363127450108851,-1.0904099620894414,-0.3069532756150177,0.2880517295453899,1.1471064754766211,0.47775657040717623,-1.0498189001159766
SYN3_0879,0.48489918756812733,0.9572812783919834,-0.0344944037962281,0.8375653299734672,-0.11261740509440797,-1.1383083984511657,-0.7728379791651524,-1.1681570710128022,-0.17732521935936235,1.052847813954766,0.38845909340109075,0.6148390717863621,-1.5063210372981188,-0.4265756635538068,0.8670768312215562,-0.8522197166026043,0.10949227543145534,-0.6896519793576024,0.6553254365539555,-1.790883207748027,-0.1502045282461891,0.6999483617504811,1.8115655884391,0.11195849640821892,-0.24871560483058502,0.1556733391856589,0.5014655787529255,1.1370656382818316,0.8229222835790831,0.6593876336872985,-1.3157126572145943,-0.16803993239551565,-0.17946189329732223,-0.7730556066874185,-0.012176987010903565
SYN3_0880,-0.11810389635028745,1.1814653937974038,0.772926626492352,-0.1681372888595258,-2.130263057645211,-0.7055657071506071,-1.4975146260687893,0.20762066574908417,0.5814483607800639,1.1213075672627164,0.07273787542209707,-1.57124849313645,-1.2005708667279809,0.9013063476735176,-1.1131406031027269,-0.14059823067049998,0.07989472610046992,-0.7445144096286401,0.009299145795762962,-0.7505805163093141,-0.87884726478137,-1.0722256061231403,0.37546319838019215,0.7052012734048659,1.741707840971681,0.21388534724267494,-0.8297360738280529,-0.05629004419988326,2.0288119662212623,1.4690534153722363,0.28661810744904326,1.3011485634438151,2.0675894282425045,1.2918931752857679,-0.35856882952436964
SYN3_0881,1.46797907449958,0.41849365310058706,0.09264515311471133,1.2945007066345964,-0.3161862004009929,1.4482136218578816,0.22615937566746885,1.0395174810587222,0.07166908770321029,-0.8849464891556811,-0.3954339282044127,-0.039797962514039976,-1.5932331047024473,0.9485354246769908,0.9360695988726436,0.517327334149044,0.7756275943998463,1.7195339997496075,1.5070311921752109,1.5003893826899881,-0.19698673841883166,-0.13310199863166755,0.6852234205150188,-1.4359505590231887,-0.9453979133269783,-0.44845257467351235,-0.21543139792528446,-1.933409926923735,0.6563873196266741,0.21479997177531068,0.7285704035564491,0.8383524841429714,0.03068280035941337,0.010781108441325751,-0.664280525169689
SYN3_0882,-0.5518989716989259,-0.32753401191397663,-0.4415700022300356,-2.44835646466005,-0.7275682969844437,-0.13858206357005806,0.639278264462009,-0.13898011421782736,0.6128491696868842,-1.0159829408214203,0.02188815734764079,-0.316853725986629,-1.4684021029161578,-0.03382319000707661,-0.04954713413303493,0.9904339763435978,0.481787855287098,0.7468619168295176,0.26933816795278614,-0.22312761080664112,-1.1860638367185887,0.09091146495372289,-0.9696133055496031,-1.4262329033481798,1.6996953091085694,0.4189871248647138,0.022809016493732428,0.8739808593461768,0.6750679576306228,0.8543140841211108,0.4460795184242398,-0.19491360677354524,-1.479182998827415,-2.1805019887313537,-0.25941198898864987
SYN3_0883,0.12806744288241942,0.40342265180887305,2.6758841698509768,0.32601657950297375,-0.42176323161840656,-1.11370591025725,1.1816761885506197,1.2315930374055912,-0.39171777608797986,0.6955589860125923,-0.5625869493510419,0.9204640680835745,1.0217932196720894,1.1398620533423731,0.7095219930116642,-0.7663394433880025,0.0033387157924880963,-0.6990392892187777,-0.43137405292653364,-0.36362602788253173,1.266685422496506,-1.8556787743788044,-0.16976036905956288,-1.5413455090237935,-0.691877285304822,-0.30595347599318495,-0.47523849317130984,-0.2836116943207535,-0.9701658433396643,0.3763022633115533,-0.7232698089069669,-0.9325250086253002,1.2236972210487975,2.500381157113689,1.648872156743034
SYN3_0884,0.42288688701327776,-0.6064777558944142,1.5397883951476883,0.4927723195442068,0.515185912199959,0.509065522802442,-0.814548680925469,-1.056521776177557,-0.8684217187650456,-0.7497113266760256,-0.14581171918228408,1.2211130997706152,0.03030707498277297,0.4531560534284417,0.3555780461077702,-0.14795790915038182,1.2956759808570446,0.9394395970350558,1.0842364446447823,0.03387923478629382,-0.4854152339814994,0.7902907425090032,-1.8954572784045058,-1.4924941554512774,-1.4031711041704602,0.2557511228685631,0.4652048194891358,-1.1253331085468354,0.20054765496898028,-0.499186580528328,-0.6718075916296117,-1.201525430619681,-0.9948159135735962,-1.0563432346257564,0.8956331295310799
SYN3_0885,-0.4249296371874171,-0.032092033090231155,-1.0847708563023961,-0.48637589889693544,-0.460075307349506,-0.5253739172811196,-1.502600968327865,-0.6862683590486626,0.4664710261463213,2.04458361586553,0.6144094722003727,0.3834648495614903,-0.30395208867600154,1.4606708550220342,1.4218115542258003,0.5574804645208896,0.1474154121517443,0.7249425660694663,1.0263576106453898,-0.9220051389122479,1.3923752654987516,0.09968041116976911,-1.7294539354576957,-1.0226639618651698,-0.783349422425302,1.3702594572558426,-0.09166308649694035,-0.18702891353910245,-1.3478969139116463,-1.2575743449803314,-0.8285283811537975,0.3115519382656279,-0.8582388059079517,-1.0210288363207285,-1.2240169468207467
SYN3_0886,-0.7436479521317024,-1.1560447703976517,0.9668510587489695,-0.613131985769597,0.47677659510170234,1.1615754135054115,2.7294368109128966,-1.189826916782108,0.3030314293749957,0.8277460099778369,-0.483656053632929,-0.8033713022444426,-1.0101379527729233,0.19042450825790888,0.3726291214166199,-1.4266040256008157,-0.7633973755394642,-1.3153028088618386,0.086173346537372,0.4707658362321474,-0.09336178690109613,1.5807455137923456,0.1451920926722682,0.5197858446519863,-0.43875307906540517,0.5163090955994172,-0.08934908236016859,-0.9975338515383747,-0.6939386188441673,0.733203471575562,1.0219004854413396,0.8596401748667306,-0.49230946875046605,0.6999095432399792,-1.0595104393856174
SYN3_0887,0.7071510778444033,-0.5977405684704803,1.3159288625266317,0.3106273494406753,-0.10748285315509268,0.07102259509035587,-1.4009484187073933,-0.2308285884753297,-0.4216368226392966,-0.4009792734666875,-1.0383845781416996,-1.5803567281431319,-1.5202064385735374,-1.2943096491936232,-0.02243555904247652,-1.0117789638466783,-1.5107101394706035,-0.12008341240415625,-1.2680220599401144,-1.732812752462936,-0.8085550231611817,1.1630958845620818,-0.4300364058434815,-0.1829579774581728,-0.27331208096168863,0.022356242174841907,0.6889694218444175,-0.14548888660720555,-0.02283573182147305,0.6777657755377811,-0.41959331064028915,0.17799727891501826,2.051663182303653,0.5208013967369406,0.5772697083995524
SYN3_0888,0.1161392371716659,-1.5245396409246632,-0.23099728095825436,-0.4613752707505905,-0.812985396405126,-0.40846540253717084,-0.01120493973029441,-0.5639676586815318,0.20380570910549864,-0.20550097013239618,-1.5643572940750192,0.634482814442864,1.558870620450564,0.8777324247391914,0.007718729540404044,-0.8043001384669572,-0.12902343944998101,-0.48266429354819335,-0.6834930080015095,1.1689230004899398,1.1485815939196593,0.3381277051773749,2.85094319865366,0.23470559875381095,0.7015481282492638,-0.9941210126957641,0.5715713110158009,0.7732410076766909,-1.7133785529449765,-0.2576397429164071,0.08898914607494832,-0.06935134373222444,0.4526282155651192,-2.014505529330168,0.03268703397865076
SYN3_0889,0.14849871795609737,-0.9280874533705977,0.3199968575734016,-0.4895395744766776,-1.1280384200023579,0.9376991591008659,0.45439624212772173,1.3720693192517384,-0.8338038330640449,-0.706512689884018,0.9946218088132044,0.9049567883287835,-0.5705389335058133,-1.5124373211436897,-0.39996280386705485,-0.6141228163301229,-1.3708838846631126,0.3439958800605642,0.7351297868056923,-0.9287719800823331,1.0131878647083137,-0.563590149149898,-0.9682604429786867,0.1054704869904992,-0.1489148532253756,-0.008279084830628359,0.37251602017519203,0.11459564545222382,-0.43169930412075763,-1.302735032854714,-0.10853242550622827,-1.0809607785524256,0.687632749150565,1.7687499286764314,-1.636600445348269
SYN3_0890,0.5718188985054039,1.0819919837905663,0.34093073218049436,0.6557891009048696,0.4665666155386624,0.7933804505029992,0.9086083622139375,0.8052292943930228,1.7311658896594293,1.0867995828461345,-0.5043026254997786,0.7784253750750865,-0.3919115046680696,0.815294660291454,1.4350163163872458,0.5809575025894456,0.08980594995674869,-0.6109037261831591,0.21808592200666121,-0.2724014842085398,-0.29245591792037695,-0.28237551103567093,-0.29608849049024766,-0.15244032392844378,0.7179328721313962,-0.8087334233173434,-1.022146635131259,-0.4906322680435517,-0.16019657835423728,-0.4279910398436389,1.5511531674412635,0.19672101963846356,0.584128559199171,-0.8758846225990774,-0.6185074021130658
SYN3_0891,0.9391609134353744,-0.4161206730522945,-0.2136228573061399,-0.6693305416034796,-0.5410803427803806,0.7035731723896274,1.9716219737305156,-0.014599883849767913,-0.233707213828939,1.816180356280483,3.0389718491392874,0.3660455348825039,0.25855392410359573,1.3174802492288202,0.6423396599855177,-0.05530673498247256,-1.2989430074338963,1.2310353682736814,-1.1429881738075813,-0.040810036191575805,0.8120314021151867,0.04203979693333866,1.0056658140907442,0.9012857674146914,0.5959725264654943,0.8047888667788466,-0.8035290366441493,0.5467912060842613,0.5699302051168104,1.1526340139210243,1.2308288258020836,0.6623693759498861,2.0767957888195703,-0.18930509142013355,-0.7421534951321487
SYN3_0892,-0.029567587711176818,-0.1321617270432836,0.7239648246091162,-1.3728202130413227,-1.8545253696030792,-0.1746599454475661,-0.9355890532731126,-0.7016193785980591,-0.6641063580862212,0.27524653239180935,0.01592371095171798,0.49724334301213186,-0.640179523547009,-0.34230367774040726,0.04164172904696827,1.3829356347989223,0.49363324141909504,-2.0687694243756076,-2.9536755246387307,-1.8256424702304623,-2.343894988736675,-2.229204224520083,-0.9588197406839407,-1.8901411391247465,0.5636450911789566,1.0142350933027369,-0.8222717451191262,0.703709908073887,0.31124174344254,-0.18628062310575122,-0.42175757473506426,0.3276777559243405,-1.0380716351227366,1.0975911427461282,-0.26349754808234
SYN3_0893,1.3204657700335916,0.206978073911657,0.5739468242102228,0.08403319572675724,0.034507956931059236,0.5814872905718339,-0.19340651738304246,0.22110009946654605,-0.07674154419703808,-1.254611985954338,-2.2596787038994264,-1.5054653373959492,-0.5612861803657985,-0.9897560430531283,-1.082072081390872,-1.0112548000220127,0.15907316590575082,-1.9472762592860913,-0.8862720187812135,-0.6789410522461384,-0.17883533837349563,-1.4875349328000476,-1.7965928314509525,0.01403427309338274,-0.2787946264101307,1.918395959037315,-1.9952864741027911,-0.7598150458218065,-0.7738325724698569,1.3062780279137913,0.4498426923558067,1.9364816325487526,-0.5111396225965206,0.7028763676705486,1.9519873885871235
SYN3_0894,0.1976664656104728,-0.8460847465248437,-0.6204347228776177,0.8675933223431944,0.8280634910965073,0.4906203948916984,-1.3901342681558884,-0.06110902143081028,0.9026643486503292,0.540574986535281,-0.1758547198685124,-0.8196797597130463,0.07781857608877446,0.12551356459726234,0.894934654437223,0.4957558881277333,0.14586575726700726,-0.002015806356312318,-0.9172285482413031,-0.6889294474149552,-0.6550276272473455,-2.8760733953288273,-1.3078711256739903,-1.492695197998535,-0.6263999100133752,-1.3915166887457626,0.7792233858003693,1.050099651904329,0.5132851391817957,-1.2694633875006573,0.45707875178007307,1.4550310787859173,0.12931321539226798,-0.4157067773363974,-1.001429375625847
SYN3_0895,-0.45568286584034523,-0.27623721728945466,-1.344780589383869,0.028105523475896885,0.6408796962237157,-0.4690683857924629,-1.2560217434141598,-0.2495280173152506,-0.1952320097941426,0.4053420295268426,1.3420820612076811,1.5082528899184247,-0.17319686395771916,0.10219913023983679,-0.16460438917128314,-1.7658565482879225,-0.039419654822147945,-0.8883023119929172,-0.6226479881869458,1.0889053945171885,1.1596562124078136,0.45480862951719603,0.2502098027611674,1.2207758219206621,1.297285620297487,-0.2586944960373009,-2.123043665509771,-1.0534768429861265,-0.6633473395988734,-2.3188065440263688,1.7273075436348968,-0.6017331285816038,-0.3273663548617612,-1.6085850793051983,-2.166606774511045
SYN3_0896,-0.31449072540600725,0.6362205067876743,2.4217131032671855,-0.016056880599913725,0.310719685949602,-0.5864816728369797,1.5100652998311959,1.8726797340122903,1.3953905878381387,0.927184495198812,-0.33240046549692676,-0.4237337846429267,-0.01978495179361555,-0.9742400810556043,-0.9544863421834456,-1.6316431895216286,-0.7296148681950426,-1.6921577355477704,-1.3138730580047866,-3.161733210799776,-0.05407558769747827,0.10080099267606449,0.11479761320438536,1.0992797241798187,0.6545088234563938,-0.06319333594405113,-0.589504323110292,-0.9899815778715789,-1.2505107196059386,-0.5072812796532415,-0.5390591450964803,-0.2993985853317822,0.97557591228597,-1.1444447897195982,-0.33071631464925444
SYN3_0897,-1.1434309188345382,-0.519256063735156,-1.1094356252408115,0.38737197916824473,-0.15953934870755704,0.8769159071191094,1.5929479119714824,0.15550569541887962,1.697532133343584,-0.49637184149405844,-1.7071418401178917,-0.34824036829092286,0.9022087057654503,0.008194425192104015,0.9708144244879793,0.4206417689030068,-0.6741300627346509,0.533227821634836,-1.001462395057227,-0.1857289765801599,0.2597318716639925,1.8127462980733313,0.7542474549105114,-0.5921686884419078,0.14362049829811366,0.41349874977857354,-0.5835985192387212,-1.3153910736165226,-0.2979727558931839,0.4660475501484009,-0.36875998586263886,-0.5511247482854694,-1.410358299735399,-1.32821025634315,0.13617558239627323
SYN3_0898,-0.9469919435434822,-1.8374770359016084,-0.3753385431843661,-0.5891510544758858,0.4596297331693116,-0.2687143557124247,1.1199164370313521,-0.28174781505671515,-0.29449927991620983,-0.36353501994118287,-0.9563121510518983,-0.6939891614272136,0.44771443877795686,0.7254097106409186,1.738780249114026,0.24621359873124052,0.8334801853858999,-0.2211822290742764,-0.6739220216990767,-0.49706623360583374,0.7098688740257229,0.2582092609710577,1.3611820031850885,0.29566106299473577,0.0034276188465480117,0.9758010321193258,-1.0739336524804457,0.39401176537473565,1.5115059288189618,-0.33922116474880043,-0.4586511300572145,1.1428244787664958,0.15396410985826525,0.7460946502437683,0.29293639813928435
SYN3_0899,0.319263953327114,-0.34312923162407183,-1.5797430189701707,-0.18893357448477952,-0.34878724209211703,-1.0073357645245296,0.25025838345950957,0.0071302752078042965,-0.15101412533146047,-0.1001907630205896,-0.79598392315906,-0.0694945123091239,-0.8654557082247252,-0.04735725280278184,-0.011290123557047298,-0.2300944708075958,-0.7191322921844407,-1.0152571806618056,-0.8597406709673989,0.11010632156855402,0.5570151767533469,-0.3911024249408858,0.8995652664642836,-0.007108240937303306,0.5061248758508496,-0.07918827016832822,1.0608579144596337,0.5078206807078416,-0.234792832100463,0.5829600161508615,0.3418902223517171,0.7275441234621742,-0.8053794529660019,0.4501360736544896,-0.8896763740980557
SYN3_0900,-0.6993800829167204,0.4598620419483459,0.5684845853092971,-0.3879491602488631,0.2485329685371214,0.9384429325611447,-0.3340648958031459,-1.1173515987557388,0.0993087463213485,-1.2515800411698448,0.34153685166557485,1.0700476137947688,0.9873387310932047,0.7331087611665811,-1.6349629124577403,-0.8322362817833536,-0.8094765179937278,0.83082799066496,0.7361800139828591,0.5155227421617512,0.5779094099358383,2.1616661362180194,0.5878853960980529,1.1061706978730965,-0.45893758346196906,1.93687191067737,0.3874594320283751,-0.30548382179663935,-0.12013113756426894,0.6301818379867267,-0.27821225924966736,-0.32002535604074656,-1.71795618862006,0.031494100935275784,-0.1780066563477623
SYN3_0901,-0.19499750184058703,-1.261255188532546,-0.2940240885456683,-1.6051832602625122,-0.5377460017224257,-0.42486349852199556,0.011093388479823246,0.9030256462160541,0.5305637418699312,-1.2988343847387727,-2.738968912135959,-0.3436003584907274,-0.16181646924579807,-0.40257703273232076,0.5636313218932221,1.9901414079127084,-1.1491075184886423,0.16118447936289051,-1.0237260615339212,-0.7890125087112793,-1.1883749677189088,0.5860669998946986,-0.7909836120248628,0.880713261337751,0.24448393813987832,-0.25413719320154904,-0.12305839936205636,0.08070946756907063,-0.9700083872175849,-1.650138294695838,-2.145509472933843,-1.4972103328228619,-0.15938527563426502,-0.27928512680112344,1.6481731649236913
SYN3_0902,-1.313774524235927,-1.0285929121388733,-1.1670792590160897,0.7176204288248481,1.2370979939243794,1.552485926228309,-0.2943933927905481,0.3181742208425125,-1.4818312655110084,-2.6724455199079773,-1.6571987409802307,0.05287146860702906,-0.4857015550723911,0.1980873378440225,0.6044604472441496,1.065229892278979,1.031972070095431,1.3229568416675872,0.08442364626528055,0.9978298773185228,1.0408503349251133,-1.5927281861312332,-1.2278148033179408,1.1818827020328795,2.260268181190218,1.1827606536699966,0.21789312146320497,0.35629234841504404,1.6970509901031485,0.0813640762228204,-0.950860513228094,1.4574623235254813,1.0501764326915255,-0.7613223105213703,0.17032536160232095
SYN3_0903,-0.16929659446639644,0.11790983389866769,2.4334485693083314,0.17171680700268427,-0.7357577968273669,-0.3198407251008211,0.6839668446035038,-0.5210218958491991,2.0883500850063474,1.2233961280289671,1.2204001689969257,2.0851001999263175,1.1696509703868114,1.7792333167681784,0.44745613106508586,-1.3424649132704303,-1.6716264832247243,-0.4840817987142657,-0.8120258050367972,-0.06534069930684899,0.8890233713830965,0.9485276743463502,-2.278496301800768,-1.8838049696714905,-0.0819197527729481,-0.4521681921955845,-1.5022399306212448,0.22223028735652137,-1.247085815505214,0.8640368934388516,0.7239571430836491,0.04723472182908157,0.04745031396384786,1.9271216534792082,0.18742364341763237
SYN3_0904,-1.257028989883889,0.08477594829007568,0.4332704762742009,0.6452670969436037,-0.593046555943238,-0.8593799156723401,-2.183705846887192,-0.7001338141459693,-0.5659802084564345,-1.7201834451326357,-1.988885377763721,-0.2958015831319371,-0.24861106273271302,-0.017830097626364838,-0.5048000485192697,0.4719175394127983,-1.2787331632717711,0.32806310567076913,0.41306453129839554,-0.7162115315924541,-0.29270190045141153,-0.7616270150433471,-0.18102757686138624,-1.0333877358821835,0.4024935979320405,1.3644591523635963,0.35643995786807653,-0.3014123862126866,0.3666761827088795,-0.8825778283593431,-1.2845784850442765,-1.005627872013719,0.13172159535199437,-0.12224370766323378,0.28483745722650294
SYN3_0905,-1.7084326278346835,-0.5063648257544063,2.300670752637363,0.17163055671488417,1.2863715353053324,0.4253919451958506,-0.24601807796761654,-2.0273603150740978,-3.0277625670955275,-1.087997531103869,0.14408498090966823,1.8418295528776407,-0.29738305545287563,0.17289992192718306,-1.7660865830721573,-2.2459209108724125,-1.352676291294305,0.34405261009801735,0.9676145083518831,1.7934747933145563,0.67066246534912,-0.8635701587819331,-0.06109886107385198,2.039793380290304,0.5439917909669454,0.8039655679772604,-1.526397717883266,0.2905502974839283,-0.35445648468722063,0.03169461853084162,-0.21236257253268295,-1.3763550617345717,-0.07437921843887951,1.0050332253575258,1.9222244033621647
SYN3_0906,0.7855355191123848,0.31649045311600255,0.5083233122025784,1.1419729287638916,0.5519562806435279,0.45411730308926157,-0.1631708398044487,0.06193652290179717,0.5544313195621721,-1.9767251528019483,0.4156285031060566,1.3477899979132248,-0.41825258379185737,-1.5084609995786225,-0.5735690752864847,-1.5503697958731029,-1.351260168257967,-1.80651799540004,0.18838775096700452,0.18448183089813447,-1.6622177697323688,-0.7653092563332997,-2.46200879899382,-2.438000596574749,-0.004419566542254098,0.7954849182347511,1.5063217802986955,0.5023162391918098,-0.9605365337427201,0.6470594554078511,-0.1800426775356812,0.6372701386547449,1.1120108133020221,-0.3501872321197071,-1.1446407247886101
SYN3_0907,-0.2896814563170624,0.4049226230582244,1.3987050073506877,1.9174131394848333,1.6071068529123271,0.3896968413022392,-1.2602503196205064,-0.4706404544311826,-0.8343520722686154,-0.8263458740953933,-0.032973949461885,0.7854557428301071,-0.007236467232117498,-1.0941689022390937,-0.2795310523080754,-1.1598130613671753,-2.022476852840813,-3.025770953459994,-0.23359052807559544,-0.3306768045081684,1.1264709235366392,0.11266001125084686,-1.8459223789463297,-1.9019691697448853,-0.432489412661901,0.35709052267761116,1.4195400297319052,0.7132864223853798,-1.1097624142078866,0.2847469472107866,-0.8000407334990495,0.2415783030569608,0.15654512698924797,-0.6080772722874096,1.3203476903580462
SYN3_0908,-0.8034591011860576,-1.6685278596117734,-0.9183879174163986,-0.9727324643816748,-0.40079279982657656,0.5940189218048766,1.130527379620273,-1.5259722136176048,-1.5599628542042,1.1033009401189149,-0.06577170772979392,-0.9261181639317742,-0.9630886290516114,-1.2790301605618806,1.4170898597031938,1.144405405063329,-0.24905564398003993,-0.16628736262346788,1.2026495911879294,-0.7847870370344449,0.6601385791476932,1.2962229315104825,2.4324369085352133,1.780827360143936,1.2719883770926388,0.7286547686059113,-1.0052089941751674,-1.1429527238417143,-0.6312096043678987,-1.6051185049811334,-0.3226551583713164,1.3944020320794386,1.6403190848528335,-0.04045037273263714,1.7709296305073405
SYN3_0909,-2.191810465052727,-0.735542376010649,-1.3810598945640402,-1.772485194902648,-1.2960953917205842,-0.2830164660595741,-1.1053989867458798,0.08628048927390229,0.6000948093206329,-1.071942348145619,-1.203968165510421,-0.660416339000395,0.4460132017986091,0.2928656895863638,0.5045201537796612,1.2356131413654028,-0.44766373728738584,-1.7876270227383464,-2.2726779982894056,0.19799073151582014,0.5970784851060349,1.0418359066502385,0.5206399719330116,0.36711652394786304,0.9369934876388688,0.7587808483929129,-0.36032678410526325,-0.20124644098889644,-0.2675381157365641,0.40345077681394403,-0.2102461398227181,0.1499345208707163,0.7339304483580564,0.2677883169130012,-0.24956254239542516
SYN3_0910,-0.1802796714956205,0.8050762006115226,0.17555388449624026,-0.09083409294433334,-0.9418101653871462,0.8505529050543077,1.0177691889962344,2.0284740217852497,0.4051759941029779,-1.4473151392837411,0.2401059789275719,0.8845543122638829,1.7227436607867004,0.4140199387129141,0.19650147299632667,0.3327362259577605,0.25550695775264515,0.5075407743776519,-0.4981436619386758,0.3677632958684358,0.46482890895518003,-1.6328184529938683,-0.5082821471322976,-1.4016518379332363,-0.045797964171354455,0.4025267316328144,0.07306902792090253,-0.35922321063921764,-0.39750562881165696,-0.16517526923645143,0.6892420762197943,0.8138015092619632,-1.2415999414783565,-0.40038546189143104,0.703159483887355
SYN3_0911,-0.37566492687815534,-0.3439009066638347,-0.1210175922243964,0.8094295667682951,0.30076731943942203,-1.6442959874573704,-1.1296798866171556,0.40582517676974267,-1.9299017453645768,-1.4108031895284177,-0.41519416716651897,-0.06120789026428394,1.1301479979548406,-0.2688549212969633,0.3543611163565018,-1.7129891127053203,-1.9288031905576783,-1.2723255269077798,-0.2875466725056034,-0.29982676883664616,0.09142861089975698,0.4086859924035892,1.8121722891286587,0.22614296079995885,-0.9121773502050581,-0.7349059500959789,-0.4780004212303244,-1.024454824629888,0.5804772528252792,0.8828669126904846,0.08264883747455622,1.3223071568793334,0.7854599964376113,2.800368319625934,-1.7507243131119625
SYN3_0912,-0.34624904694109415,1.1767710843394985,-0.17378791505585867,1.5213645252971928,0.4529082752000111,-0.7977042857390866,0.9224882054493445,-1.393977770539921,0.4797721782760237,-2.1296528717069467,-1.0323513618640416,-0.5985965777874205,-1.5080411458161167,-0.7838727686482706,-1.286153333718024,0.7683077168270203,-0.1257396823622966,-0.5933018752135053,-1.8380613729123498,-0.251191690149993,0.08380111781555606,0.14672661565930606,0.8125268594701683,0.16929499022258168,0.6104787274491064,1.804122222083442,0.4102268639211741,-0.35873525582086874,-1.2832727005564135,0.32863611184107266,0.47641685316515764,-0.23856030831597055,-1.4808139106121474,0.6925548567932075,0.8238486556873221
SYN3_0913,-0.42229689396015124,0.5802210557688878,1.163467474298876,2.171840387820256,1.1241137009196451,0.9178492382867555,0.026458488673732215,0.6588683789862845,-1.0682004044915356,0.34321062359958,1.6153834670002891,-0.39054026538325676,-0.9760399919363084,1.3646447310945924,0.3183632302072621,0.253821928962532,-0.562934946992124,0.04247193441750176,-0.735930331695777,-0.14727797919148253,0.6161392899894561,0.682181818177829,-0.2300391344240352,-0.9870445168811002,-1.269645757087482,-0.03162073438217517,-0.3506729482405632,0.25155127064224425,-0.18406776654968124,-1.5355803140490683,-0.1949047860881412,1.1866611141794934,-0.47708785396520825,-2.3942054416251275,-1.6971848504779885
SYN3_0914,-1.180415446699346,-0.648485291659919,0.5158141649549128,-0.7789261343660293,-0.934516239439503,-0.0937230434557911,0.8805524013725431,-0.3483168102869529,0.5200046151368165,-0.5174727355103758,-0.740501328760061,-0.3989109772490554,-0.39353292216533564,-0.3661847919225148,-0.20703696324393606,0.3552665722534152,1.1198262592117059,0.8240175578214227,-0.6388373619820576,-0.750206303255077,-0.5911852394576039,-1.728461433814779,-0.3586490888564654,-1.0323714150319574,1.256676501908227,-0.5043845924927418,-1.821161870730717,-0.35414562384330345,0.3063515324747114,-0.8015013211020561,-0.10407401479045093,-0.9971750461831219,-0.5243123814674145,-1.227706194022536,-1.7474590039708298
SYN3_0915,-2.2950255151266403,0.0983349835705904,-2.1222347063242455,-0.12412434716883361,0.3673284728009061,1.704660801665662,2.024841077222214,-2.3767556122951485,-2.26601160370907,-0.9829135869689497,-0.006995047123343536,-0.18398819240615985,-0.4873192619300373,0.18180930967950715,-0.7067805451116808,-1.9443495696734105,-0.5432382428523874,1.3057148447826632,0.938229418377829,-0.6743455903621299,0.5930705818180382,0.9880491608941141,-0.08613311722224241,0.3238609739877892,-0.12655667278473343,0.38508405742115903,-0.6996850149472467,-0.9481950184509015,-2.2221910923191213,-0.1652255389567814,-1.295590520883943,-1.3068319620555309,-2.5475346912947034,0.199080558333563,0.6143048815008081
SYN3_0916,-0.3610811992658976,0.4625752699993585,1.2702627765983139,1.341560160892483,-0.128967196129301,0.32687611991963034,0.943463202752645,0.305624312410504,-1.8637877456553427,0.031904668104019374,-0.7617192095565066,0.3321307569807246,0.11374877983159305,-0.4681617117199631,0.4690750882469817,-0.022540668199364986,-0.446498582487645,0.7343854574843361,0.9456581971037418,-1.2639497414522978,-0.14721035884912745,-0.118435751174558,-0.27132421201454615,-0.6488507257787947,1.6889279700115154,0.01907139503545765,-0.968015123197209,-0.4594342517817429,0.05208169495636356,-0.8806719346639974,-2.0844937955572336,-0.41385944650320416,1.0863350557431546,-0.24756803131105645,-0.17477503298193048
SYN3_0917,0.368203370728662,2.1983480697918205,0.24325990581998727,-0.7761737058857988,-1.147078967064235,-1.5116561955108176,-0.9360077859941531,-0.3315356850038482,-1.4493013070783716,-0.7825433837189061,0.01511426113952114,0.6953893473612435,0.8479416730260876,0.872240903667751,-2.0684837771755054,-1.9928380789277382,-0.590387091466135,0.9533832410915174,1.7839159256684864,-0.035658216511624256,0.8535819311048998,0.8274244390883848,1.3573427981231523,-1.5746912335238776,0.2587630356727593,0.47030126353829665,-0.6043865647600062,-1.5261164354095262,-0.31956081192054075,0.8701828185068251,0.5433706008327387,-1.6143266404574972,-0.9136796623660793,-0.7339642218191943,-0.480498045916841
SYN3_0918,0.4878081777282365,-1.249508671059133,-0.5699153751659095,0.7937695002593742,-0.09138467802850483,1.6097233875381243,0.3528616721635057,0.9439096015101929,0.8491999754142869,0.32020631045886183,1.3041496050782728,1.0748615292477757,0.7365361500877506,1.5053605627047637,1.1537496446817823,1.2633228734012751,0.9510627415539126,0.6645822920052143,0.23137739038306276,-0.8724088129751796,0.6437310565248859,-0.2386845784102618,0.6515747920822156,1.0528416136212084,1.831901771636622,0.32935060826160617,-0.36905241809559264,1.5519415049432421,0.3343072608606609,1.003275295323029,0.7512031158161587,-0.5275553859560818,-0.7521495946758723,-0.6629296944949371,0.0679392402765865
SYN3_0919,-1.018362536963613,-0.9546021708223861,-1.4121063783016017,-1.4749420530726602,-2.1107794465030834,-0.4468888834434384,0.47384481407571716,1.4621958253661416,-0.8843369105308879,1.2509268025172764,-0.16171929142374447,0.8988871650342726,0.5021733447235885,-0.7462292811372931,0.36561503889757996,1.8051844626663947,-0.41643015314663107,-0.7900935181541286,-0.6549752393133914,-0.41086542522316044,0.31750558830859393,-0.5373854953022273,-0.18999809183733252,-0.23857966121360816,-0.2679040873392688,-0.28257324877421125,-1.549262285530506,0.536995922416046,-1.3271393200518533,-0.6560009541709507,-1.1146330803764521,-0.701252209154365,-0.3013283024090491,-0.9524923738283451,-1.8890116098997871
SYN3_0920,1.5854409679693517,-0.1166397716502398,0.5293776054782383,1.055537997284969,2.1891286650568254,0.43413466255571276,0.028352263069656557,-0.7917686754115782,0.2022616137637324,2.722087867536928,1.0619373253443392,1.0899468634807725,-0.598535808015455,0.08157436122963807,-0.09716370860483403,-1.3362037820873118,0.11605116048600142,1.1889099328651629,-0.5197457680491144,0.5780562695630688,-0.2292093499070362,0.22306732882906233,0.28203494908587295,-0.9380847998565234,-0.12197441371827585,1.0908764191100764,0.3963788697765509,0.8308714931047972,0.3279852389426337,-0.33660095291946523,0.7091004368189697,-0.47934498143826687,-1.3808579907187293,0.07438400808971457,0.07619834647568309
SYN3_0921,1.5167557854064335,-0.5933018432701035,1.615494098548325,0.9793286502306364,-0.01653023537294057,0.9239042879469855,0.40739694565402196,-0.1083617744525771,-1.6592820798197692,0.30871808883040275,0.6691318619361639,-0.22683199685879307,-0.47416105266532776,0.30065624766374227,0.7242419584728073,-0.15697908731059082,1.7166957964310678,-0.22736020266724594,-1.1443478852141449,-0.2635021108702988,-1.363192595720806,-0.5302508520409397,0.3068328051746425,-0.6890094363300332,-0.666291382004619,-0.3118045867597881,0.42713346063897617,-0.9069734673827569,-0.5721567462565682,-0.6197953545223366,-0.06215039514844007,0.1167547765117288,-0.8781249959147315,-0.9658969477657392,0.659383783311567
SYN3_0922,-1.6780389601988313,-1.534563577802961,-0.7752138745380097,-1.1752549492763,-0.15948804677990494,-1.2229677742174037,-1.1428490291915363,-1.0256060528802904,-1.6393274379718055,-0.30568255217779183,-1.1274543772645849,-0.16988658877634752,0.16596630245191535,-1.783113465904076,-1.522397179171234,-0.9719486763586016,0.16087639128130365,0.8410283306479601,1.5613975934199875,0.2672646194838636,-0.061982149620717755,0.3822886668837914,-0.21778428439712583,0.580419399931631,-0.18005173293987656,-0.8619342744447354,1.1084207544237752,0.8583727295473322,0.9575762894821368,0.04997108654296199,-1.4855368622354375,-0.7287027172745081,-0.5778584203503482,-0.7561791577008743,-0.3470380001656054
SYN3_0923,0.6744018484024902,1.194144313975356,-0.02157811954090147,-0.879629662507221,-0.7398138211132064,0.009343348712375773,-0.09445885975979515,0.12402898376558492,0.44202209101132434,0.1332090452217781,-0.3437578770957438,-0.3589745180036882,0.6985987790667669,-1.624990407284989,-0.5708907657798904,-2.9050559497365818,-2.6096078857911476,0.11385301238354376,0.12762249570862919,1.229754754490467,0.6077094727347595,0.930037246789115,-0.09968627917877168,-1.1593935787904757,-1.52507307323924,0.05421055478643225,1.0367211009919266,0.7849975999216564,-0.34141674302808045,-0.9299812795198041,-1.7424716232646775,-2.324563924080257,-2.047834825309678,-1.640213057858657,-0.7398068654144387
SYN3_0924,-1.4234427221390742,-0.35136975845487983,-1.9201775727554697,-0.16868401424621876,1.884890394832879,0.9109404931889148,1.4591739715403993,-0.22306179555442487,-0.8180931058520068,-0.7312174407762663,-1.0568703844310239,-0.4368820610244918,1.0520529075754308,-0.23857186207318934,-0.9675178464187997,1.1397412435062029,0.22321884462716438,0.5874884559249182,0.7468521984687612,-0.06251599505629139,-1.6904458395139315,-1.0966756026778923,-1.323950633546559,-1.821914832698237,1.2888405963853062,-1.6371643891907317,-0.555926978496976,-0.37257181292736835,-1.4069144459047622,-0.9286529408915258,1.0302618692804122,0.7125257726490203,0.41433736657028847,-1.700679638859955,-1.2872409331583234
SYN3_0925,-0.20970643976741776,-0.09896844440887606,-0.04058773290508051,1.1023631703171541,-0.7874507456422354,0.41386982558668506,-0.5168004046030762,0.5617871093915453,0.17207823075006762,-2.2639915210477737,0.43020220367652573,1.43574061573945,0.303811369209952,-0.7061226965366327,-1.4336167264116684,0.1858438545180449,-0.5206946366481398,0.7061458369301841,-0.4832277391980105,0.8268496062159574,1.0228311872581664,2.4348575257764176,0.581758360964625,-0.6512648910654277,-0.26026164748542074,-0.8639888278668199,0.5125260336289797,0.5107881063500621,0.27183652171090184,0.8333524702270999,0.12748931830764715,1.8063469073090292,0.13036917178877652,-0.6783952511439753,-1.357833198632867
SYN3_0926,-0.5709384786317003,0.04066976574337115,-1.1590488524508156,-0.24889827461326608,0.36625152352362966,-0.16209523492665076,-1.130063926252203,0.8349441884250088,0.9483070652969451,-1.6230529336905342,-0.4643968118263171,0.1868749096256216,-0.9852657153674523,-0.8246825634971705,0.17095553236240033,-0.503926423900294,-1.044600334600897,1.7281880198240631,1.8947012952766817,-0.7482450022456169,-0.2921996835177982,-0.3369191271924567,0.35367982519250274,1.5630644272652454,0.25721110546174913,1.299670661202288,-0.22328367049346737,0.11856465239016345,-0.11227397912643153,-0.32925344051805333,-1.476753607350492,-0.22170614544669537,0.0324224029869912,1.4160117527932898,0.11042445325597408
SYN3_0927,0.3747646234006576,0.020328050819785715,1.5780902124606173,0.028200461783583947,-1.2868665498261147,-1.8540911488607918,0.4102455898861631,0.13572838531774636,-1.0433396485990678,1.4199484644914435,0.13387668915642856,-0.10437937169364157,-0.029403879682889107,1.3745002372420612,-0.34403589457406103,0.20469067580619207,-1.36547720155408,-0.6306687831521411,0.7578465678360955,1.6472907799722085,0.29334888384575675,-0.7461488045188219,-0.9480568872253928,-1.383940596251307,-0.4281974028267147,-0.20244853885956082,-1.3285046510194527,0.37391602277873465,0.44723304518582063,0.8365921157560002,-0.08512136383092946,0.6022044532363577,1.2307136804552439,0.2629367246043903,0.4869758810574506
SYN3_0928,-0.9940394483585108,0.45451577501162677,-0.6879493693851554,-0.016422930117457997,0.9721145911667117,0.3964923314654632,-0.08706267152613226,1.5391981990082069,0.5697144465533049,-1.7638624596714034,-1.1963575966767672,-1.568271238694925,0.1631624574891352,-0.40222260859270625,1.2014218311003886,-1.25476536238584,0.49302447512552794,0.862397432191122,-0.04156245732665238,-1.9453601149967028,-1.1212365483161637,-0.7722040393118528,0.21695346971630325,0.40920037990922487,-0.5804930941808119,0.7275538989933052,0.43982701643759164,-1.0742400013860807,1.4655408408405217,-2.3566106135478115,0.45983580843928834,-1.283865253367246,1.2300816743614131,-0.9142293007564322,0.829502911382797
SYN3_0929,-1.7588242331442445,-0.041421997493569195,-2.293342570938235,-0.7578588336146997,0.2069094469417236,-1.2158213059774041,-0.7362104128501018,-0.15574215555971882,-0.3639814151892685,0.8485828483250665,-1.7497991561625028,-1.749948525795986,0.3176904779590551,0.2925221187040885,-1.3678946685545175,-0.553740382943572,-0.16651922286477325,1.2102740404733543,1.2137355508467214,1.1224802721567426,0.8788157488562608,-0.08241786010495816,0.24712768323101025,-0.803447403252779,0.7454151513052599,0.8602514121809088,0.5091513860542864,-0.12968562340884462,-0.510089809985521,-0.08636684660823787,0.36946669037246155,1.3805116357722165,0.5142056886659598,1.2272569066889583,1.123465918226192
SYN3_0930,-0.47894076797913,-0.0018266884748880856,0.4694331656626851,0.061131166632872214,0.5749135979617486,-2.3290190540443376,-1.2082120586418748,-0.28057455869060083,-1.4137381795404829,-0.017611793288144093,0.4431877574606344,0.2088690096714516,-0.24124356732540828,-0.1626980108835562,-0.6119214231422849,-0.4951749636044234,-1.2192512060799976,0.00043193905232498603,0.4559796637027329,1.4412571970963386,0.17286215701733207,-0.00993857993375326,-0.7790200397322465,0.6683082182824995,-0.9825992289640498,0.4915404940860895,-0.7516041007799965,0.09472086836696755,-1.4750470158778533,-1.4357031167408445,-1.798792177274916,-0.548579167564921,-0.19332952159689556,-1.3257727282775171,-0.19991242179169763
SYN3_0931,0.3724909832801312,1.3717603048778393,1.3078465272203408,1.292146075456373,-0.47171767536594067,-0.16891481327925179,0.5297297541157222,-0.43714615043694394,0.9879551782112201,1.0875249734752586,-0.26606220457630103,0.00289801409392033,-0.021991650427052173,0.6687301370237824,0.6663466282714793,0.7690877368626046,0.2119145784938867,-0.031460428367689995,-0.6714079506602969,0.25255680311459405,0.23754951229863136,0.07009532156756515,-1.3804457490911972,-1.0042257087353943,1.0031975880328265,0.5687175459407761,0.3795402071963706,-0.06388092573130963,-1.0028300492846407,0.5737773864173106,1.104576102508095,0.4307888448996803,0.4997501523295218,-1.830613502657086,-1.012197876342911
SYN3_0932,-1.0021667580255527,0.11511683758337111,1.016355350460043,3.0286126546559733,-0.08358067119415803,0.4812495935761712,-0.05488033031708828,0.3172896356715207,-2.552265906187852,-1.3320366607301855,-1.559476828688151,-0.7390671059054078,0.2150071054328512,0.03966530037930833,-1.4724525329504798,1.664873090682187,0.9321533980214829,-0.7098189079867359,0.30979434417717805,-0.7779872347873529,-1.5301911809362714,0.08253771162504968,0.8625523045309312,-0.43057153205857474,-1.2203450078671705,-1.103671874515141,0.8473232052404007,1.8808376503575064,1.5398145482572625,2.7986419901940116,0.45863574755610814,-0.08296568375662362,-0.9673297103534491,-0.2808572042453171,1.2538289316714024
SYN3_0933,-2.4741345685161997,-2.684614976218737,0.38107291203472143,0.1152257609190939,1.0553743398351303,-1.829384744416578,-1.2144111945262412,-1.1858353651186806,-1.2931989015653267,-2.0325793775303613,-1.0998217990445425,1.3793529308864372,-0.06398540961625702,-0.2665288794818974,-0.375343261538657,-0.7460950634919851,-1.4569614237657424,-0.2189899027011093,1.5742409685670535,0.07265864566038105,0.27672033259320666,-0.23835776037929973,0.37790333373530083,0.268113860088515,0.34596361191096225,0.7918375642663068,1.6087096901713858,0.7104316619479152,-1.8436316206431185,0.42559053503115607,-0.35265846247802923,0.7222345435371399,0.4366410140340774,-0.7293947925715131,0.09419837576913914
SYN3_0934,-0.22183104681897411,0.18688730985939053,1.0631742757032023,0.6171874701741122,0.44256781465365175,-0.502702052480474,-1.038236001866246,-1.2561126148207384,-1.103833033414588,0.6147995049856976,0.5979695976669781,-0.45014419992219606,-0.0594985951101615,-0.277124720008488,-0.34152103907163667,-1.063276803640773,0.6897012156931573,1.0538035224822047,-0.24308155184226174,0.1128926927493839,0.8700407931184414,0.3969433601518648,1.9329246025222169,0.4029372300649604,-0.734801689833606,-0.18523536969626705,-0.4406930453886684,-0.5395561085574013,-0.19777364843573286,0.4498484333898221,-0.45690099804558293,-0.38153687146802645,0.19896781431972377,-0.8114798908660141,-0.382732995970378
SYN3_0935,0.53750989055897,-1.5679573675773246,-0.26075971536950665,0.808239397160946,1.0334015382030304,0.7089749851770862,-0.4322889768069604,-0.7298772796388344,0.6323657292532637,0.7540783109424285,0.07349154868970541,-1.623896124679619,0.05067880293552903,1.6775807724990235,1.740756036694088,0.08316244884935517,1.445383909867782,-0.231444391115852,-0.20013262306064467,-0.680475558543621,0.9268361175549611,-0.8124023457046632,0.5155194188296214,1.5422839988991646,-0.7990561811872643,1.71078637325107,-2.071896050603694,0.5214563627612981,-0.407350945144962,0.4748152347634383,-0.2340876484779874,-0.03798718672870202,-0.8338713027429967,-1.1897820391214446,-0.15008730926044728
SYN3_0936,-0.2040918589624231,0.6748748342084573,-1.0782788187727392,-0.4285737362128984,-0.16828943971914306,0.38037482400720585,-2.1649749132197953,-0.9510648959140193,-1.5445805551857594,1.5731772376537898,-0.3923882749549087,1.0190288785442099,0.40046327433217277,1.7843290229536408,1.2694741874850828,-1.2116959531131095,1.083197350121898,1.8588038891467065,1.1005031363841695,0.1487941179333429,-0.41161398952793,-0.19637421505599698,-1.676103479472569,-0.819942638003598,0.771317211670763,0.4594919958894538,0.5386384451141314,1.35540530545181,-0.5891755305115286,0.44550436272810806,1.688214453891866,2.3787605498556204,1.2805424144332676,0.5245893817228111,0.3421871593923789
SYN3_0937,0.7570212215444587,-0.9532468332943091,-0.14415459039806644,0.3975115580879586,0.8644180657777746,-0.2614229899045813,-0.4579161363334271,0.2289841586063331,-0.7593889709413371,0.3879568809902308,0.1914514951466777,0.557802556322953,-0.6946880159267281,-0.5863659003889473,-0.34687651503583966,-0.9156792967844151,-1.2054698216720887,0.8726186492715088,1.7912930302332297,2.170862896668458,-1.1781706284438407,1.603032376953048,1.1240701242699724,-0.9356918851106368,-0.9671878943159851,-1.230645942167303,0.7062827214099754,-0.3956531266031918,0.06051367016219191,1.1025915898848688,-0.10832811333133255,-0.5895627178450157,-1.1897353198727543,1.2176182803564721,0.7119480927100341
SYN3_0938,1.3701830930298986,0.542623798508252,-0.8719272416121513,0.40507283235831326,2.156071233827621,0.5326431019320006,-0.5664040144031216,-0.018986028394431587,-0.2266664674656947,-0.020125217478895546,-0.25419050372190494,0.610902829830305,-0.24477662059696245,-1.1007487945755496,-0.5946678470766139,-0.23759097022993167,-0.5229418519575659,-0.36604570631406796,0.6722309818746126,1.2195512271506668,1.0904977594325869,1.1623168798395447,-0.24883898076457908,-0.49766106361879653,0.39794476400822104,0.1484891689808716,-0.10418764294557226,-1.7932263800409345,0.9312326808245772,0.9974547978786142,0.1587105537192109,-1.3199231728056633,0.09213743749215869,-0.3649657742792113,-0.44804294364940406
SYN3_0939,-1.1261899610505146,-0.8937613192549393,-0.39294481088418093,-0.8881331589124226,-0.059813350657153264,-0.2658277841892407,-1.9442147831514724,-3.0048719248067983,-0.4056211246980903,-0.5540388354823071,0.27784139093214755,1.2690312158292887,0.5920647830310888,0.46569305354377505,0.659518570585285,-0.7201936731871181,-0.6444880518474969,-0.547418537336426,0.6476570481583074,0.15021189658068118,-2.149895547742347,-0.7440723409701442,0.7177699000564349,0.2699311615244239,-0.04481907862521404,-0.11163866592967224,0.48828956367914716,-2.4185377517842785,0.23759889302225962,-0.14770301206895614,-0.20922068829832244,-0.43056255688514194,0.3239925179296658,-0.382393543374199,-0.6713081251152921
SYN3_0940,0.0036074462255749526,0.8424572923783801,-1.6964547787467084,-1.8633728994041812,1.1986249311427497,0.9817172326201213,-0.9250768219289949,0.2606701605525977,0.6187628035796711,-0.14468031584449734,-0.12481301322662317,-1.0215356551569288,-0.1585561958187535,0.19965059589858547,-0.5788562883151159,-1.9166770030014424,-0.9004734219043404,-1.7378572170792774,0.23381240226598743,1.1518764783812483,1.0974297376222997,1.2005912493640216,-0.4897440044376131,-0.6685664717791951,-2.4411674970917874,-0.5075300890083707,-0.3113226839054954,0.80959936642593,-1.1904253450671125,-1.6869022939097007,-1.0580088149921585,-1.3800029970124175,-0.20298525516681462,-1.4172065990571598,-2.1467555428164258
SYN3_0941,0.5848752992757625,0.5642145064403289,0.2958689625427043,1.4815581807972547,0.10482136944854728,0.1216091451534406,0.4366328297239266,0.46148666377004993,0.5202623563419911,0.7762958519272454,-1.6848045464137689,-1.5163265262294994,-0.6323465403094424,-0.5769048770058333,0.5041573790649733,1.0605997046759574,1.4404514764120682,0.7684564468814294,0.38616504830236953,0.3385805588686683,-0.3093248338645299,0.7462583031726562,0.2745274559599236,-1.4532588422098143,-0.574044275126643,0.05887886666715201,1.010587109658518,2.5501433741029333,1.0059375759577265,-0.9039735598908385,-1.741293184700913,0.21913757035684345,0.7621534101332518,-0.17034908218218509,1.0534167954638938
SYN3_0942,0.3229117581954245,2.3378521431160615,2.0072979024078226,0.5475138347735986,-0.45606546058777714,-0.06909325399571366,-0.06057922535572647,0.5798897835713638,1.0140056439640452,-0.8866554391759944,-0.9930215403174463,0.07310437847770976,-0.5501339603169692,0.15524492846618826,-2.0987411191295116,1.1821013530310158,-0.0999013450407762,-0.20541238711940937,-1.7553097965356288,0.20258284092093565,-1.5434089986713537,-0.2885604232133411,0.8073762323262051,1.1414697019573599,0.3960158100730852,0.7430770517814752,1.013948540994189,0.6835195805953741,-1.097858971737995,0.33046016730298944,-0.4576439592236471,-1.0109570709660582,0.4037362771693866,-0.04748963041157446,-0.8979501458598205
SYN3_0943,-0.5091269313116614,-1.2343439466181036,-0.6399641628181192,-0.9540837389436304,-1.1999360900983636,0.43567391887460255,-0.11804838965221705,0.3534094498051618,0.5451415916447093,1.267934180060832,0.7459668604319022,0.2740269539014649,-0.5293232410955176,-0.9292504825934234,-1.4497503774523535,-1.6673238766943848,-0.8234512418934614,1.189623100466461,1.8870521708638597,2.676354722242611,1.0762901592583196,0.04982350077139747,-2.588164041969689,-1.4848192932903594,-1.1562630105604101,-0.7458354641531574,-0.8571430276175436,0.49597553452331383,-0.8982947622075675,-1.301341685014575,-1.2977881882074298,-0.8906088977033052,-0.9827831555240684,-2.3641012746240992,-1.9220110193695612
SYN3_0944,0.11531804221801326,0.8366835937848977,1.3645312809201735,0.4988170576453334,-0.15737562504956354,1.056163480069221,-0.7306449689297493,-1.1462138685509176,0.39872413446353683,0.576288291303407,-1.6262774898858,-1.6674769224410608,-1.6160271839988307,0.1382242418093337,-0.8824231688872319,-1.0102669497726564,1.435973786786196,1.9029648853619718,-0.017492542749168446,1.2143107785279232,2.11033729967886,0.7180019256009975,1.0209929841421979,1.8483694224145184,0.8043741371323334,1.5012828275962293,-0.4940637598305149,0.12700129397059573,-0.0840899067853263,-1.168540728984692,-1.513068208286043,0.04156768296369163,-0.33439489555216817,-0.3748594536040031,-0.7909846609382432
SYN3_0945,0.4921085752409048,0.07356005896830833,-0.9335570599277093,1.749239404202014,0.8387925689845732,-0.4856808065557001,0.3159129999822646,1.7628219467141,1.1032210124944632,0.8412417856641452,1.0627136747310566,1.3703419005857163,-0.13342110391337708,-0.335700984360989,0.16131149705222417,1.3007718705325282,0.9506922722084736,-1.3913976595798705,0.33685789925964177,-0.3125971931247614,-0.3274160055731139,-1.0304716287898268,-0.4436077907593235,0.1095380248972063,0.9209650663058885,1.0512311602023463,1.381497355716548,-0.9858303761788051,1.7633129201114748,0.7497928724110188,0.5743562827541843,2.31754486418561,-0.23380262013353822,-0.3310304647690617,-1.5650890253743632
SYN3_0946,1.4682518598169239,-0.4527619792161848,-0.18789756134990768,-0.7175835180549026,-0.2159079389009948,0.04353208022632143,-1.1535395358190528,0.33127945639104034,0.2094323377439562,-0.12981417582520594,0.07912586365399431,1.4969751448197741,0.38550831038221567,0.8399038144772354,0.0045708669763189795,1.1054323893576927,0.08408393991096766,0.9617325479636891,0.3531114831364812,0.2904680133255049,0.06341720747772607,-0.8555696711933722,-0.5485416198033675,2.2025000636741603,0.5359360354018825,-1.6096344059132883,-1.0733080632692524,-0.018468303295869234,-0.43051899537704874,0.259716677041202,0.6623561037425162,1.3647682318451015,2.168446382859333,-0.5565824527341432,0.043015983874186765
SYN3_0947,1.0713901729432578,1.3171934725892807,0.8329248625644314,-0.9578908830655887,-0.24318371105749065,0.15289034286886483,0.7797097072159134,0.4201103917044887,1.7205239850496983,1.1888057384570518,-0.15478286237578306,0.8019236958892918,-0.6324546623170867,-0.5395719132322812,-1.508636350034279,-0.8954075761699836,-0.19388094967729502,0.7148002686331145,-1.2655542542723137,0.04998990747654171,-1.0466670252942336,-0.23233051054203263,0.5388948593535831,1.9654750645588224,-0.042450512314493635,-0.9352118473967835,0.6450904120443255,-0.4089674593878541,-0.1077086942340985,0.4582517053317224,-0.5742607990169222,0.5999115195080232,0.06027132028556637,0.6993161477616531,1.8601975638382255
SYN3_0948,-0.002061270166708569,-0.3124149720208789,-0.0752796629355814,0.20510955332308178,-0.7402705297109516,0.31977494814376173,-0.780417478866479,-0.5249938672227692,-0.7657623298971715,-1.0214617530661685,-0.36158049800438824,-1.1535153529105866,-0.7843956327520899,-0.7568729255506201,-0.05397641679929976,0.2947213863742546,-0.8529256152080092,-0.3417754832239407,-0.8042368584047812,0.16352278331401263,0.7952170385014271,-0.4690231646068864,0.4649119545641202,-0.15521952388466756,-2.136893489215058,-0.6488957018936629,-2.04926677809757,-0.36549100674678453,0.3665193331948844,0.18162822243464372,-0.11297111223456169,0.38487368068973,-0.8697470492229129,0.323160432209927,-0.6010683764686181
SYN3_0949,-1.0507543299987718,-1.2790806809998854,-1.8101590159341316,-0.9573463858204772,0.44867014872745425,-0.32279518412960057,-0.6944813808756072,1.5352125165391444,1.1403147315552624,-0.377632784225163,0.8038607131774507,-0.26142485755642175,1.502740937268153,1.5905850054299095,-1.320754537997043,-1.5205794554216363,-1.1803444297406507,0.2971489375421902,-1.375068035195292,0.07447776915335518,-0.8112764407785342,0.0792446151150772,-1.114234608316718,-1.221149077978664,-0.0419041512251283,0.6007148293972789,1.6159322346191514,-0.7024556144789817,-0.22490648302862282,0.2784067347296125,-0.0780347183580097,0.5176604838286041,0.25034654682122826,-1.3050921707330312,-1.8042968968507314
SYN3_0950,2.524053619322616,-0.5153196864936488,0.31983105003870654,-0.5992068673842179,0.1154560131264509,-0.5753774782104185,0.4920131178466445,0.35946408524231777,0.3311420505437379,-1.1800317349587286,0.562483855020815,0.40656581701731526,1.3512203813119608,1.6059883267356228,0.48764815398714373,-0.4513964898281842,0.25075008327166765,0.2817734310191139,-0.40040216996696504,-0.9462857640241263,-3.044253997130138,-1.2400312620615719,-1.729569907144203,-0.474486732662487,-1.3734334286116325,-1.4444089248584802,0.2073421916691608,0.6864047056857426,0.648181402048224,-1.8083584155023549,0.9304702619566774,1.113813413056332,2.114452890026385,0.39762390726155195,1.7967604175290284
SYN3_0951,-0.8996185150910616,-0.6272224697810826,2.0983843914611837,0.4901803664725299,0.9369760041919725,2.2181272782020933,0.9124644230065355,1.016493529156264,0.21028511898775354,-0.1417696684958778,-0.12405136164332038,1.2016439024450745,2.225761139394874,0.6142993655662121,-0.37406466668922156,-0.2519104405963172,0.05218035850077669,0.4050193089885179,1.3177695807095184,0.5782105500166627,0.13920037943668273,-0.4932269471516691,0.2871990933248484,0.5973994089283549,-0.440600211658198,1.101481426672133,-0.9985329675428852,-0.13245824376519383,0.8980821006143374,0.6769026103886475,1.085882166746215,-0.5520698198286386,-0.9637388503322759,-0.5549273227414729,-0.2517566307409098
SYN3_0952,0.30785369025098624,-0.19675394283558467,0.1953140934260824,-1.1687867979510973,0.9443969883662093,0.9581134991098046,1.245662987704571,1.9689036469891101,-1.6035453560979185,-0.988894259556273,-0.17802473105318506,0.1742137299463366,1.5482094465992604,1.9587347262974004,1.1743645350103549,0.10437762578288459,-0.8187381529342488,0.017891249455512796,0.987894791885329,2.062390390982746,2.8684258988883884,0.8141360018365607,-0.07682011241506403,-1.0520790633125823,0.4765080432739317,-0.6068224842482721,1.1963452973731123,-1.5337505106666829,-1.1246748102300925,-0.533934725388805,0.1596650802125398,1.5339856166258496,0.3041642612351306,0.23326852133599507,0.18633640190630418
SYN3_0953,1.0148301580567145,1.9429882489881112,0.1942192346107877,-0.0013942381475739998,1.0856677009727287,-0.7171377955747966,0.5790406580355696,-1.1509336236930252,-1.405058966391501,-0.34020468246529906,0.9647149137009986,0.8524217529097217,1.6439639475604428,1.9424043097540942,1.5093387203107644,0.09914947715600396,0.47909714045316665,-0.872514809353786,1.0323317368492457,-0.6685207135935115,-0.565522889368533,1.2037781842897435,-0.4529607765159526,-0.7166941798656138,-0.853159532698434,0.3465490023978955,-0.08607872380081702,-1.3143987376872588,-0.4042080283268016,-1.035116546367691,-0.30407850473853065,-1.4338599703008341,0.13903026746078592,-0.13646864291936694,-0.6587394122784811
SYN3_0954,1.8927908871855668,1.8920791073947154,1.42007848082212,0.7692256307745879,0.7529950186625055,-0.6993284061376734,0.17029146212744706,1.1304807127849716,0.13180959284944832,0.8640791038130622,-0.11174920242343757,1.3162655877563219,1.343034227633125,0.3610202028160143,-0.6128111814730476,-0.7297353162130131,-1.0271522548600134,-0.6098033810271316,0.5395854156824657,-0.32573665590204953,0.2487788810928072,0.08110782779688595,0.6730893071419399,-0.23192224372440573,1.3578830693940271,-0.21543897654335478,1.426764089360175,0.5996757912550807,0.6540910089072699,1.3959321715411641,2.9539324627470656,2.053671657445312,0.026206686198205285,1.9737061707204497,1.0925037029541582
SYN3_0955,-0.9903129783644472,0.7189361535370351,1.4816028186869468,1.430760063206727,-0.3833222855373619,-0.01794298912573209,1.0270004219300697,0.6476342284263475,-1.9354146874935483,0.14634528529234953,0.4802109717419087,1.0142603834986292,-0.44148165398452177,0.5104148489946934,-1.7475307295927245,-2.235948958593263,-1.3633339529419362,1.154821310497804,-0.8604670685613401,0.5671051582883304,-0.06556291756872,0.015262266768095249,1.007560931427456,-0.6185941170362346,-0.5442727886807623,-1.012348243333761,0.547176735435894,-0.023508635910959183,-0.8920940780375465,-0.4262251207025686,0.9324457606643435,0.37597663910899737,1.3145091892976533,1.453200798843101,1.2010579161791133
SYN3_0956,0.161152678065783,0.5021244393887133,-0.1868071130743722,1.1844923211605352,-0.02670860353522159,-1.036659014925754,-1.391107173866325,-0.39335465273294207,-0.890784534834784,0.9504542245743286,-0.2132595686956702,-2.849493102368035,0.14461926626337349,0.18677736259891167,-0.07520671298720373,1.2158182385090253,0.3867781828298087,-0.5943306846993127,0.603686956404493,-0.6706012096007672,-2.272305672520911,-0.4982988220262455,-1.64881209101532,-2.860322264058818,-1.6254095949409149,-1.3518889022777119,-1.4742696337836394,-0.7710961239103504,-2.2989828241367256,-1.023606269331333,0.13789249534330342,-0.41518844288076107,-2.991673707344318,-1.3625073365284042,0.5839280664049592
SYN3_0957,0.40674159818873057,0.817881262030276,0.056085354302141656,1.0276701890831235,-0.08709697323231082,-0.21468079313421298,-1.4119742985377295,0.22659128633689732,-1.534004701632872,-0.7683842950138653,-0.2106557526663315,-0.8716356158981662,-0.33121034361423574,-0.08649253277620199,0.2639049429074397,0.9324956546681329,0.2653093351278058,0.6260861798119379,-1.5370113602038384,0.3193381582228435,2.3830812833088046,2.2347599561362608,1.249797286236354,1.3063253412624454,0.7256520212764836,0.7504238847370749,-0.7384232365203679,0.11081405314531315,-0.6980539653488342,1.4197821444159664,-0.10201113642378125,-0.6925487939951354,-0.9550626769421732,-0.7259786321550287,0.20060728997231264
SYN3_0958,-0.5608427422659205,-0.10147935400332753,-0.18001150192999793,-0.6173967308126279,-0.6233158277608085,0.2963642196847714,1.4709310725044302,0.5755247063860579,-0.3026524291300999,0.10315642661649445,-1.2191772567355124,0.2897684655483468,1.469622270301547,1.32524572546665,0.7591821735589878,0.7968012934036383,0.9832739838358777,0.3065597756452287,1.351739068344503,1.4173029440238913,-0.8890283996784393,0.06852882020105222,0.18989894728940737,0.2698310104271074,-1.2249613295194102,-1.1125789234516426,0.1669666167229518,-0.005602127145034461,0.1715640363371459,-0.7062255950808884,-0.3361693362963494,0.49408608374711066,-1.4107385936452217,0.759055913073739,-0.13563515279417399
SYN3_0959,1.0450118834580975,0.5572423560487806,0.14038717528119532,-0.35172558517141506,-1.1103659874266552,-0.20346961176240214,-0.3461729767839528,-0.08327435158156758,0.26097265268167263,0.40314144266806934,-0.5556333200983743,0.9495989263675776,0.17966344371680387,-0.6947651903029641,-0.7513889342066679,-0.6257354708429275,0.1460921753008286,1.9926115814914895,-0.05488305540807703,-0.13340492357830944,0.03369491186709821,0.539224250010234,-1.5843992403467642,1.789859168462461,2.5437338725624117,-0.3576135185645626,-0.4618320934450085,-0.253766889244602,0.7667485301636388,0.1659333645050365,-0.692015703348079,0.9383796194936355,0.02505032403428542,-1.4363962453291819,-1.66281906218943
SYN3_0960,-0.03592402182133985,0.47088102873565224,0.1508828795343627,0.18903517414106594,1.4508059089224292,0.08033516377534211,0.2993585720515624,-1.6747859719289895,-2.1945639403078525,1.1372051611825984,1.5384925094378015,-0.6667559285239996,-1.465587381290006,0.0010145545460858443,0.2544411411239278,0.4292792322469464,-0.27339934687608675,0.38916180955825547,1.537473520308268,1.040737954737242,1.447549583282485,1.2841004149633177,0.48433406197719014,1.6460433067863136,0.7762793465688649,0.45185972320714696,-0.05511763150575575,0.684716588980248,1.815297379252299,-0.45025059968982034,0.693857541797799,-0.4416437267459608,0.4285367450474277,1.408027308513819,1.249768998623542
SYN3_0961,0.3585996156024128,-1.358256937322096,-0.6779564206133096,-0.6509933310391073,-0.8708722705468814,-0.011313516506392524,-0.003793464284412306,-0.49374458663204635,-0.6010196685312497,-1.3036358076195504,-0.570642790116952,-0.22568572904188167,-1.7810327224138587,-0.6707698066318849,0.7851982943236366,-0.11663939872286636,-1.8621492001705382,0.5158696859843519,3.1921285729620226,1.366911511217969,0.08713034001358747,1.6126875289230322,0.7903567143799457,-1.5552668837938761,-1.5624845352194545,0.3102377198701169,-0.010146812080384688,-0.10673449533072418,-0.15450048531248708,-0.3889518957535255,-0.5828579260960536,-0.016751506875912568,-1.3893467769067627,0.06930163289037183,0.3772305272148505
SYN3_0962,0.6162245890006359,-0.4839923568634081,0.21832846607041628,0.20044661851976442,-0.021243249730656392,0.31886140837878413,-1.0728890719337012,-0.8807180088047535,-1.0204399428668411,0.329576025531466,-0.3130343195260579,0.26022464016137986,1.8039337428971505,-0.06950881462913389,1.0442302214705181,0.9266988123639563,1.726514095536188,-0.919793026147472,-0.7210877026775896,-0.16076729207879356,-0.6132811568163161,-0.6782089698494647,-1.148211636706567,-0.959664934542733,-0.5462613116974873,-0.23610382293961663,1.4164892346259739,1.1268890108914977,1.358397219004147,-1.2171331003912595,0.35577504561134804,0.3970653417852757,1.2031215113033342,1.5498796528213443,0.8092319870971544
SYN3_0963,0.9622876626457688,1.26473334882915,1.2714736997795162,-0.3068495265556064,-0.1904964148362461,0.6489254860611566,0.4567216656165735,1.1445306174536483,1.3098106011200428,0.38740329369029347,0.2409474972816259,0.44109022409452403,0.388737871991126,0.5262597371577388,0.20362100412963563,1.7890295938729996,0.8902266653607555,0.5795025055428037,-0.7630917009412845,0.03507281171891513,0.6693153936862755,0.1802011565110042,-0.1133134564366475,-0.3549529800275452,0.922469206416866,-0.9140856333339409,0.39454433916136494,0.42215782910822847,-1.2808878232278054,-0.3156403399801924,-0.6523761342244039,0.4667442358138159,0.9361411296832228,-0.3874269624968762,-0.024208497172195153
SYN3_0964,0.3870974577777538,-0.7347317011236366,1.3755426620305944,-0.6783770592907481,0.8552527836816161,0.8720754310725106,0.8888034786493922,-0.21228580131319716,-0.006709570357505272,-0.13064629450379314,1.0239211435231508,-0.33099986941667675,0.32245772081602025,-0.9231496128029966,0.09463972607199501,0.27157183723397665,0.28050098216038694,0.5891333154485957,-0.29629880057735364,0.6778060057670395,0.66930826312545,-1.055265266246884,-0.3887298054608033,-0.1091216879029794,-1.8229154357517694,-0.16950019385083026,-1.2236524692591306,0.057223774079579764,0.4960832390105249,0.8610812875509541,1.4526714430370058,1.0269771849399778,0.35982098825756237,0.6206335410833512,0.9775745045224754
SYN3_0965,0.6813057249299757,0.5981863148668178,-0.7567994253860201,1.187533441586927,0.643613863816348,0.9877520069594994,-0.7555439081484341,1.552522354361868,0.5871244070558423,0.2906553925754681,0.3607340993082873,-0.33931429571615573,-0.1420670081173585,-0.7979930664665494,0.5967334419614639,-0.4370435589907392,-0.060471720475685595,-0.2592006485350128,-1.4406697487647104,-0.5092821461481427,0.7140504282363654,-0.546282332310769,-0.8884012381564961,0.2610241933907109,-0.654382074034524,0.2503317605978089,1.850751999455335,1.3379319711318312,0.09837452689626831,0.419329773040747,-0.3200321274059982,0.04172710845685588,-0.6583780289981525,-0.15775296800923513,-0.19593124068556558
SYN3_0966,0.5367692407220582,-0.14207662293188633,-0.8778935089490558,0.3034890104600396,1.033414366766482,2.5311830911335407,1.7329842989670572,0.6635206675880242,-0.7646367505245117,0.47979624248166475,-0.29457005247627904,0.20640129293067846,-0.2820486792759027,-0.6341700843703245,-2.168163309305253,-0.5715933709563447,-1.395315868903578,0.058802470360338595,-0.056538036821454536,-0.11081969478248048,-1.8327930839182929,-1.0784542462010902,-0.8747629419111489,0.01688334507771073,-2.033307067902897,-0.6472336354611108,0.07642543656432137,-0.18997970072635761,-0.7735102678207572,-1.7288574710857747,-2.217145907114387,-0.16374860970106606,-0.2996692462531854,-1.2417654842966737,-0.9053705963973492
SYN3_0967,1.8023719992255798,0.9311623216735405,0.8884487374841976,0.21934086121310925,0.07625851908145746,0.5146728233283623,0.5381574097020391,0.3032942505238188,0.7578935230827009,0.48669655688752295,0.32382210852009097,0.6601797647167815,-0.5872197312763944,-0.9613993509163503,0.8392701699691885,0.7854293975174579,0.9511201396482287,0.16076890706048913,0.3921500033695901,0.46674940920518904,-1.2807792502831308,-1.773004392723294,-1.0121608029713764,-2.0380098693541946,-1.4732897171135138,1.3880806998906317,0.6063543733593848,-0.5176065848719352,-0.8514034190028635,-0.1557244814158018,0.19247693710087274,-1.1908845532525447,-1.5051751741697688,-0.9832220908530983,0.51811023181218
SYN3_0968,0.08057890089005323,-0.9109726982208531,-0.4142073146041593,0.5852558196725489,0.4566505944950883,1.4200482705833204,-1.1317513945174416,0.8547402474456804,0.12035626801640166,-0.13639849785154792,-0.2636866233310158,1.2526676220722215,-1.4015302895179131,0.012311474723197983,-0.49184660372620637,-1.307719728432932,0.12717423979645334,-0.03427698997546545,0.3900381633840853,-0.5077984275742243,-0.16829435817001256,0.12036790944608872,-0.1659845840322653,-1.6561744701743477,-0.44567568808344327,0.5268292510528509,1.9103182723797354,0.6227497848733163,1.305481786574056,0.9730224366657407,1.6854597326584555,-1.4338803919995795,0.812016422025876,1.1948062900821848,0.5555979497031522
SYN3_0969,0.7216310899380171,1.301059147051642,0.4377907461446261,0.3663969295309552,0.7304269869027272,-0.326118505165679,-0.42597415612966705,-1.9019968679428811,1.1121631351651522,0.6500741859231346,0.46250875951623105,0.30511273056657207,-0.7066961838002161,0.2684030758925448,-0.019869769149802007,-0.04402351622291935,0.0037028970677220213,0.9092174269324949,-0.9611245538100991,-0.6060432314246536,-0.6303114909199922,-0.667171244709015,1.7659898375462928,1.672948884630829,-0.893450378655851,-0.7865336249024005,-0.5144084549120954,-0.8632977933498507,0.7702926121444473,-0.48317516972064434,0.13122301379261078,-0.9261736235072616,0.306480285384432,-0.38404935032352555,-0.8804868446652404
SYN3_0970,0.4002346163464454,-0.7637339476023174,0.5791034866053213,0.7701374960342816,-0.6217711718168251,-1.5443714215062718,-0.3594951849070682,0.3356500257724984,0.04508750733967047,0.6287906936088151,-0.8511201193828296,-0.2177677597362218,0.2338026959710915,0.46204136388910194,-0.4447063171310076,-1.3950106904869313,-0.4964882033825913,-1.1697881947505335,-0.19750570894414493,-0.5698970309990407,-1.3393804701335823,0.4694591276263883,-1.5832767005046602,-0.21343411134216642,0.8861999396423094,-0.4141328252823593,-0.6431318975296408,-0.6075983200394067,0.07246303984411198,-1.78355828340274,-0.6795113781414751,-0.05816313696676393,0.3212747169942025,0.9207750760472366,0.18714315996842926
SYN3_0971,-0.8273772989994186,1.091152746185541,-0.5829951437821667,-0.3620523936426547,0.5072906967693499,-0.6730237980846697,-0.6725887826753781,1.0582519829184427,1.0063895829513558,-1.4153145273247785,-1.2510510672192998,-1.271004239357236,-1.6793174712411107,-1.3477100709489795,-0.41094470974090386,1.0505947038802443,-0.04713465840623721,-0.12657565574227073,-0.21426935105101158,-1.4246418833266727,-1.4956936805616474,-0.9115387600899428,-0.01456470691681916,-0.3467373122556539,1.332887591249771,0.8090312279182333,-0.567280625079482,-0.5781455193752897,-0.5730055448765052,0.198346982185469,-0.5880311431477845,0.8385893706617126,1.8938896315903304,0.23851761572873137,-1.623013187990888
SYN3_0972,-0.34289385299345226,-0.7211374078997065,-2.0436414528050695,-1.9194186374828683,0.4942041927626513,0.9919903026472282,0.5622593569041245,1.0544840961171087,0.5915834541589172,0.15607887410614596,0.42669492465191455,-0.664199894091402,0.7492647345612836,1.454698896907307,0.7400793170647859,-0.13760854865029923,-0.8355097166626007,0.17202607718783583,0.8811627153039878,0.2711935336550713,-0.12087085926763882,1.348757191019956,-0.9074861616153371,0.04433751246369527,0.3098968259152625,0.8646296553854852,1.357223740211947,-1.1205343100177014,-1.0451548794155485,1.588137229207739,0.6754598770011329,-0.7289351193154264,-1.6828075673053837,-0.3264143458924285,-0.2972803786994779
SYN3_0973,-1.54767129191669,-1.4614910549632107,-2.336011130206648,-1.2817843087941532,-2.209201912879843,-0.7103858498892419,0.7265799499912291,0.46554357090568527,0.3216662799230484,0.2379649954657733,2.0595260640826076,-0.18018454156372724,-0.42200049900412784,-0.7145964697428056,0.1257537932082534,-0.37475899692549375,-0.3928186644016037,-0.6171405359318466,0.43512603701221036,0.6890584632773029,1.2407056718680836,1.5874780688197685,1.86271467197057,1.2449971304207257,1.198802966383338,-0.7408359215272987,-0.5560201264435477,0.27465022891234914,-0.3848603113386257,-0.9300222751498957,-0.8073887115017403,-1.0996682632533241,0.5585505344218142,0.33067761984564,0.366282164331372
SYN3_0974,0.8725077325415161,-0.8189990327078674,0.6046276967993208,-1.2142730949045868,0.47553616118133113,1.2157638586184412,0.1822978863408119,-0.5909883877133878,-1.5292254549466453,1.3003842254963718,0.084892807436826,-0.3500513839564938,0.8381633715789346,2.9264385942464557,-0.2387923277387825,0.45294653919149014,0.6750378118287244,2.249739720311983,1.2964806638398314,2.78431667823631,1.7831372930229836,0.003349030604506414,0.5787560156759526,-1.711125130568997,-1.3660750654373375,-1.5305365979162115,0.3827408413147186,1.309509198538809,1.1451900194004958,2.0682007997020415,0.8179267093633453,-1.166218276523038,-0.9642199553766331,0.4509965018568244,1.2272704043703022
SYN3_0975,0.21056329893490272,-1.3174677265605517,-0.4468444747289925,-0.0242346176010973,0.7812096632134603,-0.0419261496563533,2.0701373747156513,1.2561084039044188,0.10051285236648579,0.08107586825436577,1.6528570044049913,-0.17305852741029074,0.9490558588131698,-0.965217646103815,0.5812410841163829,0.029200347130689492,0.020072395261252027,-1.5704278299998846,-0.9698224890999448,-1.0251685363018233,-1.6855591828794465,-0.5084988312920441,-0.6526281994641527,0.4934629227723029,-1.6295909865731772,-0.12480075762318832,-1.5654235149622253,-0.14753263901327088,-0.2060415815488171,-0.9393856586133721,-1.3534241590303855,-2.565013918369911,-0.7200101594531334,-0.9850914168381425,-0.7867919973531582
SYN3_0976,-0.15605934048507056,0.898606286437437,-0.12189473576301002,1.4016570830010389,1.2019825905422497,-1.5991671422993998,-0.17288869074148552,-0.3156117558848258,0.6167104956275301,-0.6721595315438018,0.2517017154998978,0.9103607529831867,0.07653364872382494,0.33756251236057,1.5848064581601224,1.8010257265247986,-0.8437233195807486,-1.5193535213576517,-0.0352612083962038,-0.08568608637675759,-0.9695403621056391,-0.9107264513231502,0.9233507956844521,0.5920531822542024,0.3667623351769158,0.29917930617640365,2.124986590842567,1.5021599750741554,-0.35280747461284984,-0.11189575103947041,-1.9391806836971914,1.3348245498819529,0.7703369447837706,-1.1436393995241294,-0.3103063773855298
SYN3_0977,-0.16840453673093195,0.35530487826948254,-0.2686528846555204,-0.13995465526326012,-1.749118241895928,-0.8742678631983154,-1.0709759506051704,-1.197440937819829,0.9580503786806798,0.12489559273383084,-1.3840086427879086,-2.6997319172343675,-1.0468063302575152,-0.903863722640884,-0.825492651639747,-2.184949225763672,-0.7237494778441829,1.190712525168707,1.1559895460220504,-0.05575036688863123,-1.5548299796572613,-1.3973733113064186,-1.8550732466140656,-0.97528083448654,-0.9991042242275732,-2.130746229421974,-1.445708162636309,0.24940119946749348,-1.027023350215793,-0.13192882461505565,-0.6017044143243269,-0.1272050907666652,0.32616637148502076,2.001471491343874,0.7008973954685236
SYN3_0978,1.5828289989009787,-0.051833727737180674,-0.6697185654695259,0.2911728282774788,1.200616063924161,0.7507565482753222,1.7920517916108247,0.31496854197998025,0.21914704638300164,0.39070542003549796,-0.44097276189339923,-0.5380493823285666,-0.027293424836360467,-0.23845766822381195,0.3734885924391177,-0.5300044413852244,-0.08011262126238941,-1.86574136056837,-1.4818441425334827,0.46988554721655157,2.1507228848629705,1.1518785369189064,0.05167842542213904,0.36274010331887285,-0.722273657798094,-0.6926395326471287,-0.3636228244216296,-0.6119414831998579,0.5616894840423684,1.475352926571123,-0.379962644906696,-1.292654124140596,-1.051518479217006,-0.7295444803133657,-0.32174288111139193
SYN3_0979,1.1617105617050132,-0.7539134078943832,0.01694475814141936,-0.5475098136032609,-0.9023187797314809,0.9634693303320672,-0.9609525843070468,0.2424005167412132,0.9865781775737607,-0.66497488372056,-0.36089329061978104,1.83780395613276,-0.16849843396843192,-0.36846495788705075,0.19302359807709513,0.3368635530049829,0.5786510811195347,0.045771629670521154,-0.24775057604582928,-0.24376500524391112,0.9035799782385897,0.21396136305103486,0.846038794022085,-2.2829922598976338,-0.8580881229678666,-1.097255900855793,-0.21272744576452576,0.82656107195489,-0.14417591025450477,0.7019149082686218,0.5497811963609984,0.11066594036692125,0.21727980612578476,0.1693966030354976,-0.6822196229517191
SYN3_0980,-1.7282857645589502,0.22370936343779,0.02016820174010921,-0.8241156103164826,-0.29134930185064745,-1.142366816610325,-1.4897026800828403,1.6994224414724355,-0.4918728607358211,-0.5931320524497098,-2.1268689539072714,-2.11150354506929,-3.058877306338281,-0.5831606031741409,-0.34719392186270437,-0.4253816696764402,-0.13924571419200366,0.8298737682037799,0.07359261142173898,-0.27084831504003204,-0.7692846309580649,-0.22929921366770029,1.4824126688484525,1.439954561955119,-0.2885984404433283,-0.33788075658632816,-0.16599832953665494,-1.4967424077428306,-0.7611725451384006,-0.013699365208498229,1.0757214148865992,1.8938481660905095,0.38784402145470187,0.3147174942538822,0.9854085512850342
SYN3_0981,0.5279319077735306,-0.6750472749828499,0.13750750766020908,1.1699116454145964,1.3786852566802459,-0.22273590098729731,-1.295497823656072,-0.27123376618960027,0.5966138356026155,0.42172875508358404,-0.07018834181353588,-0.3598836267283457,-0.7316880254847732,0.5272898259151317,-0.23635027480468093,1.2310880026874267,1.536968559611989,0.21560757537638128,1.3654832325238393,0.5164848511709927,0.15425425562488515,-0.7298051086838234,-2.1762410666540313,-0.4843754941614566,-0.35162164593944334,0.25170401898456113,-0.8589129185926201,-1.6617301534856685,-1.1501440357055306,0.4421353477411033,-0.30880081412935984,0.9018468346021635,1.0904076992356886,0.6484600421018789,-1.0774986259390833
SYN3_0982,0.6776085211082329,0.727535040693178,0.19536757350613018,-1.2560813202361727,-0.5450621862774808,-0.6820905993971306,-1.1418959612537685,-0.8893381535526479,0.09054684979335074,0.7424540731526583,-0.6507905215198436,-0.8695135206458157,1.6505314254364403,-0.6786392384505876,-0.5198886420536412,0.03227678109084115,-0.13624660746318912,-0.12145032373052084,0.33077609463802116,-1.2095351420457592,-0.48775825918037125,-0.13992342063711488,-0.3673126802081245,0.41834371478292526,-0.30389456197298237,0.1425488137398203,1.130090020956651,-0.3735584706272739,-0.7620167044747408,1.8964146382164517,1.8283704072247637,0.47797459162114964,0.43212575756615396,0.6750834083653777,-0.3938293638236424
SYN3_0983,-0.3601905525101726,-0.6027845805003931,-2.27671127686,0.06057662261530922,-0.6883562707137565,-0.8632222664698563,0.8008763994251176,1.3130395941045658,1.0079359385520505,-0.10021527848962979,-0.9503326304363668,-0.22159973281975578,0.05066271886319063,-0.21960401464782536,0.5034726759322248,0.41315751002805823,-0.4381064309464724,-0.7935624562658051,-0.6877523880909674,0.29120112511252044,1.0687549027316885,-1.3377345243612018,-0.16343970160355403,-1.874615105603984,1.2976161857636532,-0.5130142372838198,-0.02944387166045888,1.1755021232035652,0.4868626680893971,-1.1814568433658885,0.3860589824344988,-0.09138591594411598,0.056878631698368556,-0.34475444677017325,1.8526840111980134
SYN3_0984,0.14877059216652486,-0.37417646154388245,1.4519100210598923,1.7595235293188656,1.133357028262366,0.32706214927321053,-0.7535614749955003,-0.9487471022295595,1.2711983344958937,0.2036645718974431,-0.45551684203980813,1.558783417290131,1.6204300606578819,-0.5015605952753758,0.8503533678086511,-0.5116762097644989,-0.7964618356617718,1.0726041931129786,0.7110797562099718,0.6799921787985433,0.6669511768590386,-0.565533822701135,-0.20354799244175767,0.16730447055399533,-0.11374680082566678,-0.5077612570650002,-0.5809981730142851,-2.738393960249156,-0.6540279175555415,-1.371023166447951,1.8212749659416914,-1.2786850902091393,0.9558212216951948,0.11626441671206221,1.133834603802589
SYN3_0985,-0.736210866821878,-0.30464074504832095,-1.2813118646014778,-0.33332292580228734,-0.8405286915744601,-0.16092046879775965,-0.3073398270526779,0.3840765617979871,-0.3419934580666163,-0.3366489623422468,0.8561562169398782,0.8261556591746334,0.6066296825049646,0.35950143533968265,-0.00459548773004781,0.3647369507764266,-0.3252719501916661,-0.8835217042614005,-0.3382833497917495,-1.0825649738938647,-1.045137293826942,1.1202040208568254,0.2395516993500652,-0.8863434198323642,0.34314833417003865,-0.03564011598261778,-0.611467643025261,1.0841777686286247,0.7423202522874568,0.32418693245487556,-1.3279463202085298,-2.260562751073749,0.2897964947464745,1.3457478179946232,1.383113817326045
SYN3_0986,0.16191104946248652,-0.535390185722824,-0.7759607576400263,0.04538800562547657,-0.4827423602114578,0.26896069920549326,0.14858085731340684,-0.11606780974884656,-1.6002611063287173,-0.28747346637861176,-0.16939956780528884,0.6676296360342928,1.0985173317347003,0.15387499080439052,-1.1716251167176737,0.5560845804560625,2.694978493141367,-0.5055210632843595,-1.453949818149853,0.7148996743765321,-0.7644659210851912,-1.476768282142702,-0.29651590511000503,1.7058408466506432,-0.2738309599981511,-1.052145795797767,-1.8892093114614734,-0.5025296111071078,-0.002186122041836759,1.1682209193381388,-1.0049631401425547,1.1008628348245002,0.8890039621054544,-0.09115374355672075,-0.28236417895485943
SYN3_0987,-1.4187361575531463,0.6110932598461885,-1.1060287952891417,-0.6918091900438046,1.2307991974905632,-0.5076006665065035,-1.5839781367762154,-0.11450752237976161,2.570517748688873,2.6634175750351803,1.3667339769821527,0.022917850093452565,0.6465486156045115,-0.07885332727957449,1.939087137682604,-0.03943961619273507,1.2082754081557519,2.001293761206025,-0.8276043325325815,-3.200719752243544,-2.17944343843345,-1.5102512181907533,-1.1526899754878202,0.05593443917827786,-0.526804402064478,0.6307347108929744,-0.7057689489058866,-0.698853069897628,-0.1739290929712952,-0.30335847769525276,-0.6888878280703241,-0.6680333963234715,-1.0878908011761184,-0.39248274839431574,0.6828978944393841
SYN3_0988,1.1871095575559847,-1.0507327573336933,0.34102771384974423,-0.008312507533543703,0.1648651527069845,0.9822991141818478,0.6206967868802308,1.265990609871425,-0.7863629950071201,0.0653321237268016,-0.2816641757767886,-1.098354637017247,0.4547870919729985,-0.35057067282881643,0.718130153919886,-0.8989485560217044,0.038418991963420406,-0.4162602579441169,-0.2367888551613255,0.9055875349604294,0.29283072335562593,-0.924531595401742,0.6818601508609672,-0.014448690992690992,-1.1997532094743821,-0.45876453477326706,0.7619507865912913,-0.6674921076675503,-1.5380511674320358,-0.14771573641614127,1.1139925148526548,-0.4615531288754858,-0.914703566380088,1.0672765101577268,1.7963517750382032
SYN3_0989,-0.4990325137865972,-2.319487425012074,-1.088327667627247,0.12010679949023369,1.2512381132214359,-0.5001391726446758,-0.11389654783061262,-0.2603569025306082,-0.34873607947195856,0.501251383276261,-0.567556417563895,-0.17666724237123707,0.33770144878361974,1.2483668144379119,2.8908251706163686,1.192806735072506,0.32338895006466034,-0.8252418496455967,-1.817086040271701,-0.2840368631895105,0.029115353530298104,-1.241435428048729,0.01862535635017864,0.09061418518777041,-0.0667681554704006,2.0234936285500926,1.4138654247285067,-0.06291994438629267,-0.3853095788857628,-0.38615768737809736,0.5856086963413717,0.2429788960322072,0.6062446102942319,0.2916459554350546,0.06395431042444734
SYN3_0990,-2.2517418542565872,0.8960855918066616,-0.8822846187522024,-0.48417622584817993,0.9017556364195441,-0.37440862120862634,-0.5076891863848682,1.629509940711645,-2.1729410438490233,0.0020620906518809207,-1.316720439858176,-0.13915650743660904,0.9165877503326636,-1.199165322233673,0.28118043632225814,0.9286877897893366,1.7172437801864746,0.09245207868330689,0.41974775533747155,0.036121398922803735,0.40439011163127253,0.6720344695176507,0.789276153437997,-0.7975776668001092,0.6687867118550941,0.7769901146806838,1.077225947117551,0.7313674397916772,-0.6571661477711257,1.0850732428999517,-0.006852133545883695,0.12909947705589464,-2.6568700848349565,-2.1587652458650974,-0.9647698556686414
SYN3_0991,-0.5959571448900848,0.21046254677834023,-0.6666691278368753,0.33849110849279546,-1.1761061508815212,-0.4944263256579467,-1.8760953709268013,1.0861420029468547,1.678899091116044,0.9241079973870883,-1.2126727173146292,-0.2382702225637163,1.5283005147730484,-1.2070238392016117,-1.548369332725087,-1.3152436205717046,-1.382105182353039,-1.2752760688542513,-0.4789195328373221,-0.6784185575491876,-1.2423715487573086,0.30445071420220327,0.13363704624525877,0.0992589095803797,-2.0032578436035506,-0.5361277101082212,-0.4556023849066544,0.018488416938101083,0.8503672448787003,-0.4853274886660341,-0.2608221451004567,0.29667170867029996,0.7976859579241682,1.3863993141430142,-0.03976291626477002
SYN3_0992,1.3972719177728243,-0.7012085541638758,-0.05022961338272886,-0.2288481919304843,0.6442564535244063,-0.8149288553784487,-0.03306921900899043,0.32948675557100443,0.12665022196224315,0.9442801734818171,-0.5135598035406624,-0.9893345396518618,-0.402793609452281,1.0971076006004825,0.33606057319980775,0.3553999085957668,0.4940824482105764,1.7437120674337467,2.1565994657107797,-1.701856497379915,-0.26539987659361797,-0.8194294502033447,0.5718802384265957,-1.0907843715794137,1.0060280116182987,-0.1850833244952281,-0.33392155985982397,0.019610009255370486,-0.354602496339165,-0.8087432010108362,-1.8362462494850582,-1.7231152009890984,0.20004543454395896,-1.1232936197821861,-2.26126269530388
SYN3_0993,-0.3816971265636209,-0.7432189396083659,-0.1172727962263428,-2.4193695486175835,-0.20680466145243362,0.1298170416120167,1.3125885317226889,0.7846764618129546,1.4457369489222895,0.553169880353326,2.4917001887815693,0.18354139784569018,0.23008703631154473,-0.18112797350884408,-0.3119196006353658,1.3829396342289584,0.18164267697409398,0.6571729596541456,0.5141779964606961,-0.3702768569037385,0.1791033527371758,1.112380530802852,0.893179110910961,-0.7988001292883599,0.909540184785278,-0.5737192515358338,-0.6996099012741525,-0.29738322061901856,1.0861507504306471,0.2741445476565038,-0.7457814828455154,0.07987412536756212,-0.3464010924941719,-1.3790033322084263,0.9141990751583093
SYN3_0994,0.5209943498520981,1.3918897232718488,1.013936309523346,0.6918125596417131,0.5538619004440842,0.05079394709707261,0.7511871553600038,-1.0767218594439245,-0.16305024313251598,-0.3535776351759779,-1.1497146203587216,0.7310736509481477,-0.3357629643769822,1.7154556688084754,-0.071250938605826,1.3412533985143156,-1.7720064706281555,-1.0949050860340568,-0.09062149407481344,0.5908163509576955,-0.2708412598241589,0.8471501977501056,0.9676854322110727,0.6003069004494509,0.4765354848185681,-2.013321523946768,-1.2594724313850418,0.9471416763787721,-0.4891239041544242,-0.5797546564855963,1.0401180695998373,0.6072047590784553,0.5773377442068219,-0.7519631556978625,0.8184406631683618
SYN3_0995,1.0475867615729704,-0.9302111160839248,0.21833652844723092,2.1198711537356045,1.272853490192373,0.22363985280434853,-0.14658015892430432,1.0274811790508107,1.7126471787304278,1.7723886210182254,0.9033561221879335,-0.2272184910763749,0.1096481820115535,0.5014931759544092,0.41806064215277927,1.051154798622412,1.8288222497823232,-0.3092394163004787,-0.03986200428048605,-1.1659602423455058,1.2093884860113981,0.6670378232036951,-0.4531908972745749,0.7497996173442619,-0.04723503451299416,-0.1360595776049276,-0.23252279927972827,0.9730833871319985,1.8716933233813096,2.5335095876581097,0.8299671647812559,-0.010053306399998475,-1.5037070318430368,0.49154090095641034,1.012043823440364
SYN3_0996,-1.7603918941731798,-1.2759490219692184,-2.406799381468035,-0.6511357458745949,-0.11724326741509454,0.08321845149010298,-0.3709944424242023,-1.142921859362718,-1.8686258720277176,-1.0377605284846103,0.5446140856414995,-0.9147611304909593,0.8999096801683514,1.2845168311535486,2.176046312764134,0.8388292960943253,-0.49138295991284203,-0.4196329306864211,-0.8473146426849706,0.4986629625907226,1.7268384854021377,1.3950709560379253,0.6079168595083195,-0.10101172792663483,-0.5475450290349584,-0.5263971930263317,0.3362595568688944,-0.6330201166455275,-0.23822240671405878,0.3881586940612741,-0.7502458746514652,-1.0349728672105938,-1.4309383358898426,1.1689453252646995,0.8720435489600002
SYN3_0997,0.2547040022100684,-0.10629811471892238,0.6330561336677054,0.09309961220696066,0.12333285616813446,-0.0597384872510151,0.6365826674889841,0.2944407687508587,-1.060702853748242,0.006401308140947656,1.1698532886729096,1.2829543299989856,-0.1644533870835717,-1.04961293852008,-0.5766051688515487,-0.6943789135369421,-0.5583840215371245,1.7106879637175252,0.61247123996406,1.4711167824919749,0.028362924261649387,-1.096500920476221,1.3886324179975382,-0.7566767904372885,0.04805098322331271,1.3102986687527758,1.9745826872446175,0.834351913794557,-0.6186455250437799,-0.932489679078398,-0.9097803267153777,-0.003271139325378289,-0.4576253983865975,-0.21416217154917158,0.31652264643552674
SYN3_0998,0.22521063522757268,0.3235878697545805,2.041317183031307,0.733599282388676,1.3043921518105093,-0.012674522520516,0.8285158749423832,-0.462403787116584,0.7839981552756686,-0.8137573549135516,-0.35338210923816693,-1.3557908774002605,-0.8008385327609447,-0.21256482655829254,-0.17445798709386992,0.8795907467649512,-1.0137519608750538,0.7602796246513734,0.8229024151162079,2.485646532169886,0.09596313909175276,1.0498591343005224,1.3059660280820473,-0.44431416050469236,-1.302354899864308,-0.05869436810375717,0.9493195225633179,-0.6099949178788222,1.3238793244486848,0.3705519567318246,0.6795328915944884,1.9257271749869331,-0.18119616851915843,-0.33290647996654343,-0.7375227263599884
SYN3_0999,1.2228057046803493,0.6053777866064111,-0.12648982531708586,1.2140560000764358,0.5133417154896243,0.09638688887349668,-0.14407546345413313,0.3648168847070686,0.4007594723766625,1.2453512872766948,-0.8124093996886148,0.5780913509238071,0.790332565229842,-2.182404843344519,-1.4927741319818881,-0.7994997130127444,0.3561221606231636,0.5029762170272856,-0.4700186325789567,0.8740514416402125,1.1716178202077008,-0.001176160162845725,0.23496724204985256,-0.4900627979235496,-1.675571664341558,-0.6081026065823554,1.9861521839391942,1.6442406121408113,1.952916700784274,0.6002619106571155,0.5097386563473434,0.33951349914661716,0.7126946016241262,-1.3392166960017866,0.5233841207565962
