Strain,YPACETATE,YPDCAFEIN40,YPDHU,YPETHANOL,YPD14,YPDCAFEIN50,YPDKCL2M,YPGALACTOSE,YPD40,YPDCHX05,YPDLICL250MM,YPGLYCEROL,YPD42,YPDCHX1,YPDMV,YPRIBOSE,YPD6AU,YPDCUSO410MM,YPDNACL15M,YPSORBITOL,YPDANISO10,YPDDMSO,YPDNACL1M,YPXYLOSE,YPDANISO20,YPDETOH,YPDNYSTATIN,YPDANISO50,YPDFLUCONAZOLE,YPDSDS,YPDBENOMYL200,YPDFORMAMIDE4,YPDSODIUMMETAARSENITE,YPDBENOMYL500,YPDFORMAMIDE5
SYN3_0000,-1.4102858278009769,-0.2263250423911182,0.9591351379123174,-1.038153674357032,-1.9826114207042775,-1.562795522366838,-0.1418284328142919,-0.5883150991490841,1.0385283535993726,0.4947601205640352,0.7640426552422941,0.4071017494650941,0.5010630363684979,0.5167303264053948,-2.386258673398906,-0.6642912394874276,0.6735857001660651,0.0439357194607466,0.4730717919058634,-0.7054620371584357,-0.882517235208577,0.8828832676030774,-1.7082285458518311,-0.6357247883653167,-1.202397761795838,-0.3741338173625481,-1.1101378844103815,0.8209372747114818,2.3898108763643933,1.0361060158765525,2.186149352041316,-1.2699547730647065,-0.1127638110116345,-1.2873878283539069,-0.7498150322910321
SYN3_0001,0.6173520708153933,-0.2867021335385074,1.7738759378865638,0.6493482031151242,0.207218750473463,-0.3090756414310605,1.8732475584773345,0.2592539588213615,0.4312919775152157,0.983439339856909,0.6777799905563877,1.960945041467296,-0.1011231163536731,-1.9525906484272584,-1.9631980183695492,-0.6461129428412691,-0.6824658054221947,0.9674985791015316,1.448305716076974,1.4302778967001653,0.6603487071276923,2.0478553505143187,-0.1878558501656324,0.3661591564397538,-0.3718709682174674,0.7397473266027007,-0.1247523242514946,-1.2631966884234096,-0.9994841823276054,-0.7524808664382185,-0.9599413286170247,-0.4260383286462132,0.1289766829747693,1.032288544007392,-0.9019037453655004
SYN3_0002,2.483600863856945,-0.1681338319081498,1.3020388933803622,0.0390983986471815,0.7916522980918631,0.8591545466169239,-0.462989359541459,-0.1435875613395428,0.0959818474027211,1.1132277409551925,-0.0642906629891061,0.9454537010916902,-0.0911019062898466,1.450827277085652,0.1423665125000111,-0.2882962513918486,-1.3983550162079983,-0.3333776519914799,-0.0069692086647766,0.4735679964488269,-0.3506916729787633,0.393135600241399,-1.1933050389359392,1.026709953271128,0.8955692629253565,-0.1300138409611327,-0.2772407621844475,-1.260164137618337,-1.878783006789524,-0.4035262856643657,0.6045367113331881,-1.6316379212216232,0.9007450450245366,-0.776887016265671,0.3020700126899537
SYN3_0003,-0.8438811225340223,0.3484426848952198,-1.0146348826645188,-1.4938637872345333,-0.4666295949396033,-0.8888780747098105,-0.9390289815033817,-0.531623986353321,0.2695445601171507,-1.1778340819985753,0.3354580812720902,-0.1891410795326593,-2.054612056414228,-1.1875061040421402,-0.1883330066499433,-0.4034551666173422,-0.0796646926962869,-0.1501217830094419,-0.2477463369431202,-0.6905026293940894,-0.1643186037461065,-0.0874984308557415,-0.0148546389567585,0.4260071569532551,-0.1078579752825711,0.4107207487212209,-0.5169405720639602,-0.2538469766294735,2.541807049443009,1.034056534220078,-0.3024785282962858,0.3988349318504692,-0.0627313455374019,-0.473888478660112,-0.0689693965561551
SYN3_0004,0.4827842991150656,0.6137687914980741,0.9034277658998822,-0.933153315244052,-1.293360242928208,0.002889423105456,0.0519449225931391,-0.7338279147704,1.7887379812759807,0.0253684741681036,0.5906165800783091,0.5453557935555062,0.4251048789294425,0.4131948164933663,-1.7759050489616035,-1.277405372299872,-1.2183480056220275,-2.673423317722249,0.3556258268242795,0.3431176408539644,0.1426821329084095,-0.2458143225155945,-0.1434701963426857,-1.5587961054573856,0.1059906404520898,-0.2844446618801532,-1.7289754108358508,-0.9541753047354754,-0.3022760876118857,-0.2711671463049879,0.1568202544840803,0.2115997727172312,0.5907203148825472,0.2131282375494316,-1.421035447765767
SYN3_0005,-1.2918570538959009,-0.0070907465727983,0.826597987504917,1.5109047151965336,0.793606995521381,-0.9001928352235126,-1.490204366421756,-1.7528264855345264,-0.3376090116103408,-1.362408489663851,-0.8887156342387497,-1.235979187725663,-0.1233949331883533,-0.6551744971016508,-0.4270448412979453,-0.4017753571868677,-0.4813174942491561,-3.0490344710830715,-1.3298309345409378,0.4193303246063664,1.0346863005333888,2.5516059520747887,2.6394848014344694,1.0969930661841556,-0.9666968625011894,0.1293786189990458,-0.8095729902538014,-0.7392607243893657,-0.3419019562783406,-1.0389770028600165,-1.4131545564201506,-2.1411137431605565,-0.7635647962789164,-0.7378844028207162,0.2429759701935009
SYN3_0006,1.5776271526002388,0.9421627510436535,1.7178240561173226,1.5856010586833735,0.2790383754777611,-0.4866472849393444,-0.8179863169558016,0.8586230165545687,-0.2570231445434489,1.619125833523399,0.9534143770605475,-0.2981221937876537,0.0262017651705915,-0.3941420638492671,-0.7879483888955244,-0.9981762217444514,-1.0462052083881066,-0.7729910563189928,-0.9504700240959127,0.0744750330773709,0.1687290742749119,-0.498618716939502,-0.2988580099318967,1.0459247662404103,-0.6115980720381721,-0.1161583223692049,0.4559240741419145,-0.0388352111452118,-0.2579551091287849,0.4029984907195498,1.0626348757593702,1.0392355318493691,1.5705662261029532,0.4384909104691865,-0.046490403244918
SYN3_0007,-2.187359118352725,1.129510491182473,-0.9982876830068136,-1.87509219934677,-0.2260896520829343,-1.527624478509844,-0.4836939098363895,0.358981054774339,0.8346117958098143,-0.6993142348191942,-2.087837822056695,0.3952019918074093,1.1904988359874071,2.2252449776660805,0.2913296642648979,-0.4010286296974563,-1.5052275983577852,1.6039305322363304,1.5832487040758174,0.2083832119908481,0.1328910994251169,-0.3917009335704796,0.0212784626262084,0.6828668710568668,1.025712358209799,0.10612280769465,-2.402194497224993,-2.849147898475969,-0.0391740248752153,-0.5627456458334316,-2.361957928918033,1.3674174076010708,-0.1065084912271873,-1.251043524190662,0.6971137269891625
SYN3_0008,0.1201098783571597,1.1601783917128523,0.0772338686495121,-0.3664023653218666,0.9066900598012584,-0.5873620949952607,-0.8171381189187527,-0.7412420290368059,1.5626277468048544,0.2923035739326176,-0.0633275994533022,1.117577728257189,1.239801826379897,0.2985958326516188,0.2784367900130423,-0.306768886357741,-1.195416870106936,-0.9636534264102508,-0.5846052825799722,0.415222745279538,0.6915299368290491,1.222396324286256,1.6194514391523536,0.0531847687793004,-1.3919473389596173,1.0483122570081025,-2.226083505096723,0.0951591397489838,1.3462519521944525,2.379529693399915,1.2172023166984502,-0.4662988164318061,-0.4450386097295364,-0.4461393977856909,0.4244482919059082
SYN3_0009,1.0866495622502494,0.3001585597106471,0.2340608913750425,0.3964667475092614,-0.6653689432280427,-0.2441794964327166,0.8297260628604235,0.2864133566701792,-1.1008368326743985,-0.4485966470815216,0.5696100351120069,0.6511650691940778,-0.0404948523840634,1.1045609096296731,0.2422698024714868,0.4758190416417118,1.207618112368481,2.351141616867447,-0.0485991008368367,-0.938503566290618,-0.0562936772706097,-0.6781205898642914,0.5331149720954349,-0.2635274947909557,-0.9164496933374842,1.0720082068525023,0.7984859685817556,-0.8831285074935649,0.4209495233727441,-0.2132315126443113,-0.2260079539374379,0.1504409282554641,0.109763939082341,-2.1839776290222948,-0.6174902907382533
SYN3_0010,0.5968914183081163,0.7624279901370753,1.105412917338319,0.7048828534838961,0.1966605100199637,2.2235123065260574,0.6088417135839592,-0.3520101701435584,0.7483142597928494,-0.216168510613667,-1.0659922625856726,-0.1385787248986004,-0.3411947914608449,2.048178759086117,-0.2562174253226564,0.0592573816476315,-1.0055905071312998,0.0309995599070385,0.7996100147792391,0.0825723104043504,-0.0240276649411715,1.4990189600699202,-0.3592904568685857,0.560655946747677,1.6895322325760758,-0.5622621711318438,0.1387025617852577,-0.2713139422759055,-1.4450320013772393,0.2373225326515197,0.8326084330800592,-0.0519717176717529,0.9480135533072755,0.1666197630596512,1.072553161581875
SYN3_0011,0.1164618518647053,-0.9830603105806436,-0.5958880011985264,-0.6927359893096073,1.096238776039418,-0.201065669352033,-1.32083888714285,1.6270965919463984,1.3588685200210255,0.9020332280397216,0.0424330541537356,1.2755887809281137,-0.0005643600023699,-0.8307636437246579,0.4692421777809812,-1.448180974115371,-1.6712019699420768,-1.2067433811004555,-1.7030493457185651,1.2601187023686018,-1.9617723516171075,-2.412949448035658,-0.7262090332741608,-0.0778070613040979,1.1023458111857134,0.5682839371551601,-0.3538092161829832,0.9993717190636624,-0.936203678725264,0.1043334461941762,-0.3555536757375009,0.2993064993694074,-0.0251902402988296,0.3004767392520734,1.315549042777148
SYN3_0012,0.4052733393863175,-0.134238182872855,-0.7787775724442894,-0.8581253980794957,-0.4278454085366484,2.4152905886699685,2.138544339108082,0.8918913367995185,0.1333347125207218,-0.1073214892507641,0.6472453638903843,0.4880119376046383,-0.4805297417413888,0.6851602872939018,0.759650596099018,1.0402412218637034,-1.098496396461622,0.3164898302758743,0.5348475201292401,-0.6929354262713847,0.6307054474857292,-1.1188083444932233,-0.644674265827085,-0.5260955897292102,1.0566324681446522,1.7190910503352768,-0.619680201725141,-0.0272419584009463,2.233954237283294,-0.118576323691486,0.4932196244493607,-0.6250887258246829,0.0606493159598953,0.8716974045442075,0.8002169562228073
SYN3_0013,-0.4693070964782397,0.1393649726284069,-0.934850396390098,0.7212641539991183,1.246060899405946,1.148216325367559,0.3418483379480574,-0.6301715992432162,0.3990142968473521,-0.8375211681840479,-1.2404481315116824,-0.545984570665725,0.4902565452309491,-1.4545944821921206,-1.931526333012419,-0.042355731861424,-0.1606771844918412,-0.2803038539131938,-0.0260162799791418,-0.2658326981931758,-0.1562527806698883,-0.3988201634810455,-1.347858497241157,-1.4768933055168725,0.6667875678469135,0.645473642405637,-0.7457290432866895,-0.4789010138320329,0.9385514173417848,-0.3031010489174532,0.788083644179426,-0.6628583236269391,1.0671329279091415,0.2256887038988993,-1.474546041313588
SYN3_0014,-1.3349291130499046,0.3479629672458926,-0.1269756851908556,0.72900098283976,1.740400743301538,0.0408177911228859,-1.1370557528958218,-0.1171021541566281,-1.3789129212367277,-1.2140172107763707,-1.2957198664001035,-2.34615386806434,-2.4562715560831347,-0.2554142055268836,-0.8265313036979939,-0.4674015709373595,0.8599135774903294,-0.374095090124969,-0.6781419683122092,0.5603492014685976,0.2498890674074967,0.1123650593839213,-0.6595781569554559,-0.2336962612992792,-0.4430497627955251,0.6964159398202714,0.2903632129632183,-0.0259933885228189,1.0130280602538575,1.4205175814155204,0.4582341154270741,1.069033313107779,-1.8349312315510828,-0.8619139050703576,-1.0555632447228132
SYN3_0015,-0.4946517271966243,0.7383719423716446,0.6865390260872416,-0.5862165424878449,-1.8171684811522577,-1.4993611857269162,1.4814135934887005,1.6985852876499845,-0.576868281761137,1.5891321408757588,0.0853972371683868,-1.0749411089024994,-0.2467781591080427,0.1886654740873443,1.4526394131886964,1.0477381663197938,-0.0468926620380445,1.412842579125142,0.1712739920911584,0.3453336553717355,0.3461914614100596,-0.5085808922558313,-1.1031572633632944,-0.9242795239367126,0.0918864325601148,-2.2699757222567194,0.2500376046701463,-0.6473956332983782,1.143313376151455,0.7353043156941466,-0.3909143501033563,-0.4377456624699358,1.214571746506801,-0.1772173238757074,-0.6413888316617607
SYN3_0016,0.263396402842956,-2.173444698844543,-0.4479468999624329,0.4718397977980281,-0.1568146075184111,0.8130469595273273,-0.1941310694891944,0.5455143322849637,0.1534723886036481,-1.02482418283575,0.6134884661675454,1.953332812472516,0.8650732024680675,-0.2132371361912673,0.9735245929459966,1.4360024365828643,1.1834105622412885,-0.314873053289971,-0.9366608816630392,-1.114232289825246,-1.2923650586632252,-3.115038309969428,-1.1758054227901398,0.1791149956965573,1.713770155728103,-0.6567829527757474,0.681599430627507,1.301700842234133,-1.1966164522581877,-0.0103165173196153,-1.8059646116644723,-0.5641637177454132,0.7039648755261548,0.9219837881738336,-0.0437127743316798
SYN3_0017,1.0891674892432113,1.4401406994389818,0.1165079090646031,0.4974071426789872,2.310623251931275,0.9047071483779728,0.5888913220872432,0.9923679363819308,0.3359586867373426,-0.2209825856612692,-1.4238607967721806,-0.2122864174179804,-0.7893149466207514,-1.0646791959715765,0.939123608074384,0.0771457734479397,0.1732604203101885,1.3967629652016214,1.0420462033876765,0.8857087498196804,0.3946457700951514,-0.6097691133047162,0.8971281050753076,-0.3458857339007805,-1.0513959145089689,-1.8952639417358803,-0.0080293841328138,0.4794139965056109,0.4172366330277503,-1.368504616597628,0.7391677606733842,-0.1215769310793438,0.0842068433926815,0.6877829235875295,-1.1290157472118052
SYN3_0018,-0.6701113717219288,0.6265488267336169,1.0367933617766123,1.4274189881431618,0.1346581011836528,-1.1927582221478696,-0.5764488605451166,0.9604172208001912,-0.6501237279222428,0.0168564266754997,-0.0757295448867227,-0.2247542734553679,0.4923767713198089,-0.7757784064310342,-0.4473254647634009,1.4725244374180937,0.6851667248697345,-0.2945585389291008,0.3896707900283467,1.0379363978857274,0.1998549588384544,0.4874586691577502,0.7802205882873344,0.8310595100789607,1.2894952603196796,2.0495627468686446,1.0183021832698147,0.8923004284419744,-0.0818699850081974,-1.3790863245501928,-1.0178076447076538,-0.508422455141705,-0.1481128702127961,-0.3328062321018804,0.444308142879442
SYN3_0019,-1.0786664926222291,-1.715631143099846,-1.7630239314796068,-1.483550475082354,-0.6495661419582145,1.2517784537922645,0.2144008878661451,-1.4020740326367798,0.8643020965436843,-0.3668411384390421,-1.079903477175758,-0.1582353197747608,-0.5968657972832827,-0.9815315157271132,0.3174976379460961,-0.3563093032678539,0.11451327341143,0.1968432662020654,-0.2790486732033129,-0.0096507233690928,-0.1506672549092948,0.8979015052668929,1.2310933878385566,1.5849581875683774,0.7915111214694991,-1.0159859470029518,-0.2749607530321454,-2.262486886137913,-1.6996210030704988,-1.2890025787383286,0.11620122129059,0.3327932313090935,-1.0281317993607693,-0.6343126858909822,1.5857225921034828
SYN3_0020,0.2384401896212124,0.597007402998412,-1.2923390140162865,-0.4896620737346339,1.0986439071617706,-0.7726853924311787,-0.9348962174329052,0.831035588346453,-0.09526624018652,-0.7625039578427805,0.2552703467036427,-0.3071227848270598,-0.6894133923500283,-1.5238629574984155,-1.440766518183552,-0.8539250222771411,-1.1382340978530523,-1.5997522643231907,-1.7532604600781148,-0.7943320228645135,-1.323298902277738,-2.55956948065588,-1.481819887155905,0.4693396217654403,0.3723385355384236,1.3938421948344966,1.7195897240139464,1.3013791742798688,0.2930819555123261,-0.4679276236439396,0.5473427828617918,-0.1721053622550032,-0.3932869969804035,0.374579218997743,2.215620764312404
SYN3_0021,-0.5916486632314957,-0.3830819913853386,2.1660911284116304,-1.1901468572853222,0.9460656405125688,-0.0267679869369886,0.1560802026741472,1.2406894284979122,0.2058900405785395,-2.872362426241603,-0.7809522680120011,-0.2300499393288143,1.4880049780476436,1.2433287563080584,1.3012397573892445,-1.1308848658268658,-0.4372865150799814,-0.5943545345956317,-2.198849711993351,-0.6683685374442478,0.3080415591159868,-0.3061552897469264,-0.8890849938875085,0.5398503113968758,0.9083563536993527,0.7882971741416649,-0.6178436672096415,-0.6048094612102526,1.5291810399070644,2.7289964559554525,0.4399766642915861,0.6146414733026049,0.8027782572605584,-0.0027976128993011,-0.3381037721447689
SYN3_0022,0.98338979569842,-0.3728524773719157,-0.1446895301936737,-0.6866803036792156,0.0711485044533832,-1.1827857651998588,0.100897926669158,1.24408006818393,1.5204577871131697,1.585790080289102,2.077117166220546,0.5668125752083113,1.7480398640302406,1.040755734250178,-0.019768426475486,-1.627547694694602,0.0840167492669468,-2.3910383492121983,-0.9419124975522476,-2.1215479198796383,-1.2908719412007614,0.3912404668049226,1.7586310942411565,1.1694443355301956,2.409998256106159,0.2912883497987865,-0.5566991973963937,0.5902303580304207,-0.9631184399293204,-0.5790580787731854,-1.5433778207781783,-1.1420613151319845,0.5140725972165978,-0.5405071836231533,-0.2940571404200569
SYN3_0023,1.9054440276002744,0.1936329606184574,-0.9491787934078916,-0.3740562079575016,0.1253683671242717,0.6713357517478353,0.0766743475296839,-0.1267401057453371,0.9533310807237272,-0.0421938150916796,1.7659663525922231,0.8621045260044622,-0.7231672268439701,0.6843754104307667,-1.6861691919364814,-0.8858546387560152,-0.6760490672910251,-1.4503628771190866,-2.356092662503348,-1.4497831956082172,-0.1722019891343876,-0.0271683807490711,-0.0682493145477207,-0.6846332212230691,-0.803331488182439,-0.3814846029497745,-0.1296429260578282,0.6286807582500565,0.3058122993175807,-0.5268819263318272,0.5964523497527228,0.0364037367722655,-0.9822477163458132,-0.1714741406425626,1.065217811054309
SYN3_0024,0.1965391863627337,0.719461754953092,-0.7713580935536234,-0.9162149049820966,-1.1122594373570702,-1.3945196198380334,-1.2406920070434122,-0.2575495280142201,0.0485807081652207,-1.1809437106623064,-0.2898589899509005,0.1183210685190964,0.4534978908037805,0.2810149569202433,0.4723314573257421,1.424684010466342,0.9152862191740704,0.9709918404022714,-0.5081275336965335,0.6873159429995779,-0.7566481399995015,-1.433236942076739,0.4436410101389377,-0.0576516303608697,0.0356148088601279,-0.797680125176186,-0.2195007062345144,0.1815004159068545,-0.7976034547202401,-0.305810947290932,-2.105922489977277,-3.4750259923213176,-0.0271877415845174,-0.5415147322472942,-0.107856804558098
SYN3_0025,0.9220442486350792,-0.0337181017888937,-0.1461630764014005,-0.2585276280696877,-1.0617599269795353,0.0322970364816412,0.1907534931426932,-0.1340851474444107,0.1130154948403998,0.1077181872517769,0.4580706597430471,-1.161321741407238,-1.3099870975634371,-0.3318144961128383,-2.220336260280894,-0.1230984166402016,1.1363001285821497,-0.0675027984500434,-0.9769088614815868,-0.8177722352848643,0.7820315636447486,0.2569250502613981,-1.0811703355868216,0.2332466358587117,-0.5618428448092906,-1.5685003277812153,-1.602091112854653,-0.9610470200952748,0.2807738640213585,-0.9515617437186172,0.1368248883056084,0.427017257180055,1.7060033282276617,1.9982892704332813,0.6300317004145747
SYN3_0026,-0.5197638485344799,0.712804965758236,0.9433898056512016,1.0648581518859728,1.284815634929576,0.2062943521766678,-1.2339538048117409,-0.878386834139048,-0.5511846203204049,-0.0605320500835289,0.3504390185586204,1.918109386960673,0.2283829542366887,-1.0157565005158509,0.1644084045438092,0.1647828823116459,1.7557699881464308,1.1696486981072962,1.1460638451254617,-0.2081142839349053,0.2723203183767114,1.071266812917202,-0.8521047917734194,-0.4691173293205133,-0.6866332513220221,-2.2212286732738464,-0.3646699940166415,-0.8972963040827451,-0.2748111116041022,0.4555838286212464,0.4147362522001908,-0.0994294700284338,-2.204224578399172,-2.0910380542748914,-0.8261456087740058
SYN3_0027,-1.446321794862257,-0.1117226422914253,-0.9172239333472432,-0.0727816849308921,0.2375795334526455,-1.1428573883976727,-0.4561883091027774,0.7216904746922412,0.6151050150367969,-1.5970686670037633,-2.098703861134155,-1.1027015290273328,-1.3415968980806277,-0.3338033927132383,2.0608149500736235,0.6853930139240973,1.300477241325288,-1.050014983546875,-1.085862717209046,-0.4191964650903573,-0.9016740169657248,-0.6206360909829125,-0.1431235090079737,2.0304187015149355,0.81273071639367,-0.0024158398373286,0.9935340891735002,0.6438902396872248,-0.2912745828045587,-1.3348194693346898,0.9850498765976172,-1.0920216125931357,0.4309284610163544,0.8864079027519144,1.4345163165017358
SYN3_0028,0.8647610349934465,0.6143480356117195,-0.1529223259435859,2.7575931584519884,0.2328667211554263,-0.5846900469934648,-1.2313704201566806,0.1037388234500557,0.4260568700987072,-0.5509485136886324,0.5518969203900865,1.067725112003504,0.7267207943383437,1.1302260136336124,0.7629580498903012,0.3848729168698631,-0.0157979758786948,0.2553534003152574,-0.628777374666591,-0.2767459047846432,0.1096557636248835,0.4725757363605095,0.3089217089516299,-0.4281096589553374,-0.4060851511427375,0.2027053634253266,0.2663891555396067,0.349043649580919,-0.6947656813067297,0.2588563085068084,-0.1670760581932785,-0.108831273133147,0.1247738220822898,0.2783661149890341,0.0020963620566177
SYN3_0029,1.367491520088695,0.4866116264891525,-0.655374766730996,0.3591774815650758,1.6275438365089028,0.5844886667162131,2.284585588040315,-0.5519461558115093,0.5825009147592242,-0.2758476778296787,0.3217954620355116,-1.6125411618053658,1.2024094888799668,0.7522681497675753,1.8665767776024775,2.185443516666547,2.098389537262964,-0.5748114160743399,-0.6092343965283812,-1.3608724458024082,0.9807234416556826,0.1637834018941852,2.725322412513461,0.3964026151633166,-0.3860619765936898,0.1161450236117187,-2.689053432269147,-0.5275972666023069,0.0595323485068025,1.199195583897757,-0.5553538567554422,0.3659999337299314,-0.8020872163795593,-0.372306122903816,0.0816000818212069
SYN3_0030,0.0114685570663389,0.7113107999389473,-0.1401685348801033,-0.9985375478582136,-0.3674805627516618,0.0050967061088243,1.237235089223857,0.9940008598530494,-1.1117439413564425,-1.2796937611170405,1.808026119120359,0.1135618362470838,0.6309343142842203,-0.8918680139004648,-1.1631795601523356,0.2461549795420476,-0.5370414897014325,1.0853943602260383,-0.6699852841653525,-0.4629393361664268,-0.9583721143077388,0.0715825627316435,-0.4878479572340447,-0.9563559737499558,0.8581554878858605,0.8249419555222915,2.127873804004419,1.778862063357221,-0.4450246715336465,0.3601464175934503,0.3895720729128172,-1.8426482439935457,0.3569856028420973,-0.1698971514028673,-0.4651560620932799
SYN3_0031,0.4150213152549876,-2.1456738014491545,-1.2020414629200291,-0.019092844640818,0.2689673915947524,-0.2030573508776084,-0.2382154092994081,-0.627285256284417,-1.05027698020263,0.2632088461004311,0.5565094372458812,-0.3627251782250388,-1.1051149383858991,-0.6889341139252226,2.0101798800899195,-0.4029616511121954,0.6558806642889072,-0.1673299763403317,-0.3030215736467939,0.4392560748296303,-0.4181832884264829,0.3809659682359447,-0.130224832416069,0.0974837255974698,-0.7265435899132039,-2.3064147726706388,-1.4985794089617293,1.0504220147136074,1.124340762567612,-0.1891977350988114,-0.2445881055023813,-0.0100572867364053,0.7964958718776385,0.3397255123438159,-0.024632341752197
SYN3_0032,-1.854105573308405,-1.0174897027895615,-1.789625303060959,-1.471131686506758,0.6311548224245017,0.1679226790030913,-0.5917165524087086,0.1275562387087878,-1.1859007100570325,-1.0097925317005398,-0.2087286584725299,-1.3438287607904054,-1.3653322300235955,0.5710342417452404,-0.1525144747964167,-1.513232081690073,0.1123644863002535,0.1892266382794603,0.4098161233184293,-0.3791231170398517,1.2032946218369929,0.9283221424222542,1.3730416733544597,1.3718875964745978,0.0789011477935797,-0.9053680636123752,0.0738965145740342,-1.0598390244773324,-1.4240874203435758,-0.5911233685252971,-0.9928168191388844,-0.0677860015410675,-0.0117089092098582,0.955272846827186,0.8248556957922882
SYN3_0033,-0.9799433448573792,-0.8733704698942779,-0.2932314117138646,-0.2481056651298088,-0.2377690499055838,0.681917243833372,0.2615575493207831,-0.6161323869095058,-0.5462566976257703,-2.147661154348747,-0.2901606976883731,-0.4657890003348272,0.9361452264879618,0.8436475523359077,1.1896591086769837,-0.2327694799472427,-1.2418470888541355,-0.5583984435083714,0.0555640845605586,-0.7282230375002046,-0.8942457428974672,0.5882512427644556,-0.9855666291332073,2.142034174427246,2.060059078184793,0.7632972359632235,0.3519347583112767,0.0690340342917446,1.8687339438986577,0.6068450040245582,-0.8651870917041595,0.4038555861903397,0.6462816682439007,1.0969520451927246,1.7199346436998744
SYN3_0034,0.1999447872499926,-0.5218125068367225,0.2186387713522437,-0.0975657973530054,0.2169567720330408,-1.1647530907520318,-0.806543490519274,-0.248154482446716,0.7851613440337923,-0.7317679655933662,1.2565542630683006,-0.3459616357288062,1.6152011009579348,-0.1057594598047299,-0.1437368874226932,-0.2992641709693175,-0.3039575097787182,0.7877266303660648,-0.0745300285366724,1.7616853186975587,1.3414570455682104,-1.15933811009909,-0.7476348996984739,-1.9050017882077683,-1.0755462894620496,0.9266451525889344,1.318821563388307,-0.3643951152683897,-0.5985211338039282,-0.7751372404788707,1.159334723618553,1.4634315420873285,-0.0262446765309141,-0.4585973385387774,-0.4075104903306292
SYN3_0035,0.7273466012360655,0.2823574177765173,0.9974194953857316,0.4022706646678021,2.131308361521569,1.1344096942984228,0.4224468595625306,-0.4183911360844422,0.1124682597251618,0.118328683354375,-1.1379088592777604,-0.4481008398499574,-0.7150986558184746,-1.8131889387121545,-0.7632769240807107,-1.5312841711838936,1.614219246282671,0.4834707906186329,-0.4544072182108158,0.0751392640094591,-2.1237571497662384,-1.0789833065853962,-0.2054694856565524,-1.2681407537801623,-0.3484294361176259,0.8400257035119411,0.8455478789425979,1.1497091132468993,0.4223138340826788,-0.4081077320724889,-0.5168929676735804,-1.444216591744418,-2.21549502616205,-0.4928002506420544,0.048933211305013
SYN3_0036,-0.6528396952888719,-2.263727120310401,-0.0617844843922353,0.5196223332704687,2.295630699092406,0.934311231092006,0.3853746040437356,0.7156041594636605,0.6780683387592704,0.3084392338915619,-0.5392506050229192,-1.4466295683235508,0.6090113869932336,1.4219192927912887,0.3042482228157745,-1.0320012087031891,0.0643399059664088,-0.1105686917542146,0.6363202872143832,-1.5984607185616038,-1.9913248860608317,0.9878291608781168,-1.3482519443229193,0.5243526155650001,-0.2425685780638301,0.5648358779943417,-0.954958980669246,0.2386376613315654,-0.0572351900304036,0.3278435358159619,0.4959839062844069,-0.4751736756253483,0.0117101071154822,-0.2571224480902267,-0.8667540360552562
SYN3_0037,-0.5285407373381459,0.5577932602243167,-2.5740569849700483,-1.1166422766003756,-1.186504124068092,0.7369316575121992,1.0430141932219572,-0.9791584714106024,-0.0038717187175353,1.0155087467493713,0.8870085646501644,0.5901720156303417,0.3554669675686491,1.18905074159158,2.4289580593061952,1.0889994267183167,0.2564488591583643,0.7431855303253515,0.3241742786123923,0.30831979639493,0.7189319212646339,-0.229536989225112,-1.1799789644928185,-0.4548526478451783,-1.049237772917627,-0.8336105014718321,0.887095531190065,-1.2134074276140496,-1.6252625203351796,-0.0022770927559016,0.8928362763271429,-0.7219107769396598,-0.3953724278728335,0.0772503455612394,-0.5570749321882895
SYN3_0038,-0.6689816655369833,1.6076314931635474,-0.964965910345214,-1.5645812968511672,-0.0768243964478827,0.4065302556433944,1.2507945115520631,0.3274312362116378,-0.2157932829076498,0.0830110063462385,0.5794584118801002,-0.4162675720342679,0.1835672628035072,0.1423353917339388,0.061805387053726,-0.5149606097610737,-0.0703801936467014,-0.4986016479239141,0.623901192307891,0.4957613349098517,-1.3244697844624638,-2.481542548850264,-2.0855471665506,-0.6011364375508547,1.1043637549681735,0.0652875481946822,1.183170865762916,-0.405274328609024,-0.4989916623999698,0.4464712480082413,-0.7644525739691784,-2.2307827835248526,0.2337771084497247,-1.273623454695308,-1.1188555758285414
SYN3_0039,0.3308782688600107,-0.4308447067709129,-2.0520596243794187,0.4153119277238816,1.0013644829620605,0.3997505411673044,0.634493969165639,0.3546016464629622,0.8583587794045772,-0.0211368766804,-1.0410594063690068,-2.0007593658589364,-0.3744803403399325,0.8836597638234897,-0.4585174440482329,0.8451260372193478,0.2933280215926749,-0.2317610551017493,-1.706960699750416,-0.8111424179418646,-0.427525858392273,-1.441136103708882,-2.29751005422552,-1.2129199911454431,0.6518814147986657,0.563550679829837,2.1180091934843843,0.0674584812670308,-0.8832333640249994,0.465152441031739,1.6684541513219415,1.1717168781942584,2.924777442242935,0.1287225862441565,-0.4655944846205758
SYN3_0040,0.0262201096484309,-1.8845436798447064,0.8207281722538021,1.1618347506305746,1.03833510900617,0.6646020599713082,-0.5298389313087364,0.4378762431950156,-1.368583913128252,-0.951762985220592,-0.6941338678494464,0.7718295653520748,2.527058453322088,1.8952496615562449,-0.0921051941870964,-0.867089144435436,-0.3683162321758615,-0.8089431216725408,-1.9715571301057615,0.4996223808616022,1.155202312154484,0.2215089347547495,0.1746440059198115,-0.3480701898732788,1.1532199692863847,0.6321627236035037,1.395322226767202,1.7299208632128238,-0.480405616337089,0.4500194600197429,-0.3496090895094443,-0.0507542962966592,0.6651231596795918,1.2335065415156918,0.0771163256478813
SYN3_0041,0.4990949330077072,-0.8904944643807196,-0.6954272966129117,0.1449411033103996,-0.3844505018470457,-0.7213974412602558,-0.3383091458723661,0.6296058865228998,0.4300345929201101,-0.6887112006433078,-0.5383935283885617,0.0566752575156808,-0.1100781446497253,0.5412318350326741,0.438230593066901,-1.3800096491338618,-0.6848637180417158,1.9893858940416025,-0.042261432450742,0.3002656623441283,1.044509785978461,-0.420920026942811,-0.8026223067688195,-0.717425544128125,-1.02066497423564,0.4210094106619762,-0.476745443419496,1.3963033219901064,1.4787867472952183,0.5262427846143543,-0.1874252291102907,-1.4825692586736854,0.0128016151649273,0.9012400721079508,1.1188684470439147
SYN3_0042,1.4760749609688275,1.7565834668617808,1.2420982837072287,0.0519546209858084,0.6149361460618342,0.6177750767395599,0.6021385252215968,0.4306083368303489,-0.9569045834768158,-0.6525906292036915,0.4784690624689585,0.1846330623382786,-0.4075887839980663,-1.7981701177829894,-0.1824981518948143,0.9855349433964888,1.8413009070833863,0.5408560800692007,-0.4905756909567008,-1.5910673962433703,-0.2120776261351062,-1.4231714636692676,0.6574300281673896,1.4733122982499087,-0.3121602403379022,-0.7873501197801323,0.4865641039585463,0.7307654286758366,1.1526318602143688,1.4461849535770923,0.4028131447848547,-0.8595235072927077,-0.6273389112266174,1.8222579249276296,0.4757841284165087
SYN3_0043,0.9005474835401146,1.1991645988592636,0.9235195840514556,0.7888320730338055,-0.4176482104367285,0.0814314370629636,1.047624354360204,-0.4996229148826438,-0.042321282478392,0.3716136881122799,-0.1429365102290148,0.0147093487247121,0.6542415697070479,-0.5466990569971022,0.3858111027133513,-0.6593540195604958,1.2533133109871546,-0.947073998690382,-0.7626627597631661,0.0899959562202073,-0.0004998221672989,-0.5377399577021595,-0.4611495835315491,0.0869183430676961,0.4657138163534188,-0.7175769507302644,0.0580594596388356,-0.3264735093177128,-0.3070356821451476,-0.4284037499089025,-0.3588188702326063,0.2808022721002899,0.2893228254925766,2.4300913656697056,2.029923883084576
SYN3_0044,-1.7767758694242777,0.8801010747497288,0.463801415021739,-0.4425753471392335,-1.2345069826919597,-1.983801722021614,-0.7982541262986532,-0.298556543968475,-1.471646714153627,0.1005865131397883,-1.4893403780180463,-1.829091967553066,-0.2982772172746822,-1.311016674435914,0.5809940120351242,-0.4356693170348689,-0.5157859589271988,-1.6549578016642328,0.1848117303391067,-0.1820553805585687,0.322102217224566,0.4021774515188921,0.7115804089387744,0.5039561659047713,-0.3859195720667222,1.8874903840816912,0.9968840332072414,1.6920803778909483,0.316856918308791,0.3171595141076445,0.4892560786534011,0.1639708430609719,1.0429176524823185,0.9739272095730984,0.2741249978931759
SYN3_0045,0.0016954149637105,0.4526523781105193,-1.3817468509599748,0.7445575542461538,1.1911070286403225,0.329978998407618,1.6958481733864386,1.7362221061117598,-1.0510113464292874,-0.1984576267241474,1.1615857645926344,-1.3425487404971947,-1.9765816186445533,-0.7664413307604543,-0.346907760020858,0.3729163276659811,0.7110223629211069,1.214531105612144,-0.519661985513238,0.2330299998501576,0.1229171841976428,-1.0488586477397897,0.196762970119095,-0.3526985629506878,-1.075822665850547,-0.2559084363199899,1.1945842209646942,-0.8099349069489492,-1.614717277726973,-0.8470673503379547,-0.2384984409241189,0.2187418546191512,1.3426833709232904,-0.2578742778165719,1.006269983862402
SYN3_0046,0.2997761986792582,-0.2669073736690548,-1.2918322213848894,-1.440730903894642,-0.7546565809761195,0.4211017008466781,0.0909913869039805,-0.1039106859686093,-1.2690803014711614,0.5579289653004442,-0.5663749260202813,0.2444095902271832,0.6070669913325287,0.7763252388015368,0.8222014973613639,0.0082973268720957,-0.5954130668443426,-0.7929097874348873,0.0406275078980215,-0.4471005516066471,-1.0280783792011778,-2.3090475337567105,-1.1602012000806083,-0.9018471836923634,-1.0790580891247803,-0.8382180033124025,-0.006618780291124,2.1430854042719445,-0.8122826518623326,0.497582449144602,0.2543744196396892,-0.0407228640038412,0.5491366477760766,0.5510226994264338,0.8980390438912822
SYN3_0047,0.96910225200686,-0.1257852131078443,-1.1151604762417746,-0.1759067140829802,0.5132411911161914,0.428869594592397,-0.2745320742954842,0.9734655667682248,0.0637136327393347,-0.9852040237055486,-0.8897566017453769,-0.6253161782787283,-0.7121621372033416,-0.2761585981652725,0.7055427226105088,0.4202293925281651,-1.410027048148905,-0.846320679566004,-0.55361304360276,-1.0810886909801272,-0.4257128464592117,2.1480479413499127,-1.5665312530483104,-1.414138989978699,0.2014536548336322,-0.8292102595980408,-1.4782224413510587,-2.6237161337209507,0.1522429778305822,-0.4166170380609371,1.1812462829319952,2.139502418655572,0.2485223852776877,0.5622529973440449,-0.0541487335414614
SYN3_0048,-0.1463943785816779,0.0210457772795879,-0.4244779617981302,-0.7259250529104693,-1.8650276943074569,-0.7362294849775385,0.4735414662060706,1.2143010141952666,0.2934162703188917,-1.0339887414278266,0.9409170745337152,-0.4005452986110588,1.9807049388027145,0.6176241091147381,-0.5608499153700499,0.2087722390818186,0.197344147271713,-0.2949327704300856,-1.547378833216318,0.4667787163083046,-2.010146966752432,-1.4416207559241103,-0.5024607515410973,-0.0994774818452091,1.0351944317628268,0.7046513105677679,-0.0980025125895215,0.6956415927129508,-0.1873717671553499,-0.2818759148959042,0.5691155972167012,0.0949928173425611,0.290113077866348,-2.61583546779099,-0.7562259784956075
SYN3_0049,-0.0936220534311489,-0.3134902885205377,0.2800413762125688,-0.9485576758494588,-0.4938347684847691,-1.2773537054349429,-0.9445577385211272,0.8222084739810811,1.966370958072408,-0.1299383425661187,0.6437106105705727,-1.1682158635756426,-0.5649778312711132,0.7526741577093702,0.8741100267795242,0.1163625766632937,-0.1605087670256935,0.9080255037759728,1.4891197964169685,0.6204039963467696,-0.5761328765046209,-0.1790584401494423,0.6501273924674844,0.4707293055536201,0.0263001994635146,-0.1433276601098487,0.1232677737555856,1.207370359062582,0.0832453659220094,-1.1174327401129638,-1.2208175917879445,-0.076400333848678,1.9325260314881856,1.1146838512119832,-1.033430365399384
SYN3_0050,1.2885588137651434,1.0119249210035224,0.1744635704900024,-2.135023847821843,-0.2891911765437179,0.2743246654340426,0.2646672771558252,-0.4558688449190974,-1.399170169116714,-1.026096579626393,-0.5114176068508324,1.2595562801597735,-0.3616301537173257,1.3192234302423893,-0.2447692548560149,-0.2397235970795047,-1.0490590853083208,-0.166574250688371,-0.6103168666688058,-0.4781457670397122,-0.0133183618654268,-1.3132527649892238,0.4194861871689239,0.5502841133561643,1.114695640319973,-0.2653566530542883,0.866502264935751,1.3879072807613797,0.652281240421714,-1.0201486317691393,0.1553542566675557,0.8055585105627231,0.3778632449973531,0.0652666094091247,-1.2057057588386442
SYN3_0051,-0.4268642006441744,-0.4455415010087943,0.0198250352953303,-1.418086591647949,-0.0795413761063962,-0.8374805124924065,-1.5595839338795208,0.227983275151448,1.0747022713862375,1.4566614960194602,-0.3157000342538669,-0.464067614822747,0.0662472169712608,0.7693626812800286,1.399617532071409,2.0520368276912224,-0.3915940403454843,-1.4345403794728158,-0.824740697213747,-1.1321038914342132,-0.5452845225724707,-0.7803933470048565,-0.1755431516272513,-0.541256280988148,-0.5217035974067241,1.7271226168264942,1.3114194451648729,1.47841225305085,-0.0008190835946057,-0.7731129130762543,-1.4874689203859524,-0.0791372801111231,0.7965271713765825,-0.8068040447721515,0.200069154443285
SYN3_0052,0.8144110998560585,0.1710341681627837,0.4051739589907524,1.618199605123238,1.749139871162157,0.4122733634018397,0.1022162979706143,1.9224885630865969,0.1398708548954481,1.2069916410341388,1.8976743188715857,0.5954892735067138,-0.1455835373375447,0.6296793131896572,0.237175286671993,0.6116504424179424,1.2393174593167473,2.215439483244221,0.1348233583940158,-0.0004040416284711,0.0693581872364531,-0.2832376637038862,0.932709978158242,1.3034575778211288,-0.8161674105892557,-0.4230831658221801,0.0704976949656141,-0.5961873312718245,-0.3420423109766496,-0.3902868479087071,-0.6973183387407415,0.4758968665211663,-0.1546513417855981,0.8760301994803151,0.296481911618914
SYN3_0053,-0.5648562638218882,-0.151446122051745,-1.6228447418350849,0.1713621031370145,-0.4939038666292715,-2.0064687553087555,0.1107295347217201,-1.5300452140799348,-0.4959272093437483,-1.6165665633021609,-0.7069917874529996,0.9958223402034692,-0.2178647977812085,-1.813377815008261,-1.7221919261592171,-0.8448951778304279,0.396270674120942,0.9769329084649158,1.689857047074821,0.6057030807953647,0.1574141422842392,0.0740896717592658,0.2130617778023916,-0.5413003023066486,-0.6172813148412354,-0.9821011118334404,-0.1886275601014406,-0.000157630949934,-0.8922733708483473,0.1348277405463397,-2.7248496276141347,-3.1968879049694934,-1.5494067296630865,1.3674788591144929,0.1931865421737685
SYN3_0054,-0.6766974463989834,0.0442919544345911,-2.11534880762816,-0.7615288705953868,-0.6340930451593261,1.5177263059588983,-0.1744957186458504,-0.1032837968473693,-1.1064945945528497,0.7672164018820117,-1.3966388263809415,0.7789231564732214,0.8289037699975533,0.0027436564273733,0.2903126725244411,1.6359749244446975,-0.6680787760306454,0.3452970639782518,-0.6869263867711242,0.5172641581340286,-0.0454549084639091,0.9160873809317116,-0.0410583424425281,-0.4184957692489133,-1.8495904383645807,0.0890675778609046,-0.0408675147994082,0.4754962162320452,-0.3969948728123564,0.5148747306195216,0.3495451063757693,-0.0565655121250669,0.0717341142456164,-0.593448911619461,-0.3666152839058905
SYN3_0055,-0.8626586918267143,0.567448926634492,0.065190988999038,0.4559748240545094,1.277298842868576,0.2922851839540451,-0.5138308036566843,0.4669896499184756,1.375223038317429,-0.051105972556905,-1.721826148100758,0.3711475980463818,2.086362294086013,-0.1437433812087526,-1.5905061799861355,-0.3116262854065358,0.349436036855866,0.8734052630839146,-1.2827135550898532,-0.2355116649489384,0.0205003666005286,-0.0090203167918119,-0.1661980474034758,-2.728671491324928,-1.0419409569615743,-0.1329389168711421,-1.106218434243695,-0.9039803415677486,-0.8334526542517493,-0.6854857586747716,-2.315840305660587,-1.5074612265218688,-1.832818487201587,-1.2791520313689129,0.8630452417423479
SYN3_0056,1.5290915882538785,1.2865188531323828,0.2394995599491796,0.110066040707177,1.1014141817957463,-0.5444095900226913,-0.5291344915116849,-0.3266330451297209,1.4496143125256091,1.9066125333342907,2.8972861654430315,1.849060110267058,0.6004635834330487,0.372062376843508,-0.6834273556491282,-1.227163684403251,-0.2770550885836336,-1.8148730673823112,-0.969340763637506,-0.9335134695671846,-0.1683336401930452,-0.03587376501451,-0.1655028099233104,-1.830300712795895,-0.2040655889432479,0.630294278930293,-1.3822066905573367,2.3421384068812228,1.9234357291670692,0.913216302851666,0.5356864868412161,-0.236983416283993,0.1567872554066253,0.7379019759506372,0.5837325364657185
SYN3_0057,-0.727477503305468,-0.6267841607316623,-1.156455754515309,-0.0966785829565369,0.1154892436100649,0.2458107705683816,1.2257367557756655,-0.015228292129027,-1.2846607528467342,-2.1506353064238954,-1.134870015300759,1.1680874768504454,0.54419585424648,0.051046885659305,-0.0269792370878895,-2.2360887473834308,-0.8767070933473851,-0.9158848727297566,0.8031491066411701,1.389507076217535,0.422286888184762,1.2484488017602755,0.3580438963069905,0.1723439220227602,-0.5877230115869843,-0.1907344540902868,-1.1526228908329506,0.1736880849428426,-0.770634018663007,0.4990318359644949,0.4619106237288245,0.9746283313662848,0.0978211384782362,-1.298246388812828,-2.1318968264063725
SYN3_0058,0.1394796957979512,1.45132539185035,-0.4714738270684889,-1.6327698212738608,-0.9703484875167812,-0.1960259744019673,-0.167037968040501,-1.0458551826902882,0.1525028664395877,1.0184833603354475,-0.2516581920271497,1.000360584987877,-0.7189830815622847,0.2608637035282048,-0.4120740618900872,-0.590691876815277,0.6389338519730267,-0.2215234099210574,-0.2820389571743193,-0.9281865358378992,0.116899278902617,0.1784793786660821,0.6116289810810275,0.4485831788853933,0.0241692137555284,0.0016511028324317,-0.5203304970940471,-0.4739333743797169,-0.514230095010933,0.3280296847497454,0.7019785332544891,-0.831234709793169,0.1700540643064773,-1.324648067651356,-1.1084929546030038
SYN3_0059,0.0551719044345033,-0.3858693590747758,0.7750411212082245,-0.691632776908985,-1.0469836750934212,-0.0085864958769933,-0.7656562446437573,0.3097351625945306,0.591421510316531,-1.0133542615026796,1.4183105138243417,0.3416890937921769,-0.0973300408710583,1.412351540814028,1.5645231100358428,0.6635096559045844,-0.2920431235436866,-0.5521461252686785,-1.2474035671122563,0.915440634420074,0.8974937690624686,0.8168791411425863,0.5809170202173037,0.6197229861220376,-0.6722970155009979,0.8388842611270284,-0.1244612701413615,1.3248098339739494,0.197802216489013,1.986096859689782,1.0713749417284752,0.7234867841160186,1.5628230996098469,1.6103584073345054,0.1953305431564977
SYN3_0060,-0.0841437631876353,-0.4585856395660453,0.2943478809111951,0.1455664802468114,1.7580297131150089,0.4521084080102949,-0.3419379157188058,-1.2618849784264856,-0.4482890584835755,-0.6741948735132562,-1.3474005818416015,-0.3259783910210568,-0.349287791689819,-0.2996664526972082,0.0187158412921213,0.2862789065101762,-0.2957463331822809,1.2892375031194303,0.5249395120818017,0.087588452369887,0.8411361596000534,-0.5028650761308597,-1.0731506763514411,-1.5197380549548385,-1.6879537513550724,0.3839334301491805,0.1603237237214811,-0.6217649310090803,0.4079965106816099,0.6677321277178178,-0.4880863436286677,0.4316207006224726,1.1929911385065497,-0.6088724575118138,0.2820380266801229
SYN3_0061,-1.0704100887389048,-0.4142484254870995,-1.344311051598594,-1.5984932096136242,-1.2783198608468178,-0.4285860968151001,-0.2064466387203943,-1.0270692471895866,0.3026573373874178,0.8516394285726839,-0.1843732992261803,0.3024563151328934,0.3929037446615565,0.6916039852278711,0.49072302638751,-0.3283037725534851,-0.740131398217892,-1.5563098245069142,-0.5500457419511593,-0.3726638701790304,0.7941759264460594,-1.1199242852942997,0.0207071507290976,-0.895521021744679,-0.7264390960385413,1.7320208130070265,0.7384941118743571,2.271762228571472,0.9958665102440069,0.2336744981521694,0.592288282279051,0.6284825694446278,-0.5269231642706347,1.415328072982656,1.6898537693282103
SYN3_0062,1.5097524041826746,-0.4765627219358337,-0.3218409146280608,0.2983774028755786,-0.1656989443180173,0.265370451718139,1.3267586015085977,0.4043259899214775,0.256908830646664,1.3073616968050987,0.5917925992153166,2.094271566282639,0.2997886158571508,0.3622919227966467,1.3203468653606398,-1.9560438255893449,-1.0890629886189758,-1.6226942862857774,-1.2324346533399717,0.1596213699105412,-1.0010026956074505,-1.7427676399910514,-0.0408129958994824,-1.7182762835046452,-1.0649136730146551,0.1977938967577649,-0.9288853646257844,-1.438724319180972,-0.6261236998740666,-0.8908998356222982,0.4492697769834576,1.0280063687095278,0.4980999972997988,1.1008954627622012,-0.4659002235784353
SYN3_0063,-0.6411182275255238,0.9399146458907132,-0.7748514803160547,-1.8187948009133057,-1.0704141166179433,-0.145093908279293,-0.6117356050249221,1.0448326117132745,1.0123439803653556,0.2751309310235217,0.2512971768044558,0.9094231992150298,2.093248939423279,0.9191654676802418,0.3358681447913444,-0.3251798081590704,-1.4405685724354391,-1.1909089816001148,-1.934001270518104,-0.5811296891207732,0.3777994187033213,1.0334025283963284,-0.6124861611595407,-0.2608291508488256,1.5726008238996143,-1.0882224150743645,-0.5732820316959412,-0.4978993822999725,-0.9876707184110094,-0.7357677308223687,0.9788704447463188,0.2910863945684863,-1.0341342982088622,-0.3852491404545306,-0.8370804462063706
SYN3_0064,-0.1276781584317391,0.0689907950831521,-0.3454442965432911,-0.4654531861836655,-1.0815808532233702,-1.3682037892288277,-0.1967082097949767,-0.7524733188424103,-0.9056603988400554,-0.2685578327397434,0.4331871710012933,0.5516584433502363,-1.356016490429249,0.6916792373388447,-0.0431968946804318,0.2422496183237762,1.280117267136472,-0.0346535295764255,-0.4832379885552041,-1.0382971388771722,0.3072932522129269,-0.4324165561665346,-0.2294817302848591,-0.3768901546015371,1.6231010055959008,-0.5779676383438737,-0.3562252158580858,-0.7157323976189164,-1.679831287304927,0.0883083527507655,0.6900773849354184,1.3549909146723451,0.527232647190664,0.6804054661645303,-0.3717169765778076
SYN3_0065,-0.320024741255584,-0.0374099572731178,-0.2689798792384616,0.0507617480420477,-1.2288236844230311,0.7784640061557287,-1.5054794082651572,-1.0323841594572107,0.0914926550786759,0.6937879772948405,-0.2582268519038384,0.3470309968860435,-0.203637084005382,1.7926103087635203,0.6935461199783034,-0.0883182124549114,-1.6854494288330306,-0.1763398753176898,-1.0535829291294974,-0.7195956060278593,-1.952681791149983,0.0581734254268472,0.3153797769885295,0.7735082189901412,-0.496324513079001,1.6431644979691915,1.480937194132081,1.510380373924888,-0.1202735294925263,-0.9598865315757876,-1.221439890609758,-0.670913054694369,-0.1417292710860887,-0.8548029855276352,-0.7839662132798471
SYN3_0066,0.0076058464295464,-0.6964492458142464,1.0686571371848077,-0.4782266731038189,-0.3684650070065043,-1.2158619762309495,-0.5973430476111122,0.1847885318888594,-0.9873898104754611,-1.9805208795662084,-0.7705791857446259,-0.1760622676332294,0.6645698881602622,0.3706622391777989,0.9361442151207112,1.3688842895545583,-0.4533529362111042,-0.0336299734777572,-1.9879487087212744,-1.8168148860644144,-0.9566275934714736,0.2433737050998788,-0.1433072023890349,-0.3822098262230903,-1.2527349498963976,-1.466709889712272,-0.8405185404862535,-0.3888563920028215,1.8247448100702808,-0.9929467071160144,0.1498868913513488,0.0304632012334114,1.303334004934573,1.4449574165931134,1.0957534565264306
SYN3_0067,0.1435939110556487,-0.6253482342718645,0.4941998662234317,0.7233247841168551,1.775517518076761,2.761150882840502,1.1376650147227472,1.1905769870176195,0.3192820331913332,0.2669142364124394,2.122998691969832,0.2818118333569934,-0.2060008042585416,-0.0539904416798987,1.354579459926163,-1.052289435449737,-1.3788380890049772,0.6223260451989584,-1.4021655113263285,-1.223165737427808,-1.0604163227785903,1.034629483645412,-0.1108890506085197,-0.8135879568042538,-1.4061587070268986,-1.8788124607159955,-2.0355615495594863,-0.6493548507346941,-0.4643773080781745,0.3206614099092022,-0.6269399556921079,0.8918886305054555,-0.642835381991519,1.2532079050690128,0.0344565646466473
SYN3_0068,-0.615187473774566,-0.0242362306114372,-1.8532698770783695,0.92125558546984,-1.1665099056942956,-0.674787723834091,-1.2890556075298825,-1.1772473992433623,0.496850921859314,0.9777082740976754,0.631967611268216,0.0282297163790482,0.0462984401259062,-1.6998027399337954,-0.2963479378097968,-0.1751946891531099,-0.1879108994287028,0.4371322325471977,0.4131396135314559,-0.9506957285006028,-1.0582953741426877,-0.7458424749187405,-1.3905168789662727,-1.1721288737193554,-0.1400126251743387,-0.4480659066499099,0.5481253731977421,0.5730733301896489,-0.4315106081853388,1.7333652020799073,0.6996314802466745,-1.7578203395807857,0.5394883730546114,-1.1518688062981428,2.0109769353315534
SYN3_0069,-0.0669282625578564,0.2362878380460626,-1.049442399080874,-0.6814796398650856,1.0438450644555166,-0.6406081308415107,-0.2652622050152531,1.5151303984021858,0.4466026816677581,0.044468034658406,-0.5008419859930779,-1.22062280549062,-1.6258649616631125,-0.5692524932799287,0.3836817552328361,0.9370832867055412,-0.4339457507303277,-0.6551277324153242,-0.1719702156435404,-0.8877222412400753,-1.8555412892758292,-0.0858638192250613,-0.4204561449649235,-0.0134427891117158,0.7630313626528782,0.7596938925041583,0.7934049886293914,1.1719296055224686,-0.281980473463831,1.380075692398986,-0.6091307544868718,-1.2132358685877314,-1.6421068618667138,1.4108400159165362,0.602197664786404
SYN3_0070,0.3244881712391404,0.67546059595319,1.7788984483865316,0.5084718071460966,-0.0611759928947588,-1.9509310830243056,-1.727030867984443,0.7231130614527683,-0.0324732610126992,0.524047727543907,1.158354011389172,2.03793021501347,-0.5985265510467238,-1.7517836937613027,0.5140365609471753,2.0093774769998567,3.0557638148863084,1.0984964046703751,-0.3125848883878714,-0.4913144083121979,0.5382139311649103,-0.69342299825515,-0.6176904848606584,0.7973325923317682,0.5381323256915679,0.9742953607147664,1.0587184548196011,1.6068299468675635,0.0192561651127649,-0.548584552508407,0.5896763482049671,-1.3503431603087743,-0.8771979293593057,-1.0585648193215986,0.1709095836591116
SYN3_0071,0.7542095515587983,0.5166950590291689,-0.1054114081856312,-0.1678448408377737,-1.2184703522318754,-0.504825368149479,-0.5300873242429955,0.1020320008716127,-0.1416108372990691,-0.4591524624974172,-1.163192761595028,0.7238330353113115,0.5921079080758214,0.225584182897146,-0.6721076435391881,-1.4064932577635487,0.8280400485365524,0.1799417783094075,0.1474172842449888,-0.1934112733209923,-0.1989717235542143,-0.2735277803056452,1.5260815854482714,-0.5954706620525019,-0.2132762506134292,0.2463368350777809,-2.1502629661670336,-0.9438800199985304,0.262862217904898,-0.9599362204972371,-0.6952759437689998,0.936321658991732,0.9602504951645268,1.1417939189503288,0.1713139491741615
SYN3_0072,1.1411116119000575,-1.18374334618554,0.0912991383579212,-0.8863082546139285,-0.3908642254466146,0.3519133613278267,-0.2627209902000815,0.1007969500723925,0.192982511242667,0.0300529400236625,-0.2566685357214358,-0.2767783932460021,-0.3291760172069184,0.9962451643474708,1.0493348223416372,0.7678876633008221,-1.045714043908597,-0.3233972116013591,-0.6670098628249721,-0.6315367774473943,-1.5017974329537231,0.0795449990084561,0.2698749561536958,-0.6313375304875957,-0.4095314240172046,0.4506099911284357,-0.0794197880381268,-0.4989003929847769,-0.8180046686728839,-0.213617816016113,-0.3135383539254927,0.83888664159554,-0.3187472341120004,-0.916618360366186,-0.8895158102039652
SYN3_0073,-1.816717637277923,1.8297166143260692,0.3507408554983489,-0.1881162905467842,-2.3632490818872425,-2.095906549706881,-0.0384979652274908,0.0888547025871378,0.0598504354110128,-0.6218863557369622,-3.101783378605814,-2.567555901040307,-2.495119169158972,-0.2331627093517441,0.7375793904525658,-0.94633490228396,-0.8785525377118075,1.0155444164739904,0.902559941340422,-0.433087640370384,0.3054217525233286,-0.7689763397323085,-0.8500683895837029,-0.2270991612690078,0.5265778817277005,-1.080364904320574,0.7624236505724393,0.738715766097171,0.6664003949768147,-1.3817039022677302,-0.3189016219411885,-0.0996593656221841,-0.2365328991857244,0.9863463867139358,-0.2453388233173434
SYN3_0074,-0.508037280828621,0.6038941089472146,-1.126488188321392,-2.636707003304665,-0.5710305874920352,-0.9441205207688688,-0.8496991487113548,-0.1683709767082558,-0.0281631486730978,-0.1071056466748622,0.3660555485010379,0.0236316355920238,-0.5372418660757855,-1.414835425547842,-0.5537922706914691,0.3695130245325712,0.2967093222599963,1.3248566380942772,-0.996776769567062,-0.1974623642291326,-1.023430863383803,0.722843374906931,0.6195936544920216,-0.0124919618213921,-0.4204888817401497,0.7716101920485473,0.8100375997104334,1.0192101072833275,0.5007222015343157,-0.5056152646958135,-1.1965858058061118,-0.1448177090459399,-0.7161883287289774,-0.4654742164452082,-0.5014906581080901
SYN3_0075,0.0347868045579182,0.6969358195892383,0.0353346309698249,1.506214817910279,1.909345682985086,2.057937247303904,0.7268134323280773,-0.4118561144012956,0.5238054472462474,-1.3728425996321627,-1.5613852472400758,0.7074575908826224,-0.1116697431053766,0.0464706551221632,0.4858241919498093,0.2414562240911533,-0.9927354037905622,1.2271845992581405,0.5410358475015283,0.4885576853151932,0.9929678547835706,1.1225995524970334,2.0899765284448213,0.9589837964515364,0.3068063865660784,0.5777393043189754,-0.0736026685244723,-0.2739224244815519,-0.5515626966925365,0.8579224499998915,1.066803490815078,0.7546304960939374,-0.7144807314754889,-0.105762317220391,-0.3455317895992467
SYN3_0076,1.1688793641994284,-0.5259223727887272,0.4498150497923299,0.448255235931538,0.8556159068831357,-1.4428637180199086,-0.640062968254142,-0.7703824535014828,0.1925473769782805,0.7617121008837718,-0.3327098004523346,1.7334813876467017,1.2786429060362725,-0.4360702647683331,-0.0613043422376741,-0.262303487685695,0.9958820547977144,0.4284483630441024,-0.4825056792896117,-1.2694677650413868,-1.634146810165327,0.4317744480038267,2.086784844265567,1.133945444813154,-0.5978801476832828,-0.4954560470533334,0.6176241692576027,1.2786883195618592,-0.2824411888758985,0.2451228789229885,-0.0582051636561061,-0.1845178272476378,-0.5459220541668021,0.0219127992568519,0.6935595626752388
SYN3_0077,-1.6802627176851892,-1.2682678439425363,-1.8716537614034043,-0.2927077151234117,1.7502585126174015,-1.222110009056148,1.774338125977615,0.2708277401758641,-0.5915605596440223,-0.3314117645221162,-0.2987409936045949,-0.4529381289674385,0.2598207941101749,0.1169121120195458,0.1874235167242151,1.0995768087565447,-1.3043872777701573,-0.820336852292189,-0.5759693649646821,-0.6138342118011031,0.445453133831632,0.9218377520068196,-0.5195584336386773,-1.4356309889409031,-0.2442765115334723,-1.156128030884044,-0.4557654678584871,-0.1333123854036816,0.6540144708675639,1.3663403891228862,-0.0200143421652326,1.0816539648210288,0.5485801049139314,-0.4912117594619153,-0.0565530035015539
SYN3_0078,-0.5942750595749072,0.2707942166620942,-1.5258402888697582,-0.7742032474411009,-0.0851609924490668,1.6596133261653732,0.8939598463724628,1.0798385842351808,1.3213547310808311,-1.1229464800228424,-0.251923343643437,-1.5161997694773697,-0.5442854847436444,-0.6711788476185075,1.5970321053058318,-0.302280676634201,0.0663636207550304,1.5854573793803792,-0.1018143702365338,-1.1702725795131708,0.2018957754244297,-0.7029666873557295,-0.303907760452407,2.006106413884004,-1.6473925298795509,-1.0652710555510312,-1.3647188562748227,-0.340853617715109,0.1361380594545121,-0.3092694847100936,0.340451511957914,2.581828977157887,1.2405810997207016,0.5681446731246357,0.2748341656798903
SYN3_0079,-0.8463149236355373,1.3639856310808016,0.5751978777008052,0.8688569770649404,1.5840124142558103,2.048224108074027,0.8117648796813428,0.6321761493452785,1.8017362581819292,-0.2771770784311137,-1.318992012190063,-1.9519345098549448,1.507484765696574,1.8500927622014405,-0.9482833346472946,-0.2855648771782346,1.1260740050319564,0.4678975926544038,-0.0848671791215315,0.8676051723115696,1.634051805219087,2.42346266866582,-1.296482774120998,-1.268572237182345,-0.2210026705186446,-0.8328058876942409,0.0676936001906514,-0.6380711601030371,-0.0383698830134,-0.1910408594429382,-1.795819923631489,-1.2956989352860877,-0.4735617882440429,1.1687877840243583,1.2798301917242518
SYN3_0080,-0.3106445166601947,0.1617900258556581,0.4546251689168415,1.0275252101169077,1.442537480141081,0.8524056462538423,-0.7282168769517698,-1.3244114589759777,-1.0313895615922577,-1.2124444200819873,-0.887301208504947,-0.4239350296535936,-0.1816964532601041,-0.4194821567627788,1.205551530872227,1.5675956485027185,-0.0474609392871561,0.1825366931977223,0.8665193631022278,0.5654162169159862,1.366539925699963,1.0059870337577288,1.101341292672681,0.8435364336586114,0.817119953451096,0.2991544770309535,0.0091663760969453,-1.2895256784515836,0.6530282978596395,0.1028118839558024,-0.3803725527200121,-0.0120905459678092,-0.7072844739734303,0.551646909441688,-1.0967383017366097
SYN3_0081,-1.3228378900753626,-2.870620222458647,-1.2178617572088193,-0.9549810731656476,0.3425126102463892,-1.1682979589945486,-0.1242701657230721,-1.5488356170079265,-0.741580088981351,1.866195213555968,0.5984567569613892,-0.0975900858691934,-1.2233092013038156,-2.1407318472686527,-0.1380292574327747,0.5030100750763734,-0.6565731256261338,-2.157060021970525,-1.360251904007984,-0.4902048579620998,-1.9766943757446545,-0.4715727288283683,-0.7620834178133715,0.6452268023943959,0.257085488415548,0.7259531422202133,-0.0290742062648036,-0.7508017350431819,-0.6329166511402404,0.1203120913752447,-0.557867537690936,0.8182147089338754,-0.1272859109222623,-0.3043622031302578,-1.7950311701199984
SYN3_0082,-0.6188132674427134,-0.2944436460797077,0.1249377370949769,-0.1507781651607034,-0.0416590894538552,1.2656372621047824,-0.0094789623100016,0.3338728244442956,-0.6467028008232868,-0.5638361346650574,-1.3124371155642154,0.9211069604279224,1.0863896977664933,0.7025014572612466,0.4864688916413249,-0.5999162075266047,-1.5900371553680368,1.1118073240093282,0.3915809926253442,0.2385962893618305,-1.3208279062126629,-0.0413266588902794,1.707894052804552,0.3633917941735046,-0.1540110629117096,-0.8270668691492741,-0.299436150050656,-1.0014025669790745,-1.5371408679257774,0.8889922665241209,0.7681380917242742,-0.2451450967814183,-0.9552633458467824,0.1779731954205407,1.073561365784308
SYN3_0083,1.0428017099827662,1.065190762205037,0.5116308166615722,0.6596949875369293,1.2663233573570791,-0.7017915387384435,1.0616812430417428,0.0750784097077979,1.0409284975575095,1.3450236955584551,2.076642717386042,1.3271344453810556,-0.1672819354424454,-1.0810274549947243,1.3360054135888184,1.6942008179548969,-0.0050648475987693,-1.3122226859064896,0.4539379355025517,0.6775917016303635,1.8513409207600808,-0.027258078399819,0.1469018270970302,1.2784428088430184,-0.7638928956896318,-1.8598878061046984,0.1335581573725049,-1.0194910631468492,1.056009195046336,-1.5412314974428936,-1.6043658439766986,0.8306374519099248,-0.7331010288112327,0.1948312000433915,0.5243189599172724
SYN3_0084,0.3163046364626785,0.776140163868897,-0.3505210187290498,-0.2193665615052514,-0.6235534683395,0.5044510844341593,0.3409359991461981,0.560880700737644,1.7909980887134167,1.64701660492877,0.5931226328296745,1.2511183940253243,0.851982014735921,-0.0909086558235239,1.6818944630517407,0.2822539444578057,1.364914277279552,1.326256935014899,0.0054438704487968,0.4189271857588909,-0.4863743794323513,1.8281963012789468,1.3520778428861278,0.635006856798238,0.8213551571872312,0.4915590853564171,1.5563582586936917,-0.0628050000263573,-0.3606251035682882,0.5932469745522845,-0.2547511545141001,-0.5703053605874485,-0.010435100424476,-1.9403787897980669,-1.0783465732391426
SYN3_0085,-0.265299281874291,-1.1115576307754558,-0.3675956443119482,-1.3385978360054338,-1.5883680616430933,-0.1799216331230848,0.6233039909382553,0.3816165122070093,0.1137403295866355,-0.069527720562512,-1.372463395808328,-0.9111950173619096,-1.3649798645720823,0.4371221117140262,-0.6619750912717114,0.8401751173765533,-0.3448639949981321,-0.3515488291807823,-0.2092829926230189,0.4006550912164645,-1.6203920596430486,0.6192171203563971,1.026048786364287,-1.7739647486036731,0.7023417035899987,-1.1369745098375237,-0.1620676199172382,0.904991638038906,0.1830985526473011,0.0899293499479461,1.797668831253899,0.6015432498357309,-0.4817800421171219,-1.2467237767113717,-0.3919003374995812
SYN3_0086,0.9968642791178453,-0.4117892935503107,-1.0135178319332745,-1.9985758966370055,-0.4288997459554953,1.0921516856786275,0.3937913968708418,1.3804544983699023,-0.4241838364678551,-0.0684501064930552,-0.0432537440853123,0.4021318493609979,0.5298685913356171,0.7742005515201493,-0.6920448500327723,-0.6918008248916252,-0.7577596992161714,0.3144195567108354,0.4626147044816821,1.4423606991491067,0.4668157350146146,1.0143912716689656,1.9146810639834588,1.0119440663521744,1.0715656455958174,-0.1016011255431904,-1.512269037880587,-0.0980765633164516,0.458620801192604,-0.2218128411217598,-0.1547947641880355,0.3869355120082771,-0.0284660515403686,-0.0943068183957301,0.0622753154651821
SYN3_0087,-0.3416489379004244,-0.905500225903304,-1.2677075753204143,-1.0718266573932933,-1.812693145561001,-0.7295375000225552,0.2779423261778818,1.1078608902334168,-0.9132399046986496,0.3283658914935402,-0.5019698110353583,0.8270130646531123,-0.1568282375754609,0.5884379915145166,-0.1966422270060084,0.6634191102316763,0.6945725963448299,-1.805161126920107,0.685430467864221,0.7151767534606692,-0.2937466669248234,0.8602249048518843,-1.487928196257292,-0.5070031951693451,0.2583234343792061,0.070847856196549,-0.6431989553722771,0.5724766085518243,0.3644401729135102,-0.6321215492425989,0.0406909541311972,-0.3219595757959879,0.3150709517295382,1.438431680032217,-0.114610736020284
SYN3_0088,-1.0596805724416398,-0.3961785830401055,-0.6058745817477145,-0.7816068188077337,0.7625501829215549,-0.3247512305532799,-1.9781132391467569,0.4292700146432102,-0.6887842783830118,-1.3221359534681163,-0.8199505186058204,-0.0186560554350142,-1.2381496327501484,-1.735357032809168,-1.296229578864576,-0.4724818270312806,-0.443092745962217,-0.9724003606555484,-0.6105037315180586,-0.6392839126356125,-0.5727208175408757,-0.3651326763428112,-1.1478435030370668,-0.3844371444120327,1.739630564774898,1.9089301877196376,1.2434957303166916,-0.7310736299540644,0.2575376287329823,1.9239043705443768,0.355892512575185,-0.3480515539720809,1.2030642698831346,-0.7169391753426038,-0.535855043787798
SYN3_0089,0.1092838097885834,1.631434107701899,2.6870301132729444,0.6239171914756777,-1.8037224814484747,0.5594089486298743,0.0196482749272467,-0.6083354267969686,-0.4424854969751133,-0.9747520197351188,1.6584128528193132,-0.1113231797756408,-0.3993483444432952,0.6510067318149428,0.7222315323294947,0.0639358479365619,-1.4504034468003923,0.0082590136067906,0.3546764729654205,0.7316429306283866,0.936867785419538,0.7567932338333677,2.552002266556389,0.1481660086743893,0.0594944488754424,-1.0417569913424514,-0.4672476985206442,0.866985514627952,-0.5396032035264782,0.0579296681413801,-0.9959009379413636,0.35451680925258,-0.1972687460487789,-0.6039610448680207,-1.0589851835841952
SYN3_0090,0.3310397392256943,-0.6741935377525388,0.2421466624938308,0.0660766264060285,0.158314824062944,0.5341705501332884,0.6012951275389266,1.5601925737621931,0.5358016506795061,1.578417053452568,1.0710001477486597,0.3788559796450396,1.2318234694776495,1.0772932865372598,-0.4354634491992014,-1.3993273486410454,-1.2241482102099583,-1.8446268411701352,0.0504776375417705,0.2807563466279266,-1.2553824818095398,-0.2397685749773663,-1.1634182008279836,-0.899931109363036,-0.3422782924830533,-0.7225307230873319,0.5156120919434919,1.5346974807646183,0.4665111766482427,1.4429983534920512,0.0680150234798713,-1.2167687477962246,0.1691079780504229,-0.4761427504807169,1.0082811386285304
SYN3_0091,1.1870223056100766,2.345813126705524,-0.756434586912651,0.2092406476778843,0.2333425101572659,0.6543676658018122,0.4313908883271896,1.035499882691083,0.1335673664364223,-0.7717120078506811,-0.8664833695193825,-0.7262577804722802,0.6502016974159923,1.755296232884326,-1.1472584498719702,-2.327909571304808,-0.95508248683976,-0.8823213660363393,0.1201282578350353,-1.738290983473311,-0.5510500179488933,-0.2071876625230172,-0.7413929380472762,-0.3592988877564606,0.2087436442870305,2.13314493819815,2.3644910047430323,0.5398835491029675,2.874321245260071,2.4557615741455696,-1.3422524486353176,-1.2388399062698918,-0.0185244990451483,0.1442909750114266,0.2427432066073434
SYN3_0092,-0.145175878080188,-1.0534233339755457,-0.1246502440617213,1.934846540608436,2.0480025499502394,-0.1345910154342531,0.0663709017167672,0.9492462685586406,0.6700148876637584,0.7005319677076247,0.0976961746718063,0.8607275971145695,0.673041737899513,0.2456442950520989,-0.1330704334856614,0.0753905693947668,0.8710242523778408,-0.9382241188605668,-1.4297852533617723,-1.5800783698930216,0.287878596364488,1.0128802349131862,-0.2948679898281101,0.2290354772407065,-0.257606528446526,1.5547972886836852,0.9368709097710732,-0.3815780333525021,-0.1520183245552645,-1.886017885865941,-1.94933204965041,-1.1397652448337334,-0.1840333082752036,0.4928352220037694,0.1329922689398935
SYN3_0093,-0.5460440337118186,-0.2210916716815409,1.2517510719340237,1.6012350893646896,1.3193564510818212,0.6355617942859847,-1.4408358527196328,-2.255581254914309,-0.6366448519720237,0.2596574766334339,-0.7041843767004864,0.0947217482440331,-0.022042318368295,0.3133386312657546,-0.7942566831836015,-0.6973124306356603,-0.5451385410366141,-1.0815825944877815,-0.0771288017053201,0.3473878453991528,0.4733929149072443,0.109173880310307,0.3208376712379037,-0.1477723459076912,-1.1660692352120992,-1.6046366728051245,-0.2444041010570935,1.6108030254893475,1.0444964231369258,-1.4652796096019398,-1.8539208922961288,-1.180704976590753,0.4677552759288021,1.9428321902351504,-0.3007853788359869
SYN3_0094,2.620964155894582,-0.6774664662517127,-0.5914267617369284,0.0043211677269514,0.2368688430806405,-0.2336688892221005,0.0677498061052113,-0.3419744215628866,-0.1494319628015912,-0.1342014833762685,-0.4025739327189612,-0.2682856813227933,-0.3795896043866116,-0.1357011370206482,-0.5607308001358229,0.8626363280875009,1.2958985788136406,1.5733960981888289,1.0727792997599346,-0.5238675108849875,2.1962337984794216,-0.5544681000288739,-0.8911071066128344,-0.3871534407490575,-0.0108222343840689,-0.2854957682539508,-0.5534631225550183,-0.7747160438338216,-0.5656656567485813,0.7547087889744125,-0.1608116271403348,-1.5191882544233095,1.4379431267287912,1.2754941549359602,-0.1576973398916412
SYN3_0095,-1.3218083357445167,1.0413218340537254,-1.4100179826194257,-0.5317708605247327,0.5574050419977093,1.3053402521115307,-0.4941392788542957,0.2402601193542958,-1.0037467534806397,-2.263595240424608,-2.47121607240146,0.2789690355978807,0.0966581125173003,-0.1787995931567925,0.6752891059026442,0.9153845758472604,1.0251172391104015,0.0447542946203838,0.5402344193196268,-0.515837956711684,0.5491422080270215,0.939181030943642,1.0588927150212726,0.862000247755957,0.280829473658273,1.511252667032529,0.9152762904058568,-0.6068980904385167,-1.1348668163712452,1.088767707596386,0.3855248198206916,0.5376204937623525,1.1407567365032991,0.0114104571909488,0.9842786913160444
SYN3_0096,-0.2771069048049556,-2.1382770862463087,-0.1871037570557185,0.2704015884722009,-0.9098324158401728,-0.6824218514408813,-0.1803111224038358,-0.4980900475943938,0.3030967691822236,1.2237908226519874,0.4147620942767795,-0.363683959079664,1.2383510801684154,1.0386985522553505,0.1031311639475879,-0.3218616921453665,-0.6060145683816069,-1.8099406556067188,-0.5297146006175577,-1.4268952516856117,0.783481027540517,1.4098815292825564,1.900329450479734,1.469266022996133,0.6011742628058185,1.6380852121184977,1.2772064119392337,1.6703346483972843,0.6392472806577478,0.4099229118932838,-1.2102712097468014,0.35664335496305,-0.2352866947563488,0.0785715430967255,-0.9281461348991548
SYN3_0097,0.7174235725746538,-0.5405624700583826,-0.4343327775944379,0.4804310138237621,1.6813623486234952,0.0387243852400849,-0.733580157506488,1.85936961096385,1.3892724432569554,1.4356701209085432,0.7457269362251877,0.5594222777738336,0.3016805368511489,0.781065824487989,1.738686909077818,0.2034285046128701,-0.1702629442057822,-0.5315890223118142,-0.7649634261493798,-0.134580399269512,-0.2837965848818123,0.9538066720932036,1.5107156691362411,1.6995198926130528,0.1783903173127315,1.712959754731142,1.8522397263187056,-0.8317758460309143,-0.8925345302168461,-0.1919342949139527,-1.109576009269733,1.1291834659035265,-1.0390729228965676,0.5143906240166942,1.9632475389944024
SYN3_0098,-0.1386706568538742,-1.709371381304953,-1.3626232905282043,-1.826087002773925,-0.9348651411932214,-0.3856282861111032,1.1967027943324955,0.0488459556116729,-0.5292215109931521,0.443363950604449,-0.5428244495761007,-0.798187885457981,-0.3214101501949554,-0.909231360632472,1.0339733706152905,1.8324806474248885,1.916470312452284,1.7800256593126786,-0.4833432955561362,0.017940631633573,-0.6141985109729857,-0.7394239034595678,0.5097059781793172,-0.5657677642944122,1.1180487267342971,-0.8994302369966708,-1.3395762619687763,-1.3583668654285384,-0.7915406755795107,-1.2436922544992297,-0.0842649549997203,0.2105392674003192,0.0575765565601718,-0.0384096526129689,-0.1630905860326854
SYN3_0099,-0.8971797706565044,-0.5887248777090875,-0.6949918148166733,-1.1157644955385402,-1.3217153885731605,-1.0883310826603487,0.5356364986712162,2.4157908291591053,-0.2663432172938475,0.5614381854505494,-0.1994016653424389,1.0201279108701415,1.6942603233296825,0.5334966621363803,0.8455529504291899,0.504572110956323,0.2677809889164403,-0.8007067197191324,1.551733815417449,-0.7363766951074887,0.1975381723260599,-0.6087141261706998,-0.0557042497478506,0.6004086845832511,0.6531034217139516,0.1984846181629131,1.5703043950090032,0.7324667894098831,-0.1999442600317328,0.0316547754771112,-0.0149223632554883,0.2979467511028565,0.6509936111549621,0.1112128985951166,0.8385845460335584
SYN3_0100,0.1656738094343449,-0.8052947630027236,0.7943611186750282,1.4424976822537467,-1.162445784790055,0.140485105901209,1.2502800772952032,-0.4829601056650454,0.2119273337484051,-1.059864490794335,-0.6149600699584657,-0.8489906354602391,-0.8466874547831902,0.7423860183606372,-0.7952563037714147,-1.3720316940688473,-1.0326985300032847,-0.7100954361614322,-0.8567782141653123,2.8653466876929605,1.2629433226624895,1.035873644698988,0.2439073882433555,0.1668197438005574,-0.3899770902618339,0.7425978939535912,1.6597286864281242,-0.0126157431204155,1.004256317870611,0.4397177762902299,0.1443896280247424,1.4360304429156183,-1.2939966335419455,-0.0701870143543121,0.8036368570781768
SYN3_0101,-1.1143829043884523,0.7165718139053276,0.6723559507245304,-0.2368671587985049,-1.3732047066898012,-0.3540768105245314,-1.6762005999355287,-1.8580586705480668,0.9623868301294968,0.3126627826539952,-0.2889522433500605,0.0702614450867899,-0.573125331237784,-0.2804144266246879,0.1705852128019957,-2.787187357049219,-1.9964069569416496,0.0530829108219268,-0.0200318253267629,-0.9100041556594428,-1.337973252563334,-1.7330661833434118,-1.4364384595239668,-1.568378506810903,0.0376323607124665,0.5532342677738346,1.3955822771627642,0.7357576802356698,-1.4392336303598774,-1.4541346454363415,-0.3609024302419825,-0.2502696864302518,0.7250843377050395,-1.513315210661191,-1.1208910606291254
SYN3_0102,-0.0192953775200096,0.8133409393890165,2.3668754907583995,1.2137210667132268,1.532047804633347,0.3241883706607443,0.1366625865149821,0.6478495805443347,-0.3711310194710109,0.3793110352701421,0.4572420962348094,1.2506025384283366,1.2201282756646112,-0.0747278561183932,-0.0015602657555152,0.7257789128730945,1.081759463839994,0.5377874592674093,-1.4864810671702402,-0.939455346924116,0.912863800331404,-0.4831455465914921,0.3262262319644795,1.0216913826682024,1.335644698492931,1.577661409674884,0.9369990687263392,-0.4255403751658523,0.5333472653305356,0.2479352140910255,-0.3932082222620424,0.4832830210576569,-1.3175533539708726,0.0468705294797301,1.178759525724041
SYN3_0103,-0.4192245102359381,-1.6226788556062564,-0.5512916841038401,-2.2335485464653857,-0.599570364711185,1.3797323052502508,-0.985176953127618,-0.0296863663747412,-1.2479449396432023,-0.2132679848307409,0.985104691708308,-0.221175303075705,-0.5968522372175743,0.3898316443305698,-0.2512927665582493,0.7037769472235658,1.1452358695043972,0.3951409770520114,0.926297511896598,0.096974343488812,0.5031730833703192,0.713902013816627,-0.4667259848757797,1.0499073152153284,1.1145999400388176,-0.619026480537297,-0.5098069161845483,-0.2062018135119019,1.909937443723703,-0.1907681358109502,0.0117719830590833,0.0248901167216551,-2.071427290403737,-1.736209619005817,0.2865858728443066
SYN3_0104,-0.5535179939492598,-0.1365231823214797,0.2126259190758311,-1.7656196858383202,-1.5926900126331631,-1.0616789506652644,-0.489802511407195,-0.0331052040674393,1.293139186840946,0.3057446988869917,-0.5645768323013877,-0.4074687147949204,0.5944166473380936,-0.5920388875275414,-0.3432338976405754,0.3555968110111411,0.0037118931648834,0.1212175089689168,1.4910602536853528,0.6706474302007536,0.6560345145153577,0.1780011009443499,0.1063031698577012,-1.1471678039835762,0.6828375576522534,0.6569379421757161,-0.0860998352775717,0.362561169697362,0.4042469528152217,0.1448648608592729,-2.109360588321254,-0.9977668498200384,-0.1249591396237652,0.3464546036346305,0.858146837621427
SYN3_0105,0.1905763459488233,0.959944788665586,0.2597394781595257,-0.754798165500477,0.3716372468605377,0.177430395516259,0.831361204366214,-0.1654882528689749,-0.4860147542616497,-1.4211883176117093,1.1659981243889144,2.206575367166862,1.7097107128760365,1.4619200939511507,-0.5291870380022421,1.6194946934340435,0.2919224580996152,-0.2664540573969306,0.2358440411095388,-0.1237824531824037,1.092476224172119,1.944343069700444,-0.1761133291154555,-1.3912840832141449,0.5405156016088908,-0.4227028188480933,1.2171456771598668,0.9622944426229292,0.2938518549634173,0.5851900159966238,-0.8201868681481441,-0.4027192264608956,-0.5905498886184013,-1.497519316973767,0.147606923346707
SYN3_0106,1.594477578866197,-0.039742092924489,-1.5773904382965367,-0.9698355182342944,-0.1626068478066678,2.3164028156234773,0.8015135983270212,0.6497001181320444,2.3820714301461385,1.230660984475166,0.9771739225548844,0.0621867705793181,0.571155947532067,0.6334164140538406,0.8979256724017394,1.2899375920656455,-0.9006411755141317,0.7682143643584265,1.1457955239116075,2.741730314250372,1.409145998117482,0.7376367808619717,1.2623638874799068,-0.5049326679065261,-0.7390755957883418,-0.0598211400137227,0.2301097534086765,0.9415902419295996,0.2367500901125679,-1.784983476371722,-2.0723537788951885,-1.5881086978418415,-1.3152120347375644,-2.2189792601019485,-2.211880629219194
SYN3_0107,0.8886658003561122,1.5205131786504735,1.1125365675843588,1.747066003803457,-1.126006529765618,0.3217321030581374,-0.2027633430438736,-0.5695297560569835,-0.1469226566453241,0.7546306787349488,1.601312801651128,0.98908183703572,0.2489185774671219,0.540365352423269,0.4815252291550569,-0.4935198635098439,-0.3104329800951404,-0.7315251264166425,-0.1488951161775962,-1.1337362764081291,-0.993328287839144,-1.2635955196890651,-1.3927031334626945,-1.3493975775346556,-0.4182620380536936,-1.0725552159029028,0.2082302892225562,-0.2367900122792516,-0.5826244196397772,0.8537612444937172,0.7482090960984185,1.889403163392583,0.7630010700981094,1.2189855272724934,0.7090154978983534
SYN3_0108,-0.4497579985072169,-0.9831778385402812,1.7227686749311533,0.2649336830397092,1.0456200952125103,1.0910720714511553,1.9425801749885887,1.1821640149863872,0.072325496710924,1.3456106236396317,0.9193465629346356,1.0353167196328978,-1.309477535115228,-1.2782340042900997,0.1959632418814244,-0.7743285873654051,-0.4533175966427185,-0.2213029874722327,-0.8090096884884139,0.0499719605483168,-0.0409449844908448,0.7518797846783535,0.8342011451781111,0.490402809498929,-0.0851805583983164,1.4707279295559903,2.0518181127016053,0.0202292897759283,0.122503249966308,1.7053904991232949,1.2370192831345843,0.7533769248804771,1.2016175783574978,0.2339498971489071,-1.0595680367137847
SYN3_0109,-0.3555713430812251,0.8054244583332081,-0.6952557154597739,1.4054744860333244,1.1347542204071597,1.3427619083724711,1.0730789372205425,1.6306586901960476,-1.2784423347069025,0.2115498399084268,-0.7045057037826119,0.5941892065977774,-0.3201998083147903,0.824132887689043,0.7024558190026808,0.8843324855559662,0.7717146024655372,0.7234612043527382,0.2668505205125532,-1.951547712046681,-0.0865640362529358,0.045407891895538,0.2754373745721913,0.8364923822004401,-0.1192258300825644,-0.2480424548304175,0.4890995805239677,0.516207670680348,0.6085515216153928,-2.2892737907017784,-1.1130060666888255,-0.5086799529569341,0.7247800761285912,0.6697297449693455,1.6293890363623984
SYN3_0110,0.440744098645757,0.2824435340774692,0.7881386725398527,0.3735092106519315,0.702600397203823,-0.5663277701915429,-2.048078897032844,-0.8579873153460758,1.89713101440445,1.585183771987207,-0.1081995179122474,-1.4792524558058078,-2.401350764553722,-2.2063878646201256,-0.4995325295054423,-0.7958040521785055,0.1429715342424071,-1.614668426571706,0.6100567550648032,-0.5385790152661103,0.6127852046241228,0.790862735483102,-0.1416519212970411,-2.4692430661474685,0.054939614971275,0.3561065697030895,-1.8838267354023268,-0.0152006175104582,1.488359401907938,0.9724871443187812,-0.6418432221161382,-0.6805702704398624,-0.6821457335076124,-0.364887720155975,-0.0517535823149361
SYN3_0111,-0.3136743075218537,-0.9422991067877988,-0.9041294838514834,0.7558615414964002,0.8889191303109493,0.5026453691224695,0.5927843048796488,0.0615249566769217,-0.7220028459814276,0.3768928592085646,-0.4981825904345058,-0.0777751211724272,1.0889166224505882,0.5828763506730178,-0.9025586342916608,2.153027778558396,1.082226889293916,1.125236867522159,0.4245567034658423,1.3429677666142603,0.2521415477922216,-1.2336593170632142,0.5113846761936813,0.2239407215635745,0.1923168087584473,1.6905435013695231,0.7331221893008394,-0.6715239477443004,0.6809643423517474,0.7267802147998542,0.3708508466390602,-0.8552201114166426,1.8506420605194456,-0.2125759947341238,-1.1501032430736078
SYN3_0112,-0.9735599732830432,-0.5121048378417832,0.0649266348492603,-1.4067086415759735,-0.5800576041510586,0.4532766807756279,-0.2925228874143659,-1.657647046055104,-0.6962261496716298,-0.377396646867681,-2.0957585587845498,-1.5542398606541707,-1.0912084798720811,0.5239617824063358,1.1151073517069212,-0.3605512247827875,-0.3689319509891629,0.6077103406582037,-0.0815416266664839,-0.4916754808862256,1.55948045095003,0.5875733515594815,0.99909710723847,0.8391362014618764,-0.3210754464019715,0.8815706923915829,0.2934426190416894,-1.582611805722408,-0.118904329081551,1.349209925835387,1.257338676098611,0.4714434035118548,0.8918402328844458,0.1863918664749972,0.670435880095945
SYN3_0113,0.9291372535540436,-0.089384066359939,0.8365502028675844,0.3412625467638273,0.1926262180862182,1.030388927178656,-0.2449338768579066,-0.3845640427436703,0.3389578615026196,0.5829815354069263,1.48337098257228,1.5492819086229517,-1.7290172237842447,0.4823932880518536,-1.1109109805546775,0.6513316580036388,-0.4896568224705114,-1.094400680617578,-1.4259222393626183,-1.0417220188342693,-1.3167911640390229,1.0142551303805507,0.5639398599645699,1.2812391714169409,0.466404668933509,-0.7719719759148637,-0.5060775717437748,0.5062278406187367,-0.6307422582201831,-1.979517673225804,-0.9761723577984576,0.2021935425863885,0.927274241403512,-0.3498152443462141,-0.2067127349523085
SYN3_0114,2.0484369604263417,0.2457062527164142,-1.2881110558868691,0.2415774910272831,0.3557363505007572,-0.4521322425177547,-0.0664573453307521,0.9639106919646028,1.735814037999959,2.086054867537643,1.8162318658347296,-0.5046826326678578,0.0967053826159698,1.4395756833089113,-1.1823599347343534,-2.0705421482774464,-2.452683515872568,-0.2919035736438212,-2.4892351410987845,-1.952307311765373,-0.6868037024491994,-0.1705596205728191,0.1329435773006389,1.561555764134109,0.4695376068081874,2.084268766675591,0.3455334364380968,0.2618695095797246,-0.9678526093766312,-1.3965099724833414,-0.4104763328847696,0.2697226460859916,-1.2169589751056789,-0.2895607235727675,-0.2795600516853149
SYN3_0115,0.5497048001720422,0.0493922909271482,-0.439399825631408,-2.109741925134321,-0.3353099757544824,-0.4418771195226262,-0.3178353255992195,0.2018308832742399,-0.775202250025103,-1.8417871036265705,0.1094691908258412,1.5298574519501136,2.835810499181989,0.2892340401983528,-0.0022043891788173,0.1447013764190792,1.0772852983142625,1.2054868297165735,2.2322310798945124,1.6604214093909822,0.7318687025932067,0.2441562867607024,-0.2313917964301056,-1.2688604028329085,-0.8593760911921068,0.5347157380461778,-0.1364041234491693,0.5717940705811001,0.472271153985474,0.1358579770418993,0.1737920078461015,0.3321878589896693,1.4614097262817158,0.4364066438057514,2.146690454690707
SYN3_0116,-0.7853369112192562,-1.5273819028239246,-0.8121986413208665,-0.8673035513563647,0.1568038083881851,0.30188729149923,-0.6314064353798706,-0.7206363429962748,0.0096475747476341,-1.377405511147775,0.6919602460208873,0.8706804294408859,0.8293788019147127,1.097291018378658,0.8610659147887367,0.7725635601251803,0.793803204896622,0.7204504978380994,0.403799961644448,-0.2659333341712337,0.1041745593572578,0.1661916938751459,1.1389465103179144,0.4478847911423918,-0.3929947106890824,1.0384789952104905,-1.0109243813902813,-0.884728022033296,-0.5204316706844312,-0.7754452168589758,-0.1920620608262527,0.0534503598921929,0.3623389118020528,-0.2271719693976235,0.3120245236555297
SYN3_0117,-1.301889112215091,-1.8175458438037024,-1.947286245605217,-2.7008224580388576,-0.2613642333640332,1.480400194644766,-0.4906552672927948,-0.4178534589831747,0.0532372258551506,-0.1828841948034275,-0.1326337321132504,-0.335169225416673,-0.1929579150942136,-0.6207440564367644,-0.6566693002538362,0.5676714735534221,0.976441052336674,0.4345851287323184,-0.1009188316910951,-0.3086635418378878,0.6169515529066082,0.170601592116871,-0.9050452378213282,-1.7888543885105004,1.064796942740382,-0.6761400879305471,-1.0082950058209743,0.1682779833258526,-1.7051110783408592,1.1039314178475186,-1.083465877895526,0.9835051022261008,1.7967558837716555,-0.7343368423885769,-0.8526597424447657
SYN3_0118,-1.09513937407534,1.4168773712568583,0.261952101976369,-0.9555289501570684,-0.648141995120303,-0.0093751711069078,0.6550718292676521,-1.3468531485853112,-0.8054593975412819,-1.0031627622760175,-1.5607583726257674,-0.5590944878848079,0.4962681482557609,1.251781017338366,-0.0357856153840976,-0.3507330500899239,-1.4954871866372526,-0.5085561307914066,-0.403171846170434,0.0919440617650434,-0.4603210294009096,-0.1469636968118585,-0.7991764089438885,-1.3201370503101957,1.5198004068843534,-1.996431380757702,-2.075877404445054,-0.0454910924056335,-1.0983006789998857,-1.0817708365493703,-1.7721192010716875,-0.2353851273027847,1.277935155088222,0.9594333838183132,-0.2450871270291125
SYN3_0119,0.8391277071075055,2.017547487401185,0.2400554205579261,0.4282619406861706,-0.4871530805184036,1.2076829460615068,1.164083008600172,0.6957577090278825,-0.2995855341097749,-1.0569369241798408,0.1101226964267383,-0.2314221075143777,0.2996316185941285,0.7048635852149825,0.7685536223987622,-1.2266005519700445,-0.5570642456517452,0.3362997813610614,-0.0490549005081746,-0.0784377155432244,-0.3492779762476119,0.5673822580483904,0.1847795044765799,0.5854038227780052,-0.4504245618181643,-0.4317629117201711,-0.8204444846118174,-0.7688023610090082,-0.603777022950146,0.0196579327865463,-1.1407408126831382,-1.140558511227452,-0.7342886964449995,-1.3741643883335668,-1.6951381775181096
SYN3_0120,0.1780967076833734,-0.3047367325483781,0.5912815568289033,1.3397795511370647,0.8734715328073025,0.2746085056052304,0.9232116215845788,-0.3568161209159744,-1.6918112314983584,-0.7628036333557158,-1.0355404921644429,1.707198191232108,0.9908294156180908,-1.4633050018747862,-0.0917388293551775,0.8537226009373599,-0.5583301262682238,0.6190480379379726,0.0148589431304905,-1.4034781385061403,-1.141491402438192,-0.8565569241380544,0.2456630698855582,0.362857789494983,0.3933099439971282,0.2918971257105395,-0.9488341822664744,0.9901253843057494,0.1471623950923468,1.127216793503306,0.5942672797361636,-0.6726797640978395,-0.3794241701432478,-0.4808437074964242,0.1802741160336399
SYN3_0121,0.5934937930002661,0.2783561354068549,-0.3124305746890353,-0.3294861726571507,-0.531104937262131,-1.1909989257178666,0.3831904297617876,0.8070841177914445,0.2289754728718485,0.6833552778055749,0.6508151884025265,-0.2581441548693948,-1.542571469683413,-0.681086814285217,1.1090852825554798,0.8770901133343337,0.5414064109815616,-1.8631459440054332,0.3255072994513168,1.1191283652310395,0.2743149326717386,0.4002940552555097,2.4638942305506983,-0.2029221187822594,0.705717280826103,-0.0958690149588591,0.5257237748499811,1.4072831140500617,1.0217802088506105,0.6950361692458278,-0.4852006817257647,1.4716856544194703,-0.1263598421475415,0.1688336552279615,-0.9351114487690932
SYN3_0122,0.9762955515500508,-0.9511895430199876,-0.2395988496668132,-0.2105177878668989,0.0801041211734282,-0.3549769200936772,0.5369941973071228,1.9619458453652665,-0.878735330556185,0.2127327189196102,1.5531383707936317,0.1600135623285795,-0.2739237888410316,-0.2625863911505,-0.2566452389907693,-1.5064502017971653,0.5241540750168194,0.8349352465384483,0.6362791892150425,0.2713927752220052,-1.5273256927654857,-0.8379549935623265,1.3260881524771055,1.9747220919000623,0.6047516928148536,0.8822418785518394,-0.1577997021919788,-1.4017488424987266,-1.0603212006569431,0.5699204414411526,-0.05191548655238,-0.3258263151021045,-0.428219875295687,-0.2447071297360007,0.3169346663163422
SYN3_0123,1.7995569735894985,0.9014325586314774,-0.2107671401843436,0.3050910274790718,0.4605704328053791,1.4520157454092844,-0.4648014220894821,-0.977116837235843,-0.0467252170311148,-0.6609495750088916,1.10370465425349,1.4422292662220495,3.226735940950221,1.462054736702616,1.368527388850292,0.447060639274759,0.5175338703798796,-1.1069214684829092,-0.1284560108616641,0.8116817176957765,-0.2549454483961411,1.14089467828301,-0.1873810623132362,-0.0438328961613796,-0.9828478869303366,-0.6260448529481885,-0.9930198932655576,0.080403066547647,1.025204380274361,1.7286860620044764,2.228477879512476,0.3882309074041581,-0.2673627930843592,-1.3108596549736171,0.0163130950592315
SYN3_0124,0.3951303733077992,0.4363554476100992,0.8139680885523894,1.5612985439902176,0.7984081052331354,0.4724815104945374,-0.6563081198022862,-1.0971919108139103,-1.6722391559253114,1.6740513146642677,1.2788206491145404,0.9571013145302654,0.1689927365842767,-0.4449885374905721,0.7096154022506286,-1.1545558610168627,0.1336297734489086,-1.4532812442928476,0.9960141780183662,-0.9515602291036968,0.1383722468777175,-1.1550723242596204,-0.0128796747816662,0.5155384735075804,0.9752866588606358,0.538721070074726,-1.1636344495433986,0.1569775805751304,0.3177913324548329,-1.0500630240562745,1.8211863031091071,2.1214714816399822,1.0400646485139518,0.9945983518088634,2.1271933182638416
SYN3_0125,0.1585989557731888,-2.7058107219839505,0.2078902393784093,0.1278754804007832,1.5078614509473895,0.0968723878351877,0.8658989721327639,-0.0142178607055776,0.1443815818844404,-1.278593894692607,2.8336702872171697,1.2170912823392586,-0.5462797365874934,1.201740595912934,1.6004300984689008,-0.8973350392184317,0.0729238985836001,0.5614768808048956,0.9698061123707156,1.209799041600386,0.6848256586916037,-0.8875336009364665,0.138653334479998,-0.1078007015703777,0.7849470886132816,-0.1164619233776412,-0.2954076784609522,-1.2097496749950636,-0.0869994447159404,0.6220919457561038,0.6547733476830895,1.5258782235231485,-0.4842961137266465,0.0017873322497777,-0.7250773095293978
SYN3_0126,-0.4353462128636046,0.3580180474465053,-1.6423339084785162,-1.3895550611204008,0.3824425420851116,1.2971487890417832,-1.1288739445311202,1.4867637517905898,0.1267081413457449,0.2811980264174466,0.9436207082666422,-0.2124915106702729,-0.1783425077073381,-1.4937383031213172,-0.7669951273345484,-1.9626333416121875,-0.1261557984529157,0.3563654041939801,0.4284915846070364,-0.6034658448350179,0.6133789778689424,-0.7810317545310165,0.8654714443591948,0.6521974278457994,0.6414357752113479,-0.8364070392012298,-0.5438811546119375,-1.1024900945966445,0.990442352361076,-1.3021299112614482,0.132070143172102,0.599339058833197,-0.1683960354265442,-0.0855065690694614,0.3110852968525233
SYN3_0127,-0.1075119854960012,0.0074490133839906,0.0883979681434375,0.9150431212963726,-0.7947970728549266,1.5354873259709243,-0.3356181446426031,-0.4810763735751134,1.6997411623648044,1.2513102315721016,0.9015092900281368,0.813850335859932,-1.3352313556378586,1.2277658583637017,1.6718652707485882,0.2926645262708824,0.2876571579199904,1.0618239004968966,1.7302884570494443,0.205604873005311,0.0160714125457251,-1.369672828627367,0.5750142642831517,1.0486725123834502,-1.963311559929933,-3.254261775666171,-3.029141872510908,-0.587674881796448,1.5850383794964211,-0.2680960450580695,-0.8857501230495691,-1.079793658963114,-0.321595493935528,-1.863901147105096,0.4840800677184267
SYN3_0128,0.4014985170705736,-0.4373268639870321,0.8453464739755028,1.0411031293552615,1.0417182005250931,1.7493993523703968,0.3830367030336278,1.6734521319463938,1.4429578008010413,1.1553845427820273,0.4183115058614,-0.1049499451673922,1.0198782236518913,-0.3299592648994878,-0.9067398192877786,-0.0410047614093262,0.5222524213739411,-1.2442218732196972,-1.383807464969657,0.1598336183685419,0.866400513613481,-0.7475890383945941,-0.19106644549797,-0.7893315841635515,-0.5258518440777481,1.1978200890134465,-1.542056342322307,0.6564500817503952,-1.6294566186166684,-0.1711404613915987,0.184086235749903,-0.2569036668397301,-1.402959309466332,-0.3798637004629535,0.4964875264788672
SYN3_0129,1.4910194122745664,0.7106603339978708,0.4360311453981589,-0.2373350713279827,0.6000210716156894,-0.1193466662982825,-0.0659446846226293,0.0303001228442987,1.777736336900222,1.7115854707359617,2.0364990947947024,0.6658494661264873,0.7656268587216201,2.153645699917339,2.04338469863704,-0.7313455967483042,0.6517933084268094,0.6283819861024142,-0.1984179321774864,-0.9266395564643622,-0.2874912867163133,0.6341779708264814,0.2106122187194,-1.6648189872244643,-0.6145239511284513,-1.437253423396204,-1.7839270928823483,-1.0398403669094152,0.6704504751163154,1.2017847958312404,0.9683240737569668,-0.2699208608291242,-0.0571559523430291,0.418107173869283,0.4454909190978194
SYN3_0130,0.8592732898058668,-0.3412292449998594,-1.0154151727166003,-1.1773823730348936,-0.5264133490478543,-0.2431907542989324,1.124809011077848,0.7073320839471773,0.1311136090764511,-1.045341187130798,-0.4054552401816697,1.5124368577716985,0.5320871446868175,0.2407110899330192,1.151634021369348,0.9267432084826112,-0.440169253270792,0.0082559797891525,1.217634405187681,0.598532575669964,-0.0299701569741267,0.4119593156990907,0.7960056668654082,1.294627790679902,-0.6348335754000624,-0.1797129538517035,-0.9334996047007774,-0.1053014849387686,0.0778483444103335,0.3582887358033416,-0.1788847265037001,-0.4263700559398923,1.052725819839924,0.1016821941018543,0.8034365402324536
SYN3_0131,-0.9172461205526914,-1.02267054864159,-1.085487259580374,-0.695900456819921,0.6289607534374918,-0.2662663850017914,1.011211866013621,-0.2994692353431805,0.1323840485852168,-0.9860812362177052,-1.039635811540874,0.3627504086773886,-1.3668659597462407,-1.312508902706102,-0.2477946118183625,-0.3690641349037556,-1.544956683274053,-0.2575668668041423,0.9477210667425744,0.7841251337780927,1.0853355296066391,0.4614661337372263,0.4732154983699632,0.674391154110175,-1.5172638274963772,0.3044760865649399,-1.1595913958730122,0.4650982415032972,1.0501385585367224,-0.4538231871793954,0.0161641686528515,0.4908227603087337,0.7113000428694679,0.2308540413113531,0.5713654597648826
SYN3_0132,-0.510742427917917,-1.1129475253861854,0.8339823453499962,0.0994564107703629,-0.8083784495364345,-0.3596158331894841,0.6245817891875095,-0.2984254848863508,1.37286960658017,0.985697869315743,-0.1940265955917663,-1.249736341779265,0.65954837869861,-0.9581925049429596,0.9300169350873688,0.1010726520286661,1.01941364972009,0.1684495267549218,0.8898453804870828,1.2077783867581102,-0.4562601269991422,-1.2172778099990644,0.82570144838077,0.0391467480877362,-1.1867296904499944,-0.6662765137857367,-0.7297114391933816,-1.0353138589902056,-0.7832684624814524,0.1340937297154336,-0.748094843321781,0.350181271522986,-0.5852916851135908,-0.6434983181244969,-0.0471738392716698
SYN3_0133,-0.5879181211483294,-0.915936844673094,-1.871441401127154,0.246632505937607,1.061567212901558,1.105808810001032,1.8240260749931207,0.7318438492942048,-1.321255210846756,0.1773913301554499,1.4995373994471393,0.4315286069818175,0.9759764934703212,0.8772024311523674,-0.5656853543189329,-0.0501733124823972,0.868991823568052,1.104158420085153,1.0651950359206734,1.4688777236285993,0.9529623850381368,-0.3098936116751622,-0.8674600191458858,-0.9252365687610086,-0.07176025823298,-0.4024731390726088,-0.6325359059307156,-1.1284405324894873,0.0159290415331587,0.1480942913453476,-0.7364528696906972,-1.47444025215067,-1.366103451953597,-1.1667015137241274,-0.7976148971940555
SYN3_0134,-1.447721955002366,-1.6667902092820197,-2.8476450102171715,0.0991474928250399,2.564569142450109,1.1132143638023793,0.389804534548075,0.7330933938770616,0.7351513122111082,-1.066412427907344,0.0345070880497881,2.755704138733097,2.15130026459178,1.1570204581695671,0.0816376150506942,-1.068972582208506,-0.8191881565566855,-0.5158490807844022,-0.0334114776404454,0.3684988303920443,0.9634331951882628,-0.4485742978317246,-0.2125413848006778,1.0329814913523134,0.8560916315097875,-1.1044598317898442,-0.0756941348516816,-0.6829000720150094,0.5983126731688865,0.0418266371829695,1.0674769065932317,0.1723814466887305,0.5410668968087183,0.066392556917713,0.4764991850606059
SYN3_0135,-1.0620662397942358,-0.7457835264007421,0.1655376711269209,-1.613881013520437,-2.743191434844777,0.8408395154053675,0.4614652770013449,-1.036485196077355,0.1889240457258681,0.2760395601959868,-0.5184100425348576,-0.7172565880054237,0.9700739759037736,-0.6341346239786306,-0.1032855838765584,-0.8518117121271211,-0.2668388430213418,0.1623907057015711,0.4486593169705264,-1.1968140288250932,-0.3418443610786501,2.012679652132608,0.3441181989520142,0.6441417991186935,1.2020598128717943,0.0945582976311469,0.5146729000281448,0.4648368430716202,0.4755242059589599,-1.7013890436087116,-0.4318279170771824,0.9662691001340766,-0.1313985557466437,0.8606251847251886,1.0402750214745289
SYN3_0136,-0.9403418895303706,-0.6978249820275743,-0.782662251789767,-0.2054889533472162,-0.8681936686965828,-0.7730798407032239,0.0182544230329629,-0.8989691066281088,0.4754570858032196,-0.3922600272509652,-1.1133445277513212,0.4195881378110375,1.752053906912715,-0.2696150923109934,0.0230587336401465,-0.4005070986660958,1.067436605914199,0.3168159508049827,0.3702170154206078,-1.5184970932052353,-0.780844871789165,0.7758955156497371,-0.3034872733825878,-1.4487330297847096,-0.879073782421424,-0.5408816803733248,-0.0122903277470028,-0.910308865918628,-0.0354967254419908,-0.6068812051014548,-1.201944606242784,-0.8952121954894879,0.9487502136230836,0.1212140961457559,1.467549390318912
SYN3_0137,-0.0605175063992244,0.7819625022316018,-0.0006134556927014,-0.9602289709179748,0.2217840582514406,0.16848010166532,-0.2124005869746376,-0.9961960201423355,0.2401987753386522,-0.5324772610450357,-1.2738006234149797,0.4413178790948706,0.5363207658347038,0.861935389129765,1.6021673191465622,0.3216831912623714,0.4952874218541523,-0.6566209968120539,1.5852301418751331,1.8103072079088565,0.8582759736821862,-0.6312869934351111,-1.42328029496336,1.5306501054929156,0.9063907821420182,-0.7940913876332635,-1.2171349515449208,0.8683148144473387,0.6263182248138289,0.6882704014267834,-0.1909299130536315,-0.0214772797201051,0.7847454976122159,1.3565244863339097,1.0275896363105974
SYN3_0138,0.2470106164716025,-0.9111484480750452,-1.530526005775201,1.0782647251322364,0.5624561451342515,0.6174874212381274,-1.0640514458485082,0.0654271181991797,0.3635635473594078,-0.4001162771742749,-1.3057022025285887,-0.5468333384563149,-0.5837070088342518,0.240010168683288,0.6324645416383479,-0.2531894216086786,0.3520775386297498,1.1170099757268448,2.597344367852843,0.6280543703961065,-0.2417147823327871,-1.035659648402079,-0.949331211183968,-0.4845840366741187,1.6035169048127067,-0.4978155485499098,-0.0859029357303719,-0.6621156562928193,-1.1087240833656666,0.106514473426033,1.0945442029066577,-0.0067678141958594,0.651991599618028,1.3226261265565726,-0.2727124863498238
SYN3_0139,0.8170914869297218,1.853948011201608,0.8096515416045491,-1.0113314420807047,-0.4245442261213805,1.4395897881669515,-0.2952435296153812,-0.2577193174325913,0.3969220039038525,1.0550473164095446,0.2613169483330883,-1.026441663503752,0.2166701616611851,-0.2236842319333473,-0.965631234008378,-0.5931197756648655,0.8790391872010286,0.3526534324094574,-0.2446396727514695,-0.5929759169824568,-0.6868545785928034,1.4347348834016362,0.0280698104050604,-0.3060944633994295,-1.6750288878627833,0.5548415022560053,0.0394039024122889,-1.1378598594014502,-0.328991813967715,1.3465111977066746,0.6523379787723559,1.509287534499312,0.0413919312595535,0.952913741817718,-0.1581178514727255
SYN3_0140,0.9576328354909464,1.7588242161823495,1.5284560581801734,1.009928112127625,-1.3520749948892854,0.1788763155871363,-0.3395574116527928,0.1902479193489698,0.600672940029656,1.0090180857211153,0.1422445765751261,0.3995482348343619,-0.5786254173449192,-0.9683819254833724,0.0781847934962847,2.093435284343907,0.0256117783204514,-0.246025502050957,0.0553254524732563,-0.5497311341280179,0.4421039202219868,0.1858177605880541,-0.4549182878499028,0.9776078531364812,2.0760632077316705,1.9620707977218872,0.3249381942171183,-1.1184067003208455,1.0841342666250902,-0.0384456926852261,-0.1403991346434528,0.1162754862744434,0.5726053614248826,1.0575041930904454,0.1976667250256479
SYN3_0141,-0.221538728872885,-0.0117730553714641,-1.3541663834677191,-0.2092238828524528,-1.4140682473276762,-0.5415806836317875,0.9501032869928834,-0.3579662334745579,-0.5613784472107962,-1.000141083364555,-0.8040615263785478,0.1651994419331742,0.3727216164862536,1.6753962475395194,0.4618414724366737,1.9294199675274293,0.6245704213185281,0.5835819684289028,-1.284770987487506,-0.7885861399470918,-0.4481029168989517,1.5071390803964873,0.1738554311733137,0.2840023516611882,-0.4561717317463965,-0.4613724885976499,1.0331521903954208,2.227713589238428,2.061035796284489,0.4509854401132489,0.1425083290290318,-1.0397090150748831,-1.6272570705594662,-1.97638485333596,-0.1816967434699688
SYN3_0142,-0.7677262361327111,1.149412697110395,0.1555690250221806,-0.9246516944119164,-0.15432954998542,-0.6835779847609539,-1.510086685065549,-1.0685416804142145,0.1890483228332599,0.1994303289987352,1.0193582608098652,1.2613738805100958,1.1737472705254048,0.6783167546891353,0.4014542539588888,-1.1907049961813945,1.5615688960516778,-0.0521989900742464,-1.118744014781207,-0.6683927834754511,-0.2243336227339118,0.8759805956202525,0.7787503508174846,0.7538148545401389,0.8390415212260139,-0.9971637721771112,0.1328024888155158,0.0314831147705507,-0.1322318591683363,0.6578229499827298,0.8637878015336475,-0.4566958498079051,-0.0710897180340764,0.9799846966155346,-0.6959199159277182
SYN3_0143,0.3889058037191409,0.6889640543127423,-1.5592795074814296,-0.7233913935832754,-0.1025828275391116,1.1106554712483954,1.782771466946666,0.931495110763858,0.3504170896153977,-0.4240778685249732,0.1860515632934152,0.3744944927034596,-0.1631173931379685,-0.327498064032564,-0.0833466006018803,-0.6318748151939436,0.4026099400628571,-1.6346173630887662,-0.1652795446483649,-0.2006712083897226,0.2502737716621724,0.2030985912122479,0.0543478384185929,2.4796044212710213,1.6138780116845726,-0.3343687488520994,-0.5915999056588342,-0.3333229135481444,0.7078159990634862,0.1668493963802694,0.4080404915579939,0.9623910196260842,0.328708716209631,-0.132812837507711,0.0468599520690604
SYN3_0144,-0.4154525642244367,2.119565336350349,-0.2782825889584043,0.8788405269983293,-0.8261723765102844,0.2579136417293637,-0.2699568762688629,-0.7116073229518154,1.2319003955779535,0.6865997531449602,-0.4511997976400033,0.1142041075856317,-2.734735791298403,-0.4452110461083693,0.1271286921602119,-1.0522209496512274,0.2496446491455163,-0.3353164730973741,-1.1409649865736775,0.1696485205849544,-1.4208131571297569,-0.6979373550756232,1.078796811475816,-0.5012526264420026,0.2738989762916353,0.8310128397178357,3.455610946800545,2.2186955374146757,0.7505173779618575,-0.38834976813487,-0.2433352197106989,0.1343676348965878,0.7508635852551181,0.3005331576484057,-0.0059023141287
SYN3_0145,1.5917402239493457,1.5592843476572291,0.6940429343448391,0.9188760572637984,0.709061370858837,0.2485817950759935,1.0645353580025212,1.3390789797658555,1.2987403378846332,0.9027444971419338,-0.7082919778929202,-1.3516355477332154,0.0701041553213435,1.1211336838615926,-1.761461148025004,-0.1369176031390846,0.6536703446169588,0.2993238813301764,0.9246156182446688,0.0581076068828109,1.4218876662457267,-0.1052501634687852,-0.7781014114603346,-0.2959112948594872,-0.2125572630237428,1.1554498043810064,-0.0125352438093636,-0.4024175721042852,-1.1967846068798405,0.0739299414113686,1.4446188025515407,0.249323828669819,-0.387996999019178,1.1072705686223363,1.121118522176354
SYN3_0146,1.0810395598107547,-0.5522068641389072,-0.1036129306622514,-0.1182707013169884,-0.4420651721759005,-0.8466378425360532,-0.7926727520382786,0.1807618297664572,-0.3899293257315134,-0.2371960534259215,-0.0786798623925358,-0.0815464949673473,0.093014650402365,-1.610120101798591,-0.5485790290770187,-0.34624238721205,-0.6194145892590979,0.1813769970170193,2.224023684561144,0.3223364647120753,0.474990264845159,-0.8884162514883008,0.5400463190109699,0.4339210576391649,0.8520383340829798,-1.5053717813374723,-1.160543010939305,-0.9681774932550355,-1.2989562374478425,-0.6551184374000727,0.8563373846850992,-0.253954146473683,-1.0706113896447624,-1.2350989540436554,-0.2718348619054856
SYN3_0147,-0.5106505428735442,0.5879492991194746,0.5432185950426001,-0.5844532145969149,1.275331995636652,-0.5710139173072637,0.0391187283443281,-0.2444667336921384,-0.9083025889683648,-1.0693894441140106,0.5564094656941856,-2.0903184665883714,-0.9498449032428338,-1.6663675799046245,-0.6885985353040546,-0.6968300614430463,1.0105960745861111,0.0331555599838261,0.0075086595160844,-0.7020906761910987,0.2759221486197508,0.6811714169391448,-0.1757765108096527,0.7475189101995872,-0.7761406549989464,-1.3736500246307417,-0.0182923672483859,-1.331492642066071,0.1640780351559647,0.6537444026250103,1.0779861149250425,1.0736772260359124,0.930717397193648,1.1420662783630764,1.888413818563141
SYN3_0148,2.0425904112629527,1.4353979048019672,0.6083732638357071,0.1904016871625981,0.2550568016591575,0.2778130380315208,0.8317709221377765,2.385058049294164,0.4439787656823109,0.453082913996656,1.7133520072306463,2.012794610179672,0.902295213594295,0.628483885042519,-0.3122766952750835,-1.0463442306802482,0.8242465164605794,1.025156517112468,0.7157466203609342,0.5074284754754117,-0.4486520051544125,-0.4944045683101889,-0.5315600805659039,0.8197933713181831,0.5779750578130499,-0.2319599095230857,-0.2244817602198346,0.7293893472123368,-0.2387142313435852,-1.0471558653562725,-1.0386030259247956,-0.4043417925314603,-0.4961046341553491,-0.2263292796541255,0.3195324421233507
SYN3_0149,-1.517393974208988,-1.5758907609943056,0.0637047355359106,-0.1749598670280625,1.4290947356260586,2.6649213422857105,2.4037191373718,-0.8430473799901993,-2.231470770116223,-1.1152644253086337,-0.0200772771045456,-1.9383678126693955,0.0173168621406371,-1.2640443295885857,0.0388247557227962,-0.201809129382941,-1.756820956233534,-1.5870343276174173,-0.5607375391535233,0.4551230701721328,0.4689032357960879,-0.4733183374411052,1.6309908846961052,1.2964214725691745,1.9258894430426527,-0.3573978181505272,-0.4298320437598847,1.675901783244662,-0.2635512467863276,0.1120675755083012,1.1219425572129362,2.390821195723276,-0.1099685432082737,-0.096019576046705,1.2347816467128874
SYN3_0150,-0.32140412246191,-0.4135310515601771,-0.0999454097300973,-0.0020192532913553,-0.6900255293118923,0.9686057797644576,0.5294488433097848,-0.2350408704103284,-0.2214916401596472,0.501182407737176,0.3468711622855239,-0.6030298292650244,-0.3422804277304258,-0.1434143003218755,0.4522533428338239,0.4133279208722044,-0.9904169305807572,0.9495018229391744,0.3744236013421983,-0.4180664138471684,-0.5047049000068017,-0.245507254855137,-0.2564479652508052,-0.2467813634654244,0.719496854812627,1.3827662050739578,1.6428028536245498,-1.114467226050484,0.180680267144866,-0.2165168005240737,0.4683334136522528,-0.6170062396681136,-1.4315339293242353,-0.4049274487780332,-0.1651215908417151
SYN3_0151,1.339274463975297,-0.2807526253678261,-0.0180861557852749,0.5770950931964801,-1.0050846525958843,-0.6985299234102783,0.1425285393946205,-0.4997149740868083,-0.4985241951366679,0.7556600871072146,-1.0824397386949312,-0.0916869843302774,1.3342329768514367,0.488821712300423,0.4738213052561353,-0.1436238484069888,0.0781729377149984,0.0355180134564567,-0.3117133870948433,-0.0734719502921135,0.442748740488152,-0.7024416839449393,-0.3915127155435661,-0.5028343944144084,0.1299878769736378,-1.2570247280300906,0.0709622646430538,0.6711567310882651,-0.6466382532876207,0.4415048793819694,2.2580060155784003,0.1759527029880357,0.3673859700374502,0.4032524530601017,-1.3983242676328913
SYN3_0152,0.8330700566448082,-1.0152493386934496,0.1032976795692088,0.3685446485167339,-0.6308282830475878,-0.4550634868451406,0.618715492835284,-0.5619123413787102,-0.6392235604367347,0.4913394330873899,0.1329602566484408,-0.9643404527917804,0.0778767922159578,1.287578282929271,0.4544949002305147,0.8980863323092293,1.865510437042064,-0.0854961567228317,-0.6752372863238113,-1.303109427691099,-0.6149380279106679,1.251546096400978,1.7611513479501464,0.6203570073700916,1.96293186184836,2.129352146932518,0.1214761182849568,0.7148309639077641,-1.2254128739885686,-2.2207899583542026,-0.8537167994235783,-0.8357141582760056,-0.3079705495915266,-1.1855027731927572,-2.545891859526185
SYN3_0153,-1.248572255989444,-0.0532572023205578,0.482112349838194,-0.3778519240082099,-1.0257236565246572,0.1972336027497294,-1.5664675295668056,-2.1857255604807992,-1.648628651356046,-1.1229744999695572,0.3144998881836185,-1.150134821439444,-0.6477894782994037,-0.3729670523758203,1.6712026667029547,-0.2174997275200334,-0.5471140767752121,1.183058192069706,0.331342708416686,0.4629640338724026,1.1152674199720525,0.9514270980329854,1.421642792047271,0.2408919888214222,0.2334508388759398,1.2674014147532289,2.0381999918573444,0.8917663912045825,0.9766464921872318,2.467563146115119,0.9250646858290292,1.161288951925661,-0.1960420567555325,-0.2034834229120343,0.731091197365803
SYN3_0154,1.9520724638490032,-0.3969014234011417,0.9705323494918522,-0.0005858072901761,0.2456965926969842,1.357744779040451,-0.2297162764920293,-0.2705016487178553,1.1540002538261198,0.709943041968106,0.0261061740925984,-1.122288803564955,-2.3225195326975183,-0.9355073502777852,-1.7490582871993907,0.082863438684815,0.3461148440783995,-1.8718055936014104,-0.1575876593604813,-0.5869474207696495,0.4778872175662083,0.6235954966081452,0.2695609598036887,-0.4038457054750989,-0.610172596668812,0.8154611053664884,-0.1183931688470191,-0.74687058222936,1.144888407804831,-0.1588094530252864,0.2856320959002621,-0.2734804304146856,0.3332863603577063,1.2518629331298,-0.3059870672452243
SYN3_0155,-0.3469639567204693,-0.8490413311077584,-0.932169866093603,-0.7039775492214713,-0.1598507899133194,0.5078918034238625,1.301967355624846,0.6303650925982881,1.0039970783911558,0.125778565718738,0.6417330807858793,0.8233659715336474,-0.8185248946089227,-0.3466047764042285,0.6086830105211948,-0.8471785053906217,-0.3149819800592637,1.6720216728262347,2.3276408926307277,0.5864496493251422,-0.6849612105903462,0.9961066454693316,0.8073145506271311,-2.172317688772346,-0.9211569416656143,1.531203172080211,0.6319262557413567,0.0808200771664824,1.1787381735347635,-0.4622423631834848,0.1259593502156004,0.3308764532911207,-0.0360221866790773,-1.3517070334686203,-1.285061760459773
SYN3_0156,-0.2053168803060949,0.4251612380323342,-1.0628546431143693,0.1697938564584051,0.3891094608996227,0.4246082538303327,0.4430651732049334,1.4441588610290876,1.517392064187466,0.4976601524867628,2.424480562852543,1.299703293431832,-0.5813427845552037,-0.8031194890637969,0.6061852450326836,-0.5517558704631561,0.6902217425221148,-1.1343305561804466,0.22857667089267,0.2140230916419007,1.5434707436074575,0.0916127553442997,0.7259128749442673,1.244991027933848,0.2049643624776321,0.2916123932424413,0.7947560330199057,-0.165274272986418,0.9355811013414214,0.1495100990010351,0.586927188277429,0.4386389174454315,0.7880882966742855,0.9105868899954256,0.3750468069938042
SYN3_0157,-0.8163196091060455,-1.6643624516203073,-0.7595008066572289,-0.9577327138039954,0.3810446917119668,0.2037152601642337,0.666778970900701,-0.7505712325731191,-0.5083536253915881,-0.1049219339166767,0.1843744359132056,-0.4582556258484596,-1.153129988350946,-0.1921999500352046,-0.0117894484425798,0.7358481392586035,0.9490338157455795,0.3865398140181229,0.7607697843007346,0.2381240920742461,-0.033731527153122,-0.1792017170361668,1.0422401533073735,0.9276250101131585,-0.5656822760361522,-0.8457156076016074,1.1265766729847206,0.2323934332868316,-0.327248944509966,-0.7721230862217762,-0.5499021197170385,0.0585436121430733,-0.195120710106195,-1.2490328086313065,0.8076925645313145
SYN3_0158,0.0099881511891598,1.0589763696484396,0.8977178436869403,0.1256745312262112,-1.758546333933729,-0.6937101411357494,0.2195120023077671,-0.6337192655054309,-0.6238166438009417,0.5130035297051326,-0.3256238523762779,-0.98309308448054,0.2512207386410161,0.3357972559149974,1.788456498583025,1.439392066162916,0.1100700380088037,0.4562622564943082,0.7394032501474187,0.4226358088207806,0.9223858325947436,-1.149258756372644,-0.0766087930651455,-0.5779453617252163,-1.283617937236092,-1.5867583658050044,-0.2893224647970345,2.4492306565075257,2.949343987268863,1.664387053502831,0.3202772988727475,0.3110404328604834,-0.8002136361072965,-0.853532638035117,1.0045521939610784
SYN3_0159,0.5569132488419364,1.0877762670831224,-0.1865895947347049,-0.0965828431268611,0.949256915460639,0.557794603025129,-0.4444342275740487,-1.2616675871272804,0.4496851308989675,-0.401877629758502,-0.7605591225848795,-0.2680799485843287,0.0844537246716342,0.4796887590225772,1.4407441120604554,0.9220668303774558,-0.3079769903718432,-0.4953572166815747,0.5221942295653204,2.162123635978203,0.4216533744125057,-0.9249267297880398,-0.1212369901987784,0.411101845699535,-0.6478612046289527,0.2632938883680133,-0.7451837071763642,-0.3222794314854558,0.5662466118841399,-0.6924964432869006,-1.4871793779409406,-1.032232446899756,0.2212035722784999,-0.1887365823264119,-0.4621671818283744
SYN3_0160,0.9223408424334198,-0.0229422029990264,-0.1023548022801215,-1.0470620065597844,-0.3342510404628155,2.0435176259457486,0.2617165539730277,0.1469719437594026,-0.3871995617600652,-0.6286030358784986,0.2495732225398033,0.0722628504760335,1.8611786826563803,0.539940902989305,-1.0825559018941195,-0.5392822704370226,0.6050535180196293,0.2646647166071452,-0.1521144447292421,-0.0174785476638306,-0.6881895242292215,-0.4563892749275837,-1.2328185186944265,-1.038489025654039,0.5860096628466397,-0.7494415095461603,-1.3620688834710253,0.050169916040384,-0.4843925426862136,-0.957604884661174,1.0896391785141273,0.4285750498607734,-0.2016803087824918,-1.296522854176147,-1.552677854693426
SYN3_0161,0.1375473166972564,-2.307514559162315,-1.8017718019005329,-0.5818488056221117,0.4651957050290807,-1.3146435427933385,0.6039058496026637,0.2801099184333041,0.6029538064017068,-0.6064394275145609,0.3475662942051025,0.5648032081761991,-0.3261644757036196,-1.523201679468156,-0.2707244717653709,-0.2656567686711926,0.0951675154012478,0.835029545869647,0.1078519067085088,1.0328399565929365,1.0354682463760474,-0.332943972699148,0.6452900845269313,0.0888221309974879,0.7122805096044308,-0.3982665392114331,-1.1310539282958632,1.0576875908010872,0.9923393176265596,-0.1283306580882375,0.9144758626729416,0.7158553298749419,0.4702824737994167,1.1528626899805343,0.5894161792213568
SYN3_0162,0.5952556654815339,-0.2409760672930886,1.011986445642224,0.7200753443291599,-1.066644617671099,1.4459764099703654,2.17776692047003,-0.1978517472810808,0.2572494127902289,0.1335386634129267,0.6314951839098969,-0.1197821412219812,2.079529802245596,1.2320780943147105,0.1726766995477122,0.2911796205085474,-1.0514483106136536,0.7625344821368363,-1.487157361158305,-0.2510538351848636,-1.090695355922551,0.2845924314198416,-1.3189623462018043,1.06576056900677,0.0190709698748146,-0.9287877139293832,-1.0493892072562965,0.8218918459600584,1.3911764342000104,0.6346781685287133,-2.178365891234181,-1.640173327254651,-0.9227029765777532,-0.6386948169563991,0.3015571668364145
SYN3_0163,0.2228767857484334,1.230647171078334,2.0227895685546744,0.1355167738668941,1.6113331482200195,1.6099918010772565,-0.6886920013013358,1.8363720934788552,0.8835886272442373,0.5428790790017594,0.2820202342211225,-0.1143897704196401,-0.5614601919956069,0.1091032100723981,0.4770496953247801,-0.3711291823653029,-1.381167691788676,-0.214093461788287,0.6776113080502093,0.8912419150086733,0.047666350045802,-0.7718233757333499,-0.92161561588413,-0.7285087719438923,-0.7588892359087926,-0.5463117319542405,1.3384398561575992,0.9331400096823868,0.9521413311733156,0.2626089078135356,0.6351357810278621,0.9720583347381392,2.512097558095481,2.174485881877388,0.4197083009192712
SYN3_0164,0.0115825485791523,0.3153580583141352,-0.9881596345246482,-0.7453473958586304,-0.8940700427410182,-0.81512420455699,-0.1293686494843223,0.4005729930949541,1.4784388895863476,2.4853713361588348,0.7968792148622033,0.008428077987549,-1.636964867224712,-0.7095382491091196,-0.3016661977405694,-1.1348256969491075,-0.3360721144982426,0.9407926640359668,-0.1266030855057612,-1.4449666035719329,-0.2654065826751949,-0.6075662905475506,-0.372403208828761,-0.0648283855454433,-1.4468167662923606,-0.4851958393046219,0.0210324581961017,-0.9165229629094764,-0.4976766325054825,-2.433796097873251,-0.900029609318794,-0.9235590080423168,0.1970328622982975,0.5413872090182633,1.9227372143085677
SYN3_0165,0.8099607708709895,-1.1589429356738838,-0.3953856700876984,0.4051099597157668,0.2901012384441327,0.0394096081776519,1.7859156423156646,1.061741824099888,2.211285924431056,1.884116647377652,0.1306310950004029,-1.40678090160923,0.3348799153918923,1.800871149154937,1.620815933954008,0.8061625258038327,1.7174625352646409,2.1292604195978564,0.0333237699366887,-0.1784553699583732,-0.5436452710013401,0.4739367916996063,-1.1761813447292118,0.792678989971979,-0.2479373941577999,0.836464618101145,-0.2532548319065492,-0.9665878492257556,0.4733395668709449,-1.8692182469073544,0.0825648814792225,0.3460295209602884,1.338415509984258,1.0727153307484063,2.228758252950565
SYN3_0166,-1.1494198756891485,-0.6779947833338305,-0.5012142317218895,-0.6773540113596139,-1.569585994096037,-0.1832337577061849,-1.2189345436137164,-1.2734906419573746,0.8587831004653849,1.5339196997488873,-0.5735130241851156,-0.9268433885081852,-0.555111642322902,-1.2856623244517975,0.0826781537651186,0.149463916949019,-0.5087061765033991,-0.5817198015206895,1.0283197014601102,-0.1328555819503978,0.6096896197423026,-1.494368042403985,1.4496641022955177,2.59821910855095,2.588989117963964,1.121038420541331,1.197734670060808,-0.823801547833237,-0.8041888974874128,-0.7947708919514843,1.818844073344361,0.0798236210699339,-0.4147661161374155,-0.0383915067210828,0.1101834105360213
SYN3_0167,-1.125280065060311,-1.520798680023747,0.7263807931826048,0.4433355969115801,0.6630986345657873,1.041574547277183,0.996871221434271,0.3794249027831875,2.717148733843646,1.7387303447483706,-0.9856682344647149,1.3593989111584182,-0.7297694758223464,-0.0369180310505385,-0.8543908407332006,-1.390794804074512,-2.194675907153172,-0.3203964421231141,-1.6645362821798946,0.9796756518165456,0.1400457834216532,0.7520415563442807,-1.0361965276783387,-0.9442918766931312,0.458748229643325,2.1376817544034963,-0.0028645419616375,0.8153162278410028,0.7078167141154122,0.3599999901238748,1.4284073498463885,-0.7065130268778934,2.212407009863027,-0.4000947585108404,1.247073913568907
SYN3_0168,1.2066852262149257,0.7348659430815964,-1.7358438913501684,-0.4111419390408112,-0.2213382935191302,0.5531899093008418,0.8914298697698015,-0.4252514941759299,0.0393853997934241,0.0542643379541019,0.2326078101527134,0.831207666239759,1.331975447229626,1.729317554634916,1.5406471362077336,0.6477015469754512,-1.381297189887553,-1.0884091565764276,0.3116327003448698,0.3529646828853502,-0.8587799023507493,0.6334317637985837,0.1767065251961031,1.1679960276847587,-0.1651670886039259,-0.9584752038321924,0.4544736747116388,0.4567237271773517,-0.6390628605031339,-0.5973431415259904,0.096189054454291,-0.9456838568299206,-2.286954892282465,0.7208130358846518,0.7842493058541432
SYN3_0169,0.6897305418282627,0.0103652180707659,0.0785734031584437,-0.320184579822366,-0.1152076498391676,-1.1852258793403825,-0.6349121242613108,0.0194316841095262,-0.1946723185452346,1.106818267752625,0.6178607949604977,0.0556850987099028,-2.07590971700962,-0.7839344126655147,0.863558909153491,0.766805259543048,0.5742078942781704,-0.8058827348988591,-1.590163035108628,-0.2209071863627216,0.9461776990139668,-0.6726709371068762,-1.3301330643763407,-0.1132311551660511,0.7934952176989549,1.276280214706336,-0.6647888831019308,0.702348120903158,-0.4902273216044115,1.7292809800696505,0.0041446307125114,-0.0243461622835623,1.9135586184104576,0.9113602358423298,-1.9596101223496487
SYN3_0170,0.1741838825364622,0.9652565870044844,0.2627193693769863,-1.2537102606528276,-0.2273401891491872,-0.4222216997100255,-0.8479379303509652,-0.1322251093235722,0.4410565037842159,0.1280071799621467,-0.4644486430127109,0.8611593653871136,0.5105338939079586,-0.196190691569079,-1.5010081657442915,-1.086210254720438,-1.8049169160662448,-2.018111758200285,0.2810788428978665,-0.365063812797646,1.0275424790452166,1.5386716919373906,0.3583771795583899,0.3800380495986268,-0.7653396078924153,-0.6688442237675627,0.2569745660271859,0.5738542100060322,-0.8118712993164524,-0.3880636967608329,-1.880301241664609,-2.0745566920512246,-1.4319272317265097,-2.8341723248977853,-1.5595616213483048
SYN3_0171,-0.3244261680807058,-0.5661131358335373,0.4882581709421053,-0.695651239147349,-0.9578437085725257,-1.0009383725639591,0.5117699708862109,0.6789143074458998,0.5237590454726847,-1.42988411128412,-1.0490007786875195,-0.2066560225673823,0.2455255301984235,0.3641881273433902,0.9079707994817628,-0.8759763177696726,-0.8143820019811774,0.0929447150113182,-2.132727074187189,-0.3809879250281229,0.8821748433144176,0.4360125799118904,0.1443193243834652,1.098103712026457,-0.8111278477833761,-0.975347979981906,-0.6310682247945522,0.0405534384998792,-0.5804265520868924,-0.3025776834787597,1.1058732742871356,0.3904534324875889,-0.7677831931209301,0.2900440033382382,1.6022796533140369
SYN3_0172,-0.3468151670421736,1.9908491071216283,0.4162559184234756,0.074688179095605,-2.644054248735201,-1.2776232689760054,-1.3673042083112918,-0.1480957509168861,1.2426729390435605,-0.407973591169031,-0.6351832217023341,-0.5825648508033956,-0.3590076595714396,0.1871524073260689,-0.3311742445542284,0.034077792156615,-0.1439216589075696,-0.3397250826889865,0.8258763394303253,-0.4506675392220494,-0.9724193792469176,-0.1699968164166207,-1.583471673795257,-0.7391731273934901,-0.3381789121157549,-1.974938116444048,-0.9711552428979968,-0.5015922433797977,-0.5056902203511643,-0.0675940963230397,-0.7088821922998184,0.6714113284009232,-0.7808117119060772,-0.8631177447220443,0.565400598400288
SYN3_0173,0.2018958703561123,0.3645276371660714,0.0241945616710883,-0.1789015340212104,0.363730876220056,0.606507590756109,2.130014396014833,0.7553551067261929,-0.0223143971188778,0.3046593783396696,-0.9591484287252768,-1.6094780981737828,-0.7355237713475778,-0.8302123155525664,1.0860789081162283,-0.7736335154339234,1.2638668910761282,-1.327815302702695,-0.7325914224766565,0.4902841298642659,0.4638159044866249,0.1182439482713838,0.3483103532641926,0.6897037090675282,0.279718491373039,-0.2681048457407274,0.305930832662373,-0.1177955883723887,1.8122226673834,0.7637480075016603,-0.1165643063514223,-2.1544951316436025,-0.3511491086637444,-0.8123046947851675,-1.959891152927369
SYN3_0174,0.3692189067640425,-0.1472764820062098,-0.4471976833454822,0.5066546839075701,-1.7861892136760222,-0.6212616200992618,-0.2318834354087198,-0.2875761184780347,-0.9337815156363742,0.0473136299482316,0.0288841800249217,0.1322645759461546,0.8447445165131189,-0.4753912774703371,-0.015864147908574,-1.0043446179560482,0.3476293982937432,-0.5890448741837139,-2.491696715511097,0.3600197677523079,0.3611603438108015,0.4354802128293517,-0.0203091869520357,-1.0286361633389487,-0.2828860903120567,-0.5698737521877251,-0.4676198897899234,-0.3446222053163228,0.6372506051351852,-0.2965747192387448,1.5674148568954211,1.2772372975472508,-0.9704854531620792,-0.8348464548708148,0.0536335401537562
SYN3_0175,-2.808967299747705,1.7252235078208384,-0.3346607042334799,-1.4688018378419865,-1.4725102419108067,-1.500998690303558,-0.6899483377953448,1.4263812195913717,-1.3432016035312873,-1.6767514293778982,-1.4583454997320535,-1.8716119528234256,-0.5359435779920556,-1.6366340167310327,-1.6976281114769198,1.2924416369141645,2.395737046244925,1.1923463920057578,1.1670761772348124,-0.4669695326804746,0.6367758737370522,0.4440988342010472,1.6242947806566947,0.9946803201266524,0.2832381348051001,0.0422416814659926,-1.074602441066186,-0.4632561234900259,0.7041060961848781,-1.5202651790396084,0.253567987659341,0.0646229133782868,-1.1802415182650077,-0.8030138698204478,-1.2622668004048323
SYN3_0176,1.9551046388930573,-0.2164194725017968,0.0892328788074298,-0.5975955538184917,-0.0822664432418763,0.4791617813566751,-0.63629093079815,0.4110590518582225,-0.4049029552581911,-0.7040217039371512,0.1120994861814167,-0.980241618976868,-0.0869727097720559,-0.5859039219078924,-2.0901846268809696,-0.3453412130188467,-0.5433214409518127,-0.6585499766236187,-0.8917899237400967,1.591172375328359,1.6952537710002014,0.3923513571430578,-0.6787154162505195,-0.812280703656007,-0.4082304884280616,0.578618699303725,-1.8271193877205203,-1.5719346280827904,0.0196292668958611,-0.6533966270062915,2.23570426686818,0.2799819429682693,-0.6731163743559367,0.1199302008155798,-0.0957916921429346
SYN3_0177,-1.721441741264902,-0.2186281901250172,-1.298066266943493,-0.0069110003416775,-1.6504411158098462,0.1475201558186302,-2.028381655989964,-1.0107241388695345,-2.169935466402804,0.9457203050945896,1.8986750585444705,-0.8052241985803189,-1.1259576513539344,0.7635246194971141,-0.8708884840715291,0.0386427695887192,-0.5443067040682472,-0.6331138749004337,-0.9222016882061204,-0.4262241641447424,-0.1454187671723805,-1.4391697151936584,-0.7066432673638698,-2.2778218504905885,-0.1977516190451848,-1.5679814920492725,-1.1669866479765272,-1.2791706155229396,-1.2052502257525533,-0.4366484588674365,-0.7389972004733342,-0.3136016414600303,0.1530151997858308,-0.3120959128326622,2.3164174820871057
SYN3_0178,-1.4732729224354315,1.1766484320706512,0.7808040484930892,1.054981432773458,-2.212053400797776,-0.6601036459034503,-1.716049824953776,-1.514469478445934,0.3245326064423955,-0.3262352816793543,0.645427313398546,-0.6303731668926412,1.4174261053800377,-0.4514820845042834,1.393628643169545,-0.1442192115714283,1.4880277008790337,0.1931772811153116,1.5630059390467288,1.2208860705722338,-0.1138346593939935,-0.1807404743335961,-1.1536088979262429,-0.4828262658827739,-0.8386699246783258,0.9166450768735585,0.4719229134983049,-1.3843405329293663,0.3494003842027796,1.377882603528134,-0.4311511997946592,0.1548759680123603,0.0469962762907192,0.0639006767907178,-0.6546015226963245
SYN3_0179,-1.4464305780300062,0.0207082872612702,0.9362287604549812,-0.1984769570409232,-1.529963169235855,-0.6348595793307987,-1.3996045955321603,-0.8957668914605096,0.0567441663773628,-1.739796655473263,-0.9746465984110428,-2.3872701438408126,-1.0795485166559031,0.2565521420121687,0.34377532393458,1.0916578331733888,1.0034629140213736,1.8822038329417443,-0.0966049806899191,0.0681207667138563,0.9638904773720296,-1.6832970656045452,-1.4746013686208594,-0.8245792598525933,-0.5017961624941303,0.6654660829799602,0.5053950966888936,-0.0878046529598292,-0.0043376487693522,-1.5058358687189215,0.1871743207008708,0.290884408892846,1.120529766089561,0.6487639963360898,2.291742445018909
SYN3_0180,0.441576893686806,-0.9753920009719264,0.3024457750184607,0.252724700713696,-1.5197975612300494,-1.5457970059207466,-0.5417339123478836,0.3899112126754305,-0.2681272063908237,0.3688638283624144,-0.4217340954563428,-0.838077344745128,-0.1351605692040673,-0.6332503061710892,-0.6533416622427414,-1.2010261561030968,-0.008159231281491,0.0341818546713406,-0.8771100991610458,-0.5205769499236451,0.165841733265481,-0.5035893125800353,1.5971180407075392,1.894813809495872,1.873615567826944,0.342973413909078,0.7409456063475505,0.17761114253647,1.2833687858870464,0.5543317193122024,0.4328091125467495,0.900239763576259,0.4622911799219279,0.5621648645547097,-1.4909648319861382
SYN3_0181,0.0177540948976849,-0.3426170529886226,-1.8029712762698888,0.2774963891090924,1.4199248661139277,-0.0155910671190675,0.451512388259022,0.7118419218881378,2.003524324232949,0.4132694469718679,0.3548325663520468,-1.6177959164890845,-1.1072405542752586,-1.0363375906600525,-0.5153954246165784,3.733688293412655,2.7213168361931226,2.900877134292997,0.690171269225673,1.5793707680108728,0.4775227909744524,-0.4227584188697841,0.6921833211073868,0.2396024833625687,1.896099059057246,1.397255667818518,3.365074869856656,0.3027719464424747,0.3532424539226222,-0.3537665439294672,-1.5473689408197135,-1.550302259742372,-0.2940113861333869,-0.1176878065707106,0.4081779351912742
SYN3_0182,0.7148639254265404,-0.0157904575487308,-0.7705293233389874,-0.1490532977536071,0.7151783813933813,0.4304543424592171,0.9846043478433486,0.640287139443894,-0.64896565054336,1.2724145332857977,0.1065697458885629,0.2675365234573473,0.2040136781925381,-0.0251730620529819,-0.249400689992092,0.3132603334133294,0.3801980636497541,0.4435619504415855,0.5313411997601277,-0.2402760879253683,-0.4470417559989647,-0.4578000095122055,-0.4449917733445556,-0.9410781060651124,-0.1457283175143882,-1.160963998115386,-0.4604114099217756,-0.7154536439519306,-0.0772810930617028,-0.1185794818888893,-0.5602933091271933,0.1639992222500147,0.3342869915284298,0.5006840864565141,0.7950802069014751
SYN3_0183,0.578369967100305,-0.132733833701835,-0.428118079749255,1.340307259979763,0.8231789630445451,-0.8756495074306173,0.456965601811359,0.0543940082334655,0.5196495812764782,-0.1119417580908162,-0.0985231753296935,-0.9099541186999556,-0.2571983031710743,0.5639082279435296,-1.05901536696171,1.185681013084068,-1.5665980087499325,0.8162052867601548,0.4492114316773977,-1.5994081531372162,-0.7168700084341745,0.866122826543038,0.4477870000098551,0.7539021953497769,2.5903938531434645,0.8402847530133787,0.3206383759643326,-0.1759932003016172,0.1182836013507551,0.0066502701511683,1.2620400892898445,1.0355174918941945,0.0957612917060191,-0.0310925013598234,-0.6830574152805443
SYN3_0184,0.3676399872545889,-1.029347709837831,1.2611014560422622,0.7959537243209295,0.5223886064231847,0.3775914528538369,-1.8698589221088495,-0.5444191682080411,-0.9084973435693228,-0.4614030305313621,-0.0301290060158405,-0.1613069238670794,0.1258782493576767,-0.7780892471223624,-0.600495352999086,-1.121452137830724,-0.2780280190670921,-0.6360697974844928,-0.5320549042648491,-0.5748955451263185,1.3234205589417365,-0.901320543142302,0.6127665744869891,1.0190563454363837,1.4247223177990802,-0.6275200470098367,0.363566006463411,-0.6311697491896299,0.2017489931112581,-0.5505540233800927,1.8811073804254497,0.915627423309185,0.5248485753408857,2.131151834428279,2.085786951084636
SYN3_0185,1.4237822159729392,0.1662659111291222,0.362998958821652,-0.2405381901710947,0.2275503830233221,0.6408151440072309,2.1648594246052757,1.0566590214257514,0.0662803113681391,-1.0663048577633067,1.0691953728498251,1.5963776995317642,0.0057085594167212,0.4004482142587441,0.2676525029723403,-0.6251091769564159,0.2868818748729094,0.2690682043809486,0.1910278660140981,1.345975873517033,1.1248723660680755,0.8197645935482472,0.0584866343306179,0.2863163748082758,0.0899724828883071,-0.1812474485654126,-0.3251229333545374,0.779268734009083,0.5782339889381684,-0.7406086832234067,2.0840565370895225,1.81240290920314,1.7719308583490176,0.8823726072521861,2.401993110315801
SYN3_0186,1.7306324302664793,0.74437180191614,1.1427283473799712,-0.3531522654603017,0.8753820268314798,0.3628081847449058,0.0343226087845385,-0.6211842184151529,0.4415105724955409,-0.1084377191273817,-0.3969401339364248,-0.2340349703083793,0.1312215020429913,0.2944784672192352,-0.0392429402597827,-0.4103382501516293,-2.065490544953468,-0.8005602692806096,-0.7277850094814815,1.1016901950775295,-1.1019764363501114,-1.0745952456598755,-1.1548335593156387,-0.2792505946007513,1.2756410334248165,-0.3283027653707395,-0.8964733936067463,0.8346466943088912,1.25589966152978,0.9828540031592712,1.7729348695349,0.7815848330633167,0.7080577428477032,1.382093938987586,-0.6185024829382325
SYN3_0187,0.0181708809474843,-0.2267328338568154,-0.9660078279258648,-1.5367808876631293,-0.3108172356830055,0.6921730833352673,0.595912174836434,1.6501834975656822,-0.3028945772829279,0.3842857237832875,-0.1140365671467881,-0.95898255669625,-0.9931953343398772,0.2095133704586053,-2.2556208427710143,-1.2226622249076249,-1.1910577515165006,-0.4362245477713521,-0.4569127875997124,-0.690090485712796,0.5754788635719632,-0.0856535305923336,-0.4686621938693504,-1.9715587361882891,-0.8082863312560395,-1.6673732316081522,-1.6253444308733498,-2.024277398393639,-1.0791433873737368,1.0655060625277293,0.4570177764141302,-1.753157595860997,-2.177531424727534,-1.470628236463167,-0.6343208133087622
SYN3_0188,0.8160427734996161,-0.7992786071829541,-0.4668507245453435,1.8301599675583051,0.1946427878234337,-0.0458546706149757,0.1904210893097084,0.7903795593025503,0.0680122182090313,0.1987437486730745,1.3306574244251712,1.2184755021436326,0.5077743126217721,-0.3014326703683557,-0.9123023148142771,-0.0498679805949447,-0.7317147512289287,-0.3350159645030081,-1.286259524148189,0.8215263151368571,0.4997974102520204,0.0820570764532865,0.8660190304870059,1.023309241695644,-0.5149376538256419,0.7159193661212621,-0.5797348934090482,-1.9369936670131649,0.2369805079147609,-1.1311206173011157,-0.0304926306367375,0.8897621137023708,-0.1087987700312447,1.303851432386051,1.391207326567562
SYN3_0189,2.1375458176934954,0.3157494730435089,0.4108472669425647,1.2645849842407035,1.6881114743163623,1.3038438523064566,-0.9929019177861602,0.3209200709756879,0.1542280844181776,0.9760553559215324,1.1581691652389146,1.0318688419819038,-0.8939247948089534,-1.188451785690367,0.4494160351698279,0.8184033991072589,0.3639884615084938,-0.682915592321941,-0.293053750116834,0.4321479215652983,0.053390280772566,1.856504697342248,0.5778480871862888,-0.2151240607123201,-0.1163910867170396,-0.3923320777884932,-1.404774553584626,0.6858582397908509,0.7957316743155255,-0.0521793520615329,1.3938910524506387,-2.5276359620744406,-1.492423397197938,1.0150146053338054,0.5732892522691534
SYN3_0190,0.4310492933205294,-0.7692223983431894,-0.4200960500692624,-0.6269944213557672,2.5774652771113677,0.719090781347666,0.8071235920444856,1.5173576836892988,0.7500250141564001,0.2126921456993581,1.1799116273718755,0.4602277898422401,-0.7244677654350037,-0.6124488847519604,0.1829763764851173,1.8240120846486585,2.103541805836032,1.342347938927909,-0.9345011319825888,0.0771550929967066,-0.1683688342546885,1.0126009967114673,0.5612400880738783,0.7372529175895043,2.585275257742056,1.639879413542998,0.0741655946035259,-0.0991150367515677,-0.8002989710043442,-0.3403910739703558,-0.7060588154010385,-0.2473424146656726,1.3248183913956992,0.3015697576862091,0.6991188367501681
SYN3_0191,1.4326283755618194,2.381180671525527,1.1216281916048527,0.719421921411256,0.0207134031129395,-0.3529565095625915,1.486346816968957,2.4528196111564955,0.7839029825779548,1.9563466241282677,0.8462188110954915,-0.5015227685360807,0.7129341804719665,-0.232553032365871,-1.1661305642718147,-0.7280471793870418,0.8770951381767867,-1.9124002780380656,-0.5272367529200639,-0.1773402392969001,-2.4637302577505853,-0.8871803256303512,1.8165330398186317,-1.2762287787715962,-1.580089462875846,-2.797682228944883,-1.01190180162127,0.0976986518979141,0.4169714059799086,0.9861422881194126,-0.3715060326283363,1.545560052324753,0.0359545654489668,1.544112933509031,-0.5031979974694294
SYN3_0192,1.1785182385932191,0.2022856877428425,-0.0847140121739205,1.017347464183603,-0.2663848132919617,1.7448181253958626,1.996063555810017,1.6302207282603185,0.653226373635614,0.4031118184670235,-0.8319921580030909,0.2607998940345986,-0.4088477001262375,-1.334576472252116,0.4089461247196695,1.2016492592707086,0.7344577376661359,0.2084468053848267,1.0099743511149368,1.0162645422761636,1.624707597576948,1.7078334444127243,-0.1068154842382416,1.557399904993518,0.0966608803837296,-1.960988494628734,-0.2908074359182505,-0.3414565155668583,0.0643499813169271,0.4046346734521585,-0.9396526439869618,-1.2701876751697183,-1.1465333989607958,-1.6698525732522154,0.4529872189309327
SYN3_0193,0.1381493827556061,-0.921609744546202,-1.4273407047195252,-0.7949759118236226,1.08130076129575,-0.5748771283673857,-0.9774623641239232,0.0927536742712947,-0.4708378288645451,-0.5800766658638953,0.281332843835221,1.3565465565626336,-0.7935502616434936,-0.1641788598293102,0.446254009202815,-0.8181705439404435,-1.3637091605077771,0.2358834552520639,0.1324814194531684,-0.8594889184620734,-2.208314525506968,-1.3269205480929895,0.4942095333974834,-1.2345437436945306,-0.0846661389638896,0.3350564138801642,0.3768395947354822,1.1569964447150671,0.3401658333553043,-0.0523500273778392,0.8218513002943683,0.3620627280989125,-1.8615224260122976,-2.205780368584754,-2.246885226696948
SYN3_0194,-0.2201321402316983,1.4381144662772276,-0.0479551640128258,1.1002951727873842,-0.0106288299885822,-1.5807324790787374,-0.305675738288666,0.6756082669524583,-0.1684895375257855,-2.8482950931286464,-0.6835989328885506,0.105805304514375,-0.0879135482655144,0.2485383681651039,-1.1609478817113503,-0.2740418758703584,2.2296992185866555,-1.552780238807402,0.1812068212683631,-1.1959669048237225,-1.8543807327703992,-2.1567114116216146,-1.5488925626271994,0.8892089762251949,1.4540857898037935,1.490018097827719,0.9171607373434664,0.5758519989836184,1.8603649459452216,0.9590060639579712,1.2842328666396738,-0.4671289909800246,-0.6316596038111802,1.0882536488747134,0.376699388422173
SYN3_0195,0.1875415868755057,0.4165234397018718,-0.9335965776802558,-0.7711906793261653,0.2917459570548695,0.3600521229514031,1.4841613253612609,0.4275137829597452,0.175533506269766,-0.7338213879013227,-1.5693886597827698,0.8346388849920753,1.067331118859739,1.5167541172836798,-2.0531283369979767,0.0462347824742977,-0.4237191355384632,-1.2425170488588326,-0.1826538140682346,0.4071600420719626,-0.1205013028052353,-0.5850154852671354,-1.6866278247596511,0.3604477785128815,-0.1793637247110054,0.7491051335124732,0.5408497192946101,-0.4144695756141112,0.4389121340142731,2.118198826162017,-0.3789068263306118,-0.6863167785118438,-0.2750532817329416,0.5716344763797102,-0.3295492807486165
SYN3_0196,0.957933760265284,0.282095324584125,0.1961179143373583,0.3703296546250738,0.2286654987457716,0.6560141779928003,1.370331657968975,0.7484993685129925,1.12448541577497,0.6549452463019119,0.2954333983775681,-0.0520065239297113,-2.4346153896829623,-0.7150554408781472,1.1994548180475788,0.5250784415481327,1.432802111199436,-1.454902576059784,-0.1200215177611054,-0.964245644803321,-0.7199080012087391,0.5303707907269943,-1.0671030495836502,0.2619196542254158,0.1853338468964899,0.8022064940247832,-1.5202050177304536,-0.3119280328699553,-0.3097118606616892,-0.4930722151647305,-0.2949667445478177,-0.9982390777843094,-0.6317988283821989,-0.4244578138111474,-0.3704631789025787
SYN3_0197,0.0465799464209584,-2.3992488123548776,-2.435468280803235,-1.040348040688988,0.2971692084245659,-0.2159242092557883,-0.1226672602570484,-0.708429175260751,-0.6114536520604806,0.1936395250344217,0.2933399980834779,-0.6546757349395123,-0.7676159642182688,-1.7624687065414426,-0.3244858404363919,-1.2217127887981103,0.1073447340106394,-0.0889720267098657,-1.297902225201982,-0.2259645352532237,1.0303540129741464,0.8959789271880466,0.8634843071610018,0.9925722316653828,-2.6768156909086,0.1908102248540278,0.0481406799256647,2.459994909753857,1.7914377922823037,2.316927671553072,0.737753665433287,2.177399802196873,1.015246714294402,0.8173413256584547,-0.2297346749432755
SYN3_0198,-2.63840527201162,0.8052266633989467,0.7206731980713754,-0.9773006669959812,-0.9929414494885886,-1.4928628617242434,-1.2218599654564617,-1.1271178390691294,0.7437909808485499,1.0337006786602072,-0.0846811108321724,0.3295681903760369,-0.0631148220496529,0.2933347461452582,1.9760781248189945,1.6738712268339282,-0.3968403973456566,0.498308822798737,-0.1480774057527839,2.3007693938124385,-0.0225819353216617,0.6278183094032027,1.5357932063862052,0.3211567750679337,-0.6253349710800754,-0.8662051990747057,-0.1383243364704633,-1.4059683887692551,-0.2463574433771959,-1.1841097023703977,-1.2040683388004727,-0.0646983656632938,0.6848474551847983,0.2339095673227112,0.2633404546276181
SYN3_0199,-0.4121970240565298,-0.939951929671768,1.2808865158538758,-0.2614400416675385,-0.7764923300072304,0.820519125411931,-0.0919585222858646,-0.4967780256181499,-1.2251939941162855,0.2897314501388609,1.405687029169271,-1.6519805489176087,-1.0727586796521518,-1.033635002779773,0.4503923113349907,-0.1519201887677432,-1.183282527349605,-0.6137925518424971,0.0701225904343955,1.7210563338353952,0.8863883379208126,-0.2192112145819203,-0.219104402346452,0.4247531398068407,0.1360177669805032,-0.0778459092548322,-0.9456076281408062,-0.0125303938743928,-0.9945962530509544,1.0115769249381237,1.3483814401477252,0.4626170555886115,0.4530170120474283,-0.591371957056879,-2.159628159107553
SYN3_0200,0.2246597673798436,-0.0069795322990113,-0.4777782991831536,-0.2729554176812288,0.2978176705876767,-0.3309090864430404,0.595609097023089,-0.2169601465246474,0.3594161316249574,1.2621078549643938,-0.7040005336201283,0.7092322533147274,1.5038634569899032,0.9795268358636672,-0.5941986179627025,-0.0956830814231683,0.8858351891905818,-0.0911509440391019,0.1588437406429673,-0.327639349331934,0.5428385998689262,0.2952742093949742,0.3313993592713153,0.7931352796209319,2.3941398325103984,0.926243462181418,0.3297757718794026,0.2472618419113199,-1.3077620456001735,-0.5498373143123545,-0.2852260524726187,-0.6298171440294462,-0.5447757992332612,-0.9802803702563126,-1.7290645554281283
SYN3_0201,0.7082269490359808,-0.6582519240254707,-0.2937080907192362,-0.5600607430694455,-0.416143411254538,-0.3828583927276985,-0.1541441310238947,0.6520939901078566,0.1727955920880068,0.0917642869643043,0.8970961837679525,0.5198839455552847,0.0608300232025928,0.0938478565825432,0.2707287348660788,-1.8957991007245123,-0.166407583868352,0.6872765789125669,0.9387088450786688,0.2678286213239316,-0.8235377746049148,-1.3129173110510846,-0.2672892663943763,-1.4566192006633063,-1.2342049363620788,-0.5141674887694735,0.8296381087511444,0.5180852588676536,2.2611284744322804,1.2823278252656696,-0.8385855570769093,-0.9192844498293244,0.4444203538552554,0.7194117979251552,1.0089079976136417
SYN3_0202,-0.576965748842423,-1.0456740438492425,-0.3017497948038013,-0.8253509832135274,0.0237446499543424,-1.284128820209948,-0.6639382556273395,-0.5468424244068215,-0.4878679682561304,0.3994654450660614,-0.0591295733214942,1.510410855158543,0.0469493328080377,0.4061396791801059,0.5211103269499796,-0.4149356085731655,0.4953290205793846,0.5837735579857722,-2.4610992679475023,-1.570389672958251,0.0767378485939757,1.0094801983874837,0.8847139051450293,0.2088193588300658,1.1089945680994382,-0.228768121188802,0.2601626340709226,0.1497075677818758,0.143336649067706,2.1087644130315373,0.6417485653965852,2.5086209317868606,1.4112707568087226,-0.3520656088253677,-1.0457262580045623
SYN3_0203,1.2361368804090558,-0.3608620832774559,1.2826576727466,0.9134318322444438,0.5693630238098745,0.2662149652826834,1.1895709096469786,-0.2620364506295459,1.4820196395823455,1.0436686087628957,0.0647876750767108,0.349735246145241,2.176360485863711,0.3162542219959767,-0.4330585405415981,-0.4502960908132831,0.2400413960666913,0.6545093747758141,-0.1420376383472952,0.6416131331727064,-1.5288709996823795,-0.5411213114307734,-0.7340134128088419,0.3962795230765716,-1.087633949308516,-0.009599744470346,-0.3779778636464899,-0.3956843579253197,0.7089734524297254,-0.2329903476771062,0.2745135613905225,0.3418914715805961,0.4927252079559523,-0.5002114970036394,1.999359531923676
SYN3_0204,-1.7546650678205435,0.2111955890836999,-1.510723588512174,-1.8342016633798943,-1.6986737917253645,-2.090247839949571,-0.2337489345337303,0.6969246663176909,0.0631689249609497,-1.093286779028182,0.0071163504103468,-1.1784855272701895,-0.4920802480416651,0.5199771086794986,-0.4612785987022791,1.3621560405861592,0.5557608114087839,0.3786540336669792,-1.6439368805372938,-1.0401906829445091,-0.5155592224936623,0.782908282824302,-1.298932840957241,-1.5116597217799712,-1.4703016966255158,-1.486762372050432,0.2782765060830117,2.008594230294952,0.5439300598686035,-0.127651954325294,0.6852265760923042,0.3929343804746906,1.0777125731699957,1.2318992130616604,0.6614743783099885
SYN3_0205,0.1674133592100548,0.4684447565600272,-1.7559050644342948,-0.9090263081566397,0.3326839286087541,0.0926077446583248,0.1594216442064439,1.6371274723721534,0.0314232444104375,0.4935414132224476,-0.3079464310258948,0.3422574813769637,0.832286155980606,-0.1072492236810113,-0.7053199769410876,-0.0380164990468491,-0.946170349919878,-2.3591176990734826,-1.7179945011139823,-0.6542012687796737,-0.6654523735427815,-2.4019106093695504,-2.3366838313534863,0.5002794342202722,0.0485875068442333,-3.0111350133669115,-0.6050258183495762,-0.9257344675763444,-0.9951301220796928,0.4303090642276866,0.3431510870173584,1.780930543466518,1.133624436257537,-0.4576332086770313,0.3232207169322717
SYN3_0206,-1.540928935160195,-1.0939385674734146,-1.1261423616013435,-1.2500567525930828,1.4056183146999128,1.190328655456367,0.735406958847518,-0.4287879717529241,-1.3809671464704023,-1.4835342590269718,-0.6859990253040305,0.1916456833855649,-0.1982662180325526,0.4679452484300806,0.4447525535105294,1.5039968596025686,0.5206302216076791,-0.1156563490560758,-0.2363204371387605,-0.6658536743978805,-1.083915074016586,-0.9106552224989548,-0.5446544539932553,0.4624432716506454,-0.6747558390589031,0.6095770586266067,0.3936206706541528,1.863637981776484,0.45494602470423,-0.8574877063019538,0.189758109991672,0.1616661577540712,-0.6377497034149463,-1.003799807440842,-0.6586926424469075
SYN3_0207,-0.3999276374493647,-0.5331265055975873,-0.9609227420043928,-2.173968957250852,-1.3756310093934143,0.1974471573178283,1.432970380270951,0.3947184804347364,1.0472355253114296,0.6753405364217842,0.7645532804301521,0.2075777637983275,1.3394779952886005,-1.1392469288428124,1.183654503711974,0.0164375495711345,0.2663996349887999,-1.6106730526171458,-1.96234754536264,-1.544933618409847,-1.7725783519684566,0.2864504970900173,0.3581272122146385,0.4807613117791129,-0.080202399727636,-0.5673749752935882,0.7601330252642343,0.1305900810911255,0.4136594575899323,1.821436943125328,1.2144064572116948,-0.8213612841395356,0.4296185128526228,1.146777389164081,1.3509948335012631
SYN3_0208,0.6320419277471436,0.7330707679899419,-0.185188359819154,-0.175447178641634,-0.2158110846815343,0.3161697332846624,-0.3826620085787678,-0.1084442790441512,-0.7913925638286232,-0.7727487807308462,-0.939688823218941,-1.2423102605847065,-0.5866258683201263,-0.3883150598171129,-1.0671653301013737,-2.0248604508585584,-1.3284877243839956,-1.092806637771735,-1.5461759709669078,0.742472059727439,0.4670713879054899,-0.4059749294331672,-0.0329216311904535,-0.8072159015842884,0.1097078065590263,-0.3611696488872245,-0.3189403207926622,-0.0113080501046622,-1.3602091165252024,-2.192175080809388,-1.5919586597731636,-0.5373026185225603,0.1291458219975245,-0.8756489417031299,0.0735666087540478
SYN3_0209,-0.5814689463130106,-0.345709391483633,1.4080259287675836,1.4527560344393708,1.018013164397024,1.1883533267730373,0.7904420583218602,0.3788511840263664,0.0397657395119343,-2.8979210785113563,-2.1719835375719625,0.1584317040526603,-0.0909140534971782,-1.515965917260225,-1.397986002048033,0.5387047590505096,-0.4768933349208323,0.862138667567276,-0.9662297573414096,-0.8904824236309848,-0.0955409392058438,-0.66034331228004,0.3006766276764148,-1.029625091929142,-0.2112549304761226,-0.4219260816770689,-0.7756809964792508,-1.1218641296888687,-1.2642068358368737,-0.7028824762302986,-0.5051788003121975,0.4280603999723792,0.2391899046154228,-0.2953606407430293,-0.5712430080251302
SYN3_0210,0.0520767162711583,1.4305012985959145,0.3261427223046568,0.6578168131433666,0.6170017273975527,0.3428135089328187,-1.4885307898242983,-1.857653970363501,0.5427540370966958,-0.474661017078214,-0.1690297526735949,-2.403908487014176,-1.426159494820031,0.3891959281354359,-0.6596066076178692,0.6143540258652858,1.0172691525150317,0.7117712690178251,-1.3889379598083142,0.1826446157914123,-0.1306808010490689,-0.2490328942165483,0.554442811502597,0.1587818348320084,0.8347085587930559,1.050266101491409,0.1459648345715026,1.5436606116755511,0.1313921965203294,1.0538765429642545,-0.250580709790099,-0.7900264915158995,0.1532278340517153,-0.2456148524566833,-0.7663018593029265
SYN3_0211,0.0410492989263501,-0.364566041092471,-0.0350763778770013,-0.5323718835221694,1.2368296460306352,2.0569756790732443,1.2063700536798312,2.153011604707031,1.538622552215119,-0.9353939634633082,-0.221247367691276,-0.2683266352871108,0.1597591246203945,0.5659582732846518,0.0229941335704355,-0.9604090961328172,-0.9817159273301468,1.926834811369511,0.2408687553079399,0.4015716913276985,-0.3481276097102,-0.0689946161899539,0.3915184871721259,-0.2482160211182361,0.4093514909852417,0.6700728631273072,1.625777439340787,1.2307797679764074,-1.4003779301797643,-0.4564480361871428,0.65443726534983,0.8353437926279214,1.805095605007461,-0.0144631832546714,2.390186143600664
SYN3_0212,0.319880256769617,0.4414448912157385,0.9525221330872958,-1.8382055200609972,-0.9749176989871228,-0.62788810455193,2.0479062956043967,1.2571776604581624,0.0212117164099294,1.0885443802022434,1.637779116489304,-0.6636153086699556,-0.011423075902202,0.9777915813950034,0.6847887894477377,-0.0808180098403767,1.181929919621871,1.9128911315112749,1.312636423853712,0.2826723245711616,0.2650861046885194,1.0959677391931233,-0.8899378126602855,-0.3938724561644142,-0.191449835218599,0.0609958241959105,-0.197497929418677,0.4867957350490095,0.6467202277760722,2.0129941052129454,2.046791469427646,-0.4896773957827137,-1.6178615931907354,0.5387124831588254,-1.9710891930135368
SYN3_0213,0.0018541548539788,-1.6355774336678113,-1.115483553525214,0.4635728995223896,0.4816830497714766,0.0792584021443299,0.5983280288664135,-1.0856378511293625,-0.5669920870872805,-0.7712794683581209,0.5006267088972028,0.1168553146760036,0.6798689558156398,1.1858973457949455,0.2834083545954873,1.2294799131456189,-0.7713676139310742,0.9966163861885742,1.8720523485725744,-0.3062591125547142,-0.1414880488067346,-0.1361746417079499,-0.731420857062116,0.5494444571019763,-0.4475097606619164,-1.1426218567933524,0.5211949295965949,0.9782680116171524,0.1810380449420406,-1.1416378203957034,1.5330905883771155,-0.9214532974927272,-1.5301066255093942,-0.5391946538757504,-1.1218423814343992
SYN3_0214,-0.7679190581326497,-0.1327206915091953,-0.5737544644766186,-0.4098584796573793,0.2662497753018523,1.5105475905178871,-0.1605844282966366,-1.6800530207687787,0.2777754812072603,-0.9563938735408464,-0.914100974340847,-0.7606803886143022,-0.6765821632061535,-0.3953547676821903,-0.8580721929525721,-0.6991243060711255,-2.5524172180656586,-0.3638605695902995,-0.1193465387179169,-0.8956785930686205,-0.6427921339535968,-1.1344846271642437,-0.7632321377116266,-0.7775283874834377,1.239419342559957,1.1209125081959193,1.5663190710978023,1.1372399999027154,2.788558900832748,-0.319965915868444,0.0861357325041122,0.405134605293961,1.0114844594991017,1.6823357458262962,1.287201960903822
SYN3_0215,0.3618194512483536,0.9011627875531152,2.431160791799847,0.6057920302539356,0.1670212040543897,0.3051670861182187,-1.848817657009242,0.271496886474633,0.6763762573942722,0.8731772242586059,0.9962711678804314,1.7355804423929335,1.0265640880511158,-0.1269748548422004,1.5019694128374883,0.295936461604397,0.3060561435592389,0.2245311812968332,-0.6798978813021495,0.6654230499474512,-0.591707826642026,-0.025171682882227,2.519167077330774,2.444806766948958,0.7407518705681054,1.2630576062451708,0.5887828257105486,-1.0634316021913404,-0.3899012090361483,-0.69481649680727,0.338781338582335,-0.1152351740893955,-1.7760562437964007,-0.4402132828622427,-0.4594543781448502
SYN3_0216,-0.975930495329177,0.2709141007635099,0.931506763067946,1.6623008739383838,0.0459705029210213,-0.0032306173011714,-0.9294502526598032,-3.1028534429043937,0.3488126523128497,1.9282766492683303,1.857727926566084,0.8427895542015206,0.4262050323260439,-0.3462869433279604,2.021519942127303,0.68960950555817,1.5279005403759458,2.2319823958684117,0.6847674901939891,0.9488060825886294,-0.0202384595458818,-0.8931677036652309,1.0830352749032308,0.940785720945403,-1.1354275277913448,-0.4742492381896229,0.4453442151439982,-2.1002713456087565,-1.0176149061537367,0.337081066383681,1.1682157234337904,0.1312946132869812,0.935055490685772,0.0232079357925258,-0.0882881889177024
SYN3_0217,0.5820326712920192,1.9634894219392145,1.5071129549434992,1.1617631757285312,0.2400895722705701,0.134500002220726,-0.2228973206822684,-0.1695839651383146,1.6571131584105945,-0.2207042374197134,0.6449052738447191,-0.474324242536612,-1.1298914037864822,0.9432459112876728,0.140624390599847,1.1240326280020303,0.2644287860424485,1.571898185169634,-0.0565901228036563,1.873548801598648,1.0563085893542854,-0.149755551707852,-1.0049473012765449,0.3691454434980594,1.1791882317534446,0.2695297898206631,-0.4448150142578349,-1.712529066141653,-0.2033478090759049,0.3217094686752825,-0.5161148427440548,-0.3043420074141034,0.1961175447038831,-1.948936452992092,-1.272600414989855
SYN3_0218,-0.0764941468829515,-0.9274009856705484,0.4004223299438734,0.0479099613129773,-0.8949771134394081,0.1553309437450293,1.0115292470067,1.2638694583520973,2.187868699628893,1.102706436814085,-0.4462109844775883,-0.5034371188152296,-1.628025014371876,-0.3843651192435831,2.6454293099748187,0.7858956369198411,0.6191114890685766,0.9230769844950242,1.068255749107337,1.0105443669954384,-0.4591865105780174,-0.6029859121066506,-0.707464938944642,0.7961632902310101,1.084814238423049,-1.1360175681640483,-1.5229283432462617,-2.9254320207419786,-3.0863620711549147,-1.3502457468507942,0.3775560291529091,0.9046556328667792,2.185592945846818,-0.6184080643192279,0.7096656188077469
SYN3_0219,-1.8257355061431009,-1.5935327521703573,-1.1460150677271137,-1.566446724145418,-0.9697932137533132,0.3284089104157899,-0.2060462353192137,-2.014993025307098,0.061355649517681,-0.6816025822110003,-0.6017109510268787,-0.928911378010916,-1.4235139578315643,-0.8348998897597634,0.0824610069591962,0.9420661142226652,0.5155327373835216,1.5112263150115222,1.6671131814058473,0.100690202292982,-0.8772466134349602,0.1938669660294857,-0.964548254737829,-0.6521520451605018,0.6296664571118831,-0.0507320275423117,0.0211640593908392,-0.3796618043548753,-0.5283839528313945,0.2500290914241269,-1.024587494002462,0.3475475345494173,-1.173605325530115,-1.780241275732369,-1.3744152558443803
SYN3_0220,-2.45560650988385,-2.676037872203314,-1.170390217125374,-0.9993074571222262,-2.029594213970236,-0.9340982520879936,0.6588470997830881,0.4930148785513111,-0.5328871121899582,-0.2918355331024501,-0.5325557109207198,-1.241590820009024,-0.876317552591718,0.4888539513791242,0.5180190419268639,1.344111361305032,1.5400038772276623,-0.0109463720482256,-1.80301966689976,-1.7468962485204271,0.4278789808153089,1.516825846826559,1.4317258081706927,-0.0009355076971146,-1.2254450853224126,1.569640308321666,0.2739981161006506,-0.2898390964312282,0.2558679168323494,-0.5293856623107207,0.1129777914060668,1.156530014222815,1.654336127786691,-0.0325320634804947,-0.6543071369385353
SYN3_0221,-0.5122150851726323,-0.7899218154324577,-0.5788234969898456,-0.93160840563576,-1.1347579462754995,-1.4988793915309933,-0.5294401362370965,-0.488348881168736,-0.5974646512949575,-0.3126412092317485,-0.6957961768347478,-0.2266830179570757,-0.4866633339503658,-0.2580392059697368,0.9030161797094968,-0.572067413923611,1.043121328095925,-0.1131215034801689,0.7488393697583181,-0.1339237694058519,0.8027624204718684,0.1663216955963596,0.5134332111480859,-1.2006281995643049,0.4405274885322375,-0.3890187409786716,1.0169484616385465,1.1792569585843506,0.2911213585688628,0.303107211525652,-1.4816587959621883,-1.0368532160516597,0.5630914638119068,0.86263802752457,-0.6788189117645442
SYN3_0222,-0.7865035713339271,0.2622155100479312,0.670588643138347,3.0489041586627708,1.4666003645346863,0.9386551332621,1.6010616353637517,0.2345365058687778,-1.0109580894284766,-0.9726244509226584,-3.5434547676977783,-1.9886354468345429,-2.183568631669442,-0.8706161928997151,-0.71811585161143,0.7361829550124355,0.8199554011427475,1.030304231828457,0.1380697381217418,-0.190152214087142,-0.6635087076974263,-1.0612605931444594,-0.2492878759753156,1.6138810197865487,0.5543222752311512,1.4675023823249214,0.0819982431720914,-0.2507549667636223,-0.3623003206131393,1.3598057733001394,0.4036183887632754,-0.9703737273796396,0.5981919910463454,0.3870185696643938,1.1348760152719346
SYN3_0223,0.0991951230279239,0.0486403946687754,-1.0502269535049322,-0.8299253550326297,0.7810964857308229,0.7811896866571966,0.6893615116039847,0.4149106961611657,0.2834620354595377,0.7799203751909828,-0.9166472103645392,-0.4332148262415677,-0.3896840935096804,-1.844740360031887,-1.117952194760809,0.1084105024455278,-0.7899478634912054,2.121361410458627,1.6638827050326523,0.5244391926982074,1.1929361103364997,3.3548687808569,1.8743101291089816,-0.0623026948466466,-0.1553158121180702,-0.779744403451013,-0.8089572060324995,0.1789402112943154,-0.5721323888918797,-0.8969074151013665,-0.7461188865794098,-1.4951747755794798,-0.4126668455199887,-0.0399532945350782,1.021725408527847
SYN3_0224,-0.0351514331124938,1.3722157377610595,1.361158964386605,0.5180502530278152,0.2802040251667918,0.0105770978956763,0.99876555622755,-1.5940981800404737,-0.5610847165202575,-0.5557935653442874,0.0842892915552364,1.761612879071332,0.5026242405297291,0.8601215510911672,-0.5887819215329808,-1.906044240414413,-1.3459906267524997,-2.2909146421399345,0.3809756964763692,1.59189142882595,1.6214506383652454,0.6117305185528362,0.1809395532006687,0.2673223390852099,0.4464652692990326,-0.2175881465004848,0.9481779172443549,2.0821236308205324,1.3505751829259305,-0.4082715906380322,0.2243755363288951,-1.1070878260249135,-0.94067361025595,-0.8468526886657297,0.5452530493237467
SYN3_0225,-0.3377260248078562,-0.190410093151192,-0.581647980532093,-1.2207651156952322,-0.4257173840648766,-2.845343804083126,-1.1476170553474547,0.5846183051017352,-1.4420043396281663,-0.7219636608345247,0.8273424037984392,0.615872163093071,0.6275626266466152,-0.4222018942450363,-0.9647143856813388,-0.3910237062131246,1.1070174941405544,0.093803990189946,0.7103219973421847,1.1137940806179651,-0.6721639702032907,-0.9538978952786134,0.2847670103568442,0.2520369298956572,-0.1570091171647344,-0.3165682114417301,0.0296971902893211,0.154324138064594,0.6704207881250882,-1.3402063735888476,0.6916932593661742,0.6454449121742935,0.2683881057555351,-0.2443742425340157,-0.7261274354030066
SYN3_0226,0.0210480435279953,-0.6548292871017003,-1.5103021316130671,0.1240163374129518,-0.7648499047387519,-0.9990067055610956,0.4960371830946218,0.7707790142384916,0.4435759288789332,-0.0954798861533066,-0.368563222325957,-0.0995969382637197,-1.499225900537691,-0.4649907610664324,-0.6052737282470768,-0.4518510035520988,-0.8645181911781387,-1.429637403705506,-1.0453188416460697,0.7049097161916595,0.2366602656804942,0.0321023212307038,1.2308667547669194,1.4679482710390426,0.1199360042230685,0.6526857766841073,-2.195243160441513,-0.8414065017529947,-1.173526618598252,-0.6490428941421914,0.8385437221264729,0.0359599694639307,1.3684683542842355,-0.2620649962080676,0.5122763957841099
SYN3_0227,-0.0476222619013594,-1.1508743212055972,0.1416007834521702,-0.1800456346572171,-1.533410356011189,-1.8714698292407927,0.8221666497423923,1.3778583467532413,2.011243562705641,1.090482460665752,0.6512538510185897,-0.5209031270093085,0.3738864950214491,0.8127252343706438,-1.5666734577335522,0.8476599806842572,-0.7404116834953262,-1.310847795385958,-1.9601086980152007,-0.9256253374058284,2.0963450159777643,0.7014621822815424,-1.3551761392685937,0.3837135888109435,-0.3200727758971704,-1.128016761497776,1.0009926206521165,-0.1887527286661084,-0.9207103173984942,-0.113032208130933,0.7332274519726876,-0.135934742855676,-0.2889258373381575,-1.2445200195998278,-1.1864599849040394
SYN3_0228,-0.8287208423397595,0.9568928218865096,-0.4186437437982172,-1.3649472380765424,-0.7753227856864718,0.7473046748052032,0.1875542748627892,2.805818228705537,-0.6762139102778087,0.0398005463308885,0.6288526465518302,0.7475219162228327,-0.5736620150571846,0.4918927053341271,0.3016959299180768,-0.1092017107517215,-0.1583976754442285,-1.044378550717387,1.8003329578022846,0.1882449114885349,-0.0292026071709291,1.1363132776816944,1.681959790691028,-0.2934965828026,0.0735319064540162,-1.2068392920076354,-2.221519729732289,0.7795045586592261,1.4640690275146109,0.7082750263046369,-0.4468417456911638,0.9950417525135372,1.5042645907578591,-1.1071834238714278,0.1660739484202811
SYN3_0229,0.6421567060835525,-0.4135384034218462,0.2778062918083547,-0.1892820580063207,0.1680483990007302,0.1997862518355306,0.2082028587938818,-1.5445166692490808,0.1728985074575338,-0.0920202463100369,-0.2845507498322305,-0.6575630756391955,-1.0941962906257916,-1.4941997778552014,0.4910266302114306,-0.175407915650862,0.5144150546826899,0.8246907876867008,1.884324202350613,-0.3501104193910952,0.3041188579704281,-0.9117842087272818,-1.7862882335493933,-1.1647894336577935,-0.5748206762571451,-0.3662780248597441,-0.2466630225605937,0.0920960774999586,-0.1458304917976895,0.649766646490449,0.9139964610568532,1.4200441929463532,1.1788257000751197,1.066123882530101,0.3300577230814996
SYN3_0230,1.759286995899314,0.3020039191210415,0.4710864021544596,0.6207981208235246,-0.0259707894638004,0.9211858879694036,-0.8552997198184111,0.2388373690887386,-0.6105789769801625,1.15367492382606,0.4237187422920386,-0.7455204969508814,0.4582924544664458,0.4314000378970286,0.1302588510871327,0.8826116234891573,-0.0674236470389207,0.5307206668526452,0.1053026628445248,0.6881177462894511,0.6183382927585896,1.7935075631058293,2.377928067437569,1.5511705956135586,-0.0993084325648755,0.0090611762670353,-1.2421372015007324,-0.2228748076516432,-0.4042487357109182,-0.1141024387727474,-0.609533702818231,-1.1623215484851777,0.5692055180941589,0.8673543681498747,0.4795568609054952
SYN3_0231,0.2606543972565476,-0.3047789430807341,-0.7143399801864904,0.8933347239362882,0.8892569096688557,-0.1829864774072118,0.3652505030913003,-0.3906925177413533,-0.7416798551300453,1.124467393975534,1.03725149067647,0.6683905162959188,0.0199668965498472,0.4466847848353853,0.5219005750922361,0.6467723059196191,0.3090565952958157,0.525181756433184,-1.0556135947120502,-1.7589240448715675,-1.9506973053583967,-0.5453359628111537,1.27642544263041,0.1501897068441611,-1.28123578172978,0.4905288120512796,1.2003422449155507,1.3689554112867182,1.0667904111558837,0.4055013869568025,-0.2782944625248171,-0.454935131012409,1.2106224061722597,0.1805396065213096,0.4803726910405365
SYN3_0232,-0.753628798048948,-0.428069199773093,-0.7276388525443527,-0.5098154082577324,0.2984178048910667,1.275318302163466,-0.3464566475690534,-0.9954373746148536,-0.0336198025773571,1.1548309218330517,-0.6015728700985483,0.3405599707172614,-0.2463614189938592,-0.8122102171516976,1.284351084539585,-1.0856444827459613,-0.1024183285842675,-0.2953253414982994,0.7797645038780714,2.0990522135143164,2.6729769821648146,1.519240287842022,1.3145228285173818,0.1618587836299132,0.6123100146047951,1.2300246317795265,1.7938587037634708,-0.1711863416816141,0.3173211248639568,0.8609625635259439,0.2106809014922687,1.4551469611516317,0.262214434731212,0.3153693384355238,-0.3826057818659628
SYN3_0233,1.041310340890475,0.3387757695522604,0.0411491624821027,-1.130640053199719,-0.6748567521721521,-0.0545147793606501,0.4492995819958126,1.002348428408492,-0.4578362786761373,0.9364558034354548,0.0147039450066959,0.9052929737682792,0.8918722397956632,-0.8216596453008045,-0.2201767502409148,-0.5673634770100113,0.0944413133862256,-0.3628976025548812,-0.8816272892372653,-0.5069981906659902,1.0552663043864892,1.117695698602612,-1.5551764798183394,-2.0816837041890657,-2.14094591143468,-2.5396333060184584,-1.053811223411384,-0.7665673192994027,-2.358210966689456,0.5903708527772892,1.463637388834624,-0.6718887678864064,-0.8258550205896079,1.0092791771688048,-2.08132444111024
SYN3_0234,-0.5507115470050005,-1.70750993911945,-0.9846449959839016,-0.6266134299600674,-0.4591281863218781,2.861815749396421,2.3006494770778776,0.4055085499357359,-0.586596789418588,-0.6793386874250789,1.1979331448798918,0.1385530078748251,-0.7936781547672129,0.065915832603443,0.6419992969598425,-1.3026754645274596,0.3387773997587913,0.4628650025346862,0.0458037097789879,-0.9056854389837352,0.1230906272583796,0.2505805589514151,0.900087610324826,0.0633240742531298,0.7995159743199748,-1.0638774520998595,-1.9862218212224685,-3.156226882329662,-2.094822138522164,-1.5069225457094562,-2.1430287853855017,-2.3678910730420166,0.1025864755153013,-0.5228347920844261,-0.903675959744182
SYN3_0235,-1.1310996379547045,-0.4226153824069984,1.6125096464993791,1.383584438867773,0.2449604239800848,0.8022506207940993,-1.6942480933744144,-2.4661752341451844,-2.082283748828988,0.1760018774712813,1.8089173414696136,0.0072806995966189,0.3598601882750185,0.909154661785328,-0.5873674356774825,-0.0796736782709857,1.140434349515677,0.4434469873543565,0.5429027490966206,-2.414078091286151,-0.8594872909417376,1.1226490113064893,-0.0038327850122015,0.675877374002779,-1.203246239577632,0.291613297548479,1.5788473331001132,-0.0808972427154773,0.3445143751122614,-1.001762695729067,-0.7136881153072164,0.7835327917498562,1.2453899688285996,1.6002242095083234,0.0947996983704803
SYN3_0236,0.686007171920317,-0.98850937914512,0.2659210989315342,-0.2773613244285616,-1.1740002310484692,0.1529054155739961,-0.862096532222851,0.1577540671622427,0.3827167853646161,0.5062307270748738,-0.8009170971982473,0.6701529166662289,0.1031402102063723,-0.3364546073609148,0.1503471218299683,-0.1252726397855681,-1.5145094822459475,0.1481618416439673,-0.4737330614781663,-0.3249607349727859,0.5300140292696865,1.063775638274201,-1.1676734363306291,0.6342134550846613,0.5316471616859565,1.6111605084394849,-0.5148966080132203,-0.4874861855267889,-0.1654493077051227,-0.7634942505184548,-1.2396028634489749,-0.6322822429138493,0.683296186459858,0.1392060544076192,0.8425306508413821
SYN3_0237,1.3383485585634436,1.5734153501349948,0.1007329326664873,1.074801356179946,0.1297414370197144,-0.1139809372876539,-0.0069651165338619,-0.4226995481144508,1.093327805888513,1.5517659510771769,1.9422329621650567,1.2083723547936815,0.1192332739516618,-1.101408522103177,-0.97768936745064,-0.5998184664350629,1.405616063390425,1.3774368857033503,1.0698568781774138,-0.5084723163455347,2.043663615762816,0.6387502752985357,-0.1675144711111875,-1.4416611697457402,1.0272170832850818,1.8359691832407976,0.826571626313594,0.2642138460369481,-0.64519808015308,0.6718930360611439,0.2056524822451535,-0.406543554101855,0.7775134956360277,0.5770865781491087,-0.0173893218587306
SYN3_0238,-2.224110216932325,-0.6629456491936678,-0.2006199043958644,-1.5098114252690409,0.2960244898512583,-1.8901742550241232,0.1484606957823675,-1.214848362568242,-0.025742979709737,1.4834605806741965,2.154943521538444,0.635602439162247,-0.1695004302207676,0.3538731425797347,-0.2898152005777092,-0.6644657517328907,0.7933007167176299,-1.630934339818017,-2.513572876328482,-3.2611094842238524,0.7946147576840732,-0.0071590611150336,-0.6110042826005352,0.0492778941432824,0.5824986287987863,0.7564188967552687,0.2279251041241426,-0.0591914114783675,-0.9864183299203084,0.1871595436864042,0.2147275616286251,-0.6938181691004759,0.4282602772566757,-0.4828062367012809,-0.0407799963271998
SYN3_0239,-0.3661985745975097,0.3869588462575536,-0.0404806442948635,-0.732862779650413,-1.55203371021146,-1.1873667208491616,0.8315571639715112,-0.1697123785170779,0.1776895385884432,0.4038209569550084,0.4953693221357489,0.6362811114804483,0.6306793590701765,2.641237640489529,1.8805480324535035,1.4869286155019013,0.728410098937978,0.1597204003179279,-0.917638404184946,0.6961129223989102,-1.1750622682050595,-0.5839429247562641,0.17013844504682,0.4663134471165992,0.6827477145415626,1.0155164064155984,1.4375523974754825,0.6592079250322612,-0.2883747137646045,-0.7785377054588768,-0.2360871432048276,-0.8599489459738239,-1.091371484586252,-0.3183427297234741,-0.0928452833152367
SYN3_0240,0.1358061523674453,0.6770639903236264,0.3709308608723305,0.3425886974251853,0.4038266806811484,1.011036719070275,-0.0724644844358625,0.2723762704648074,-1.5715569860902443,-0.8157973557275889,-0.6314049583287004,0.3997663299484951,0.581946012387304,-0.2885526202389443,-1.8074706471616888,-1.0764554288803514,0.5476439659844096,0.023623159310675,-0.5399252264595595,0.8074061888272978,-1.4395980433763085,-1.0209339648510292,-2.6400478140583643,-1.8049311894053688,-0.6962691942379786,-0.0390620884379195,0.4709412082952807,0.91578065282128,-0.556662983821368,-0.4558307441590704,-2.7934082150061603,-1.541790762653068,-0.2492824861825064,-0.3839245169497225,-1.1872351957556602
SYN3_0241,-0.4448350609415842,-0.7648178563532597,-0.952278044764502,-0.6251755074781564,-0.9035364437229076,-0.7323658140795023,-1.3057208208738575,1.971804023529795,0.7195306779392884,1.950271030879484,-0.3153543971510065,0.7447405578817085,-0.5009602529930949,0.0181419513416581,0.6226876511000784,-0.620340989966056,1.0661418522312125,0.5625315054654912,-0.304474508109905,1.028690300537293,0.3696769219719671,0.2419800708538738,-0.6427435669823088,-0.4133554665519136,0.2648660809051373,-1.598737249371087,-0.7686214536041638,1.4998491011075787,-0.1402703919157355,-2.0021024396597777,-1.3856242127504037,-2.2924125909332727,-0.7171588251590642,0.1388326270396745,0.8115750871067051
SYN3_0242,0.8538571001038818,0.7761441037417285,1.3233780868100635,1.239676146560872,-0.6090338236860335,-0.7900700132901624,-0.7723849357458868,1.7041635175002057,1.332119071715408,-0.0699203178474733,0.4132176229339216,0.5439698907195709,-0.9020454002372283,-0.1849700297964247,1.1002478843337182,-0.1324497307687354,-2.040067966936357,-2.5104604131076043,-0.8764521447558592,0.4229103773946575,0.7903780493309622,0.2159339688471214,0.9967378652052564,0.8797628409889577,0.5027227801065705,-1.722719699479938,-0.5120998400440955,-0.1732327069650963,0.3099219609889573,0.2284217524837919,0.0243853977434681,-1.0439870262174589,-1.0065101687388671,-0.3310318602433698,0.0612362985885764
SYN3_0243,0.6607263939658718,-0.9608628658212428,-0.1104966618441369,-0.2997146857667921,-1.4508291131404458,-0.7373235227664078,-1.1731621469680844,0.2282334082992689,1.5476966187580383,0.6195005121829295,1.3097985850674492,0.4752465914570441,-0.3229169148563358,-0.6312108454566296,0.6557039627996142,-0.9330741094517822,0.4939732768559364,1.3712107362112922,0.7866161031331761,0.5884395705255687,-1.3509687394299528,-1.6631383326145164,0.4037852207512778,-0.261851547513985,-0.4699401885638979,-0.6247538111354947,-0.3846271845207319,-0.0018240804892463,-1.606182146440556,-1.021407941298377,-0.7703002381987372,-0.7901924102739486,-1.6384802428018723,-1.4945942546129427,-1.2925462615382972
SYN3_0244,-1.294825075645658,0.8100807791789857,0.2685537680318945,-0.6065142198636059,-1.3029774056033312,0.1140326417651582,0.7643263794082805,1.915782486195241,-0.7352457764075845,0.6250825135189157,-1.2215279853173322,-1.8052854663269151,1.0124444003999988,0.0104976217764058,-1.996597171075413,0.4370368684147271,0.4361630162566414,-1.612637262257676,0.5922192901297443,-0.2039423793694757,1.6337296722838028,2.206354924704172,-0.0695516135303027,0.3948994760538852,0.8446880511541125,0.7194457020794707,-0.4009876874095379,0.9151712119540008,-0.7217310380949632,0.6427215990416102,1.149759629153643,-2.130091751865253,-1.443934315556553,-0.6810866947478745,0.653671935291877
SYN3_0245,0.233597868320159,-1.0499374882367625,0.5956203447091241,-0.0896285735169028,0.6398855117887856,0.5384087079615631,0.1443333075182164,-0.7324038084905278,-0.2960826455830329,-1.2159760026201825,1.3457512754490537,1.306084304974804,0.302475886681477,-0.7848156661613754,-1.40934653248886,-0.5556025741068732,-2.5896892691234217,-0.5753427253190958,0.5571941931474496,1.627122900855136,2.5867266292976896,0.9769657123606902,0.9117038821366024,-0.4080736494246281,-0.6497298352799012,-0.6711956282959242,-0.3210034777520463,1.157408077944965,0.8008590072336518,-0.2224755094105827,-1.3528311033529068,-0.1729904140716873,-1.9791991288945168,1.4318487332241552,1.1651109801809518
SYN3_0246,-1.2317424580730163,-1.6149537854195672,-2.025213475423098,-1.6274164654239245,-0.9333771392629444,-2.0084113771891734,-0.3231675635360812,1.1857202434814398,0.27795783618962,-0.9564047482587704,-1.5389675543587054,-0.6743606507833927,-0.2388226983317654,0.7304677785687061,-0.0366512816477407,-0.0978484635827725,1.355700343793962,-0.1651110428780123,-0.7160033345450659,-0.2816175608135019,0.0111336026125434,0.8668101029843286,-0.7527029743736272,-0.4042294474863265,1.197129335715561,2.66537123494906,0.7712440421383303,1.6111773931823956,0.4976838780606679,-1.443037000803135,-0.8949767608305359,2.1252604269782087,-0.6210049432685664,-0.0679568184512059,-1.6648660222104128
SYN3_0247,0.5422724227281603,0.8058181502788824,-1.9057274985845327,-0.550548934526586,-0.6432685880966194,-0.2931470431123147,-0.2019738080109179,1.1387546904370858,0.0864444176184574,-0.3551022092838285,1.5373736283950432,-0.3228840818557498,-0.2673736533933354,-0.0540960163802363,0.3911459873536338,-0.2379698078050294,1.5377743161401314,0.4402701369656411,1.835992747443412,2.274923506847569,0.6150924467589669,0.0456755960819171,1.68632336703561,0.5644600037047707,-0.2536437742812935,-0.0473972103969679,1.0562326650406928,-0.3831348427900296,-1.0674218175471917,0.1264173638531899,0.8794458479755173,1.1418658051489858,1.4403700956498708,1.2412832145329569,-1.1519470953332007
SYN3_0248,-0.1387534126054986,-0.9141332930845292,-0.2069778613666424,0.3182663484023805,0.3917189734366197,-1.185728218053634,-0.1706212593920156,-0.7400748108784334,-0.7791927109124082,-0.5152896764350511,-1.5924140866629457,0.3143480125089558,-0.442457044948132,-0.3005916184027549,-0.8336663178775671,-0.2801312062968187,-0.7385940876338265,-0.3649229190775885,0.9646450646940872,-0.1832836679000981,-1.7381569697434662,-0.7775028116997724,0.1023130266463843,0.1442875762498997,-0.1057636189086028,0.4923609535531421,1.2405008050024935,-1.5772995125132463,-0.361250068009857,0.4332466915608606,1.7033519750664274,-0.0458076588700066,1.1415319831242985,1.4972024532899844,0.759484281826532
SYN3_0249,-0.0132640014926379,-0.3749465017776142,-1.1199570032682988,-1.2271044223282186,0.0337417444495054,0.1678558232237108,0.3011158724684059,1.105989581958427,-0.2726233920356538,-0.2804939461384326,-1.0335930447219377,0.2784411059406937,0.6457302857316329,-0.7170160945990033,0.0215295551802466,-0.2601912599923623,0.0247126141155408,1.0891857813562384,-0.5312587740043923,0.541613322942734,-2.026498497734366,-1.1589560864596211,-0.0475677164031285,-1.1476719280065386,1.6137466750231075,1.4300713012830588,-0.1288415830377061,-1.417464198372762,0.005162808338735,0.7537171535075446,-0.3041840977601844,0.0833156682916109,-0.1660408782349875,-0.9924755399133708,-0.4659809877136354
SYN3_0250,0.1446363565628921,-1.268299423473542,-0.3020012481227395,2.2436909544381014,1.2423571268972533,-2.8832897538382287,-0.3794692680457584,0.0092617349527945,0.1964146687739162,-0.5224114891245768,0.078025919237589,0.1759041512702286,0.7149576594811466,1.1160481681897718,2.0304065764520978,0.9692115865647368,-0.7124308323152587,-1.0605171472356951,-0.607585246671315,-0.8014703258750183,-0.961519704149957,-1.4400781057198828,1.3757251450222627,0.9021547066161972,1.319723940724938,1.1207857251041125,0.3142222667511208,-0.7768618697240051,-0.7856870925180321,1.817582519735298,0.1908731194169412,1.7179787042753991,0.4020058620100264,0.2057573795554378,1.0654635148290603
SYN3_0251,0.6067410620655611,-1.4641596377179622,0.3513403559876238,-0.9334574491183376,-0.0162954895768509,1.7296303983962638,-0.5950188012018967,-0.2933444919147673,0.6484411215634936,-0.5325912284906162,0.6200495278095294,-0.1518294231100553,0.1965867294886153,0.1375314646674469,0.0260010055710196,-0.0297861603808428,-1.246221354291564,-1.9964639558105817,-0.599736088982463,-0.1795845832621073,0.7206143843691815,-1.3743177411181031,-0.4301624348766503,-0.826760623898966,0.0601420202602856,-0.5280127615380039,0.2683640355729905,1.4625040026238991,0.9937633410456832,-0.5561598554779128,-0.712808969876252,-0.1176165554660352,-0.5452322046846824,0.2441138052958169,0.9099998346762512
SYN3_0252,0.540315012011521,0.0630615025468497,-0.490908674123197,-0.0829980881911813,0.5049064441716482,0.7649720536218534,-1.2398460123608623,0.1164459969525648,2.116228844216213,1.5399560053744683,1.285711840748778,-1.99853691941128,0.2028924851370283,-0.70165430344946,0.0070733892044373,-2.635215461855664,-0.536088645282547,-1.2304313068915598,-1.7948140857811743,0.510526493794551,1.2873359615022884,0.392102230398596,-0.9194910263803486,-0.1534690243236892,2.474435630398086,0.4362249517776804,-0.0974656466820393,-0.2592563810979002,0.0831500379947232,0.4927104196809639,1.1177947111783193,0.2193882062408083,-0.5909221254007363,1.423276474852237,0.2341449747864361
SYN3_0253,0.6130076844429533,-0.4480591893452352,0.5783362674449902,-0.4219252256333305,-0.0980517988750707,-0.110035454377829,-0.3718080461918436,0.4664021903334042,-0.1607236764183031,-0.4752868121386809,-1.298648720289956,1.1900571464602363,0.1595834228169246,-0.774625094870351,1.5159319753178873,-0.0317320211732692,0.5320125500174934,0.1155858560444573,0.9518413735574508,1.0987069036348722,0.6150794779302016,-0.620532679063191,-0.5300019974968745,-0.6366229976232919,0.5066730169769132,-0.0880755181681774,1.6520166664606606,1.5883124833786475,0.0439460762955738,0.9033689260290636,0.1165854332742094,1.4285774095755157,1.4607027423840464,2.440743917126945,1.3893005345039804
SYN3_0254,-1.7256388521146118,-0.8847808785817459,0.1475113720833401,1.7478875398527427,0.163074770753808,-1.158151416912496,-2.758353448226948,-2.32553796955142,-0.3286875069474832,0.1061374359755274,0.6289246836899024,-1.3130827830852865,-1.153660776057058,0.0504833309805781,0.8080541690582367,2.633640868726382,1.782357695734372,0.7285740035839258,0.9336762727445428,-1.0584116749969532,-0.038360937933567,-0.297063531140698,-1.0968587662370155,-0.2819270687029723,-0.7249592052060978,-0.706141850723215,-0.1802785105334301,-2.398589065725119,-1.830624295044462,-0.5288848213001067,-0.2987280614228152,-0.1200657457104061,0.6287608737693612,0.1512939740748621,1.7831914772059176
SYN3_0255,-1.1568771358556689,-1.8326987324999016,-1.0154161542060085,0.1475454247308233,1.3419655199639453,-0.8051915921073567,-0.6277935963323348,0.5839082925417632,1.514670046318878,1.1707887136087,0.1364523384569595,-0.7465402271343251,-1.237742845896628,-0.8885163612183627,-0.713870729959791,0.7520493451681676,-1.5287744492892277,0.5664901844682702,-0.2522738958323918,0.5305481370724127,0.6714387567882627,-0.0270072113010395,-2.4871238025898394,-1.9377156750598044,-0.5905028933956988,-1.7650386167549812,-1.9289018278285923,-1.6020718299439267,-0.4692856086336723,0.5691902665667609,0.4682972815818602,-0.2687736531496336,-2.176739162836547,-0.7448624211656388,1.2262859001166695
SYN3_0256,0.9478687617486624,-0.9376899742381934,0.2155290150159301,-0.1520412884959013,-0.0834436296431279,1.0465795283762198,1.0118999629087198,0.1555586413581467,1.0370665364988454,-1.204496848357027,-0.0755259981672547,-0.0683201751051573,0.9614273161893128,0.7490968496083127,0.6755719991163938,0.0449850291920118,1.019286096474624,0.0413095635262554,-0.6138278279864736,1.2270975473892984,-0.0197580293113831,-0.8252225258126205,-1.1962603595426118,-0.269152562565629,-1.3452278234794968,-0.9069676831961542,-2.168450780426004,-1.5213174496754611,0.2214965108018183,-0.1167488757289807,0.0097757709780516,0.3399817111337326,0.6805524308875716,0.8307602407994913,1.3805615999818628
SYN3_0257,-3.408241581644213,-1.4108159898837913,-1.8903484679917213,-0.0455813742296809,1.308929099813759,-1.410217481180065,0.2411400323095636,-0.4013659232084265,-1.2310670089896438,-1.1694117795563563,-2.923728336037503,-0.5823861614679936,-1.5058520422804529,-0.7749335779678873,-0.5085365298459245,-0.7945189807284296,-0.1514016026506129,-0.3661161979432614,0.3026000180000546,-0.933970482111224,-0.2642940338655879,-0.0143385765873792,-0.8800220833997544,-0.0891977294907085,0.5170137835455314,0.7441274543422579,-0.0483100742085175,0.0108056204828341,-1.4216054102596642,0.6227456029081128,1.131376722002945,0.7732085388886378,0.8228476786968694,1.0583398870718672,0.8863952895176631
SYN3_0258,0.0887289911443999,0.7792285475949443,1.6430311833855518,0.3682962690618983,0.1325060890151379,-0.3327831142333892,-2.016493860542338,-0.6138201885490471,-0.3956741801039767,-0.7664771040865321,0.2147829218661789,-2.2423503253018056,-1.5900946525223831,-2.303604008418949,-2.349787955264031,-0.3699782001667053,-1.2301637659708804,0.449616666931238,1.867602864383046,1.6406823183988704,2.3088400860816782,-0.0784938320306602,-0.4023671926489845,-0.5690999570978373,-0.957382403515634,-0.5291621966547153,0.6492000536053266,0.1641542846508469,0.0940888061569999,-1.262231183499856,-1.5140298414076498,-0.8955729439703318,-1.0845530448592258,-1.1798024908012703,1.3419832498511568
SYN3_0259,-1.675297194422415,0.9813513017140636,-0.4549173735756674,0.0416687141387552,0.6697981095896212,-1.9245341132721527,-0.9598299909701644,-1.7189287490742318,-1.1772909425502915,0.0759898953016371,0.5528249936928777,-1.078164664294751,-0.1651699772107947,0.4060607103098811,0.3207735963875597,0.3040539959587676,-0.3545683164850005,0.0693483767953191,-1.4425032626227587,-1.1056792576990802,1.6431355891323156,-1.1084109141642988,-1.4055074658236428,-1.127598858513699,-0.1929409708822224,0.1932006414473342,1.8063179880348383,0.6719190740455215,1.0299466188217958,-0.216181332502268,-0.43271468484218,-0.9626498040369484,-1.07810446483098,-1.2958461923375018,-1.3844700001203396
SYN3_0260,-1.493531366615142,1.031386617472786,0.2528991941050239,-0.1157975987111089,1.2092159366955482,-2.3426163420712944,-1.196661217216402,-1.9089199873585665,1.0413718372754202,-0.2722742742055148,-0.3193279271495433,0.9268147071466454,1.1235580745859586,1.0963072997928205,1.0157430253137234,0.4799310023845219,-0.8449694919682897,0.1407045639665007,0.6408849350084881,0.0661306268101402,0.1716877219351004,0.6926353471100812,0.7899710293403641,-1.650419853444411,-0.5607942168127623,-0.6151945276937154,-0.8670663932324335,-0.2585437446723738,-1.1428757101649711,-0.7797294133920036,-0.0949395355085554,-0.5153885508869669,-0.8675363070417035,0.2803554624197183,-1.4451612585370426
SYN3_0261,-0.7955569435547275,1.2640643947260264,-0.4157120817909737,0.8616644771867512,0.0995410775192964,-0.0877889568252762,-0.339133324059918,0.547256117496969,1.2659568742954614,-1.7879062973660715,-1.09143423937421,0.6492029191098541,-1.0578122416844014,-1.391196721327406,-0.7448164363426519,-1.072092952242959,-0.2782283355253849,0.67413063787253,-0.3165443127655069,0.1184279089290596,-0.1748143423194308,1.0477393924888083,0.200517548791829,-0.1058587080281034,0.1798838980888364,-0.8237003529490524,0.2735421394405058,0.9246717473112978,0.5072424481563903,-1.1881549956759758,-0.6467450494835523,-0.5854390396020196,-1.264957523389155,-0.2169695264228321,-1.6521827685415142
SYN3_0262,-1.88283307270638,0.1842223279093602,0.3756861224998971,-1.300988638356996,-1.0225739806330445,-1.4642249707729909,-1.5085876982265518,-1.0206276109396102,-1.5168001333662289,-1.7081002064594737,-0.370117818830213,0.7537861132326102,1.8592338557542736,1.1877716542616412,-0.5904538040164693,0.8044996372180591,0.1851515717812338,0.0007352393471512,0.3995443307301745,0.0914568905399883,-0.6649375780309801,-0.3462036404213921,-0.4154308518711548,1.2438102396813804,-0.192878638763375,0.4030672766644688,2.215769061395747,2.667330602096581,1.1268426605560415,0.4013767364496404,1.0373684009897894,0.440684890087508,0.3617518388292393,0.67349603085278,0.8056007669234913
SYN3_0263,-0.1572440985121683,-1.0375624419423155,-0.392655137483834,0.5544408245411485,-0.4879903685809111,-1.511199926299125,1.326489865731182,2.8054029450205284,-1.0445578488302532,-0.647007963184269,0.5933577334359816,-1.7877404776906514,-1.231762732070447,1.2224116574636708,-0.981344723715905,-1.056535515640614,-0.7468232434863875,-1.299077061998389,-1.5044548120160948,-0.0551909389165845,0.6630998250084927,-0.7492228657594342,-1.772659782002107,0.2703202293290919,-1.2428205766708438,-0.6828443658512482,-0.220286409757823,1.01771193776748,0.3770662355155431,1.1682761238918606,-0.3935279317033587,-0.6559353734013149,-0.2959349416651888,1.4187457698859325,1.4378542221512898
SYN3_0264,0.7653506727813976,-1.2315617557782568,-0.5795141619132766,0.895919536233174,-0.1467539947121991,0.560694845623519,0.4378933492553521,-0.6006712400774851,-0.0978883351277416,0.6758218191372724,0.8296597688072058,0.670610472586897,0.0487342532197292,0.0756809433182825,0.0928123785164972,-0.2164962348930516,1.2066026755791763,1.8422797884013111,-0.0837666955793904,0.0796847221187882,-0.9699458402861376,-1.677153578110054,-0.2597418725360261,-0.590705045592054,-0.1876162136047941,-0.207577949380547,0.9473960969956224,1.2972763829606575,0.0995978234902718,-0.6021435104358391,-0.0257007338946082,-0.1423177112556753,-0.205533698218931,1.296649206196124,0.5713361918247324
SYN3_0265,-2.609222665011968,0.7951558560922682,-0.7319496520627459,-0.4276209404702558,-0.9054149358445494,-1.5774417634279132,-2.3416335656599743,-0.9509694890521216,0.8908582988955422,-0.3612684443783465,-2.038357236438231,-1.9428524285474464,-1.4190248553361775,-3.026480031214128,-3.4651949562193134,-1.1829712504875742,0.2666978716124473,-1.338625289038846,-0.965858544396348,-0.8148473000365073,1.5595185931447069,-0.8276303320374451,0.567668166923931,0.4756342475658541,1.7104224152457104,-0.2745190514171161,-1.2741133271415208,0.0450338901025646,-0.7597201148049846,-0.9381055553742168,0.2497687353264726,-0.751254079324001,-0.0750944748814493,0.7803102933689048,1.1424412588128752
SYN3_0266,0.2699535064659312,-0.6414393278021586,-0.873466253950727,-0.8809910538126301,0.5075571213609464,1.5552608131419443,0.6188785317774932,0.9624058930715866,2.539576645208622,-0.2572461687647972,0.4731944647197068,1.560099949955825,0.210957923647177,-1.8254626198161623,-1.6209564427489414,-0.4500749393090777,-0.4163322808231042,1.0005896982412308,0.8452125083023114,0.0494378616956828,0.4818601574575583,0.9150537874287776,-0.000920494529251,0.4477997112734713,-1.4049978506521308,0.2110591047953018,0.3853923781503212,-1.0595109101578002,1.5712531623553734,1.287098256172842,1.0519387467926988,-1.2321695559306034,-1.0148844539736706,-0.1924239827211265,0.0090133819756702
SYN3_0267,0.8166093769640285,-1.3654591329667392,0.3338032323543526,0.0567699834697281,-0.1477810539531862,1.2926115328612175,1.3367307783070868,-0.3220177251475464,0.1168083733172969,-0.5679676071167293,2.563607295086729,0.8128963811148949,-0.665113751266973,0.4571033351073099,-0.1934212994018702,0.1175003827133622,-0.6879498839340177,0.7042065308546928,-0.70392792676108,-1.1914969679922254,0.5827731914262395,1.1779602395725757,1.1049683358982485,-0.3277383510018393,0.1140915362271967,-1.6827770470850625,-1.4456677957600697,-1.2998787407323809,0.0600072920490468,-1.1794661023077193,-0.317764095432104,0.2951793502908926,-1.17308559266957,0.2240471181748585,0.4650473601486762
SYN3_0268,-0.0029022135586666,0.5538137188590311,0.5823478223992364,1.151034602310303,0.7088659209551841,-0.65676604538784,-0.3725361131785762,-0.7694682920826328,-0.920770500460165,-0.8615142056811621,-0.3754734329332849,0.7956818976513438,1.3020598282779554,0.755661914774779,-0.4338122118649145,-0.0374281087264625,1.1842616730083142,1.5004932689597907,0.8279084744082356,-0.8593534131379745,-1.548021837093834,0.0802347043574144,0.4293677959449725,2.482435340617514,0.742995692344672,-0.1616600319404533,-1.222121505677722,-0.7604081645465781,-0.6397113865720786,0.345888737882404,0.7612954339180218,1.3796510496369905,0.7904559221638614,0.6676223112051882,-0.877558385262
SYN3_0269,-0.6484173947428352,1.161993861683318,-0.5949368897810026,0.3031482926117297,1.1134322764641975,-0.8234338092977197,0.4880875720137667,-1.1696734783977607,-0.8608373172131707,-0.6907712183560994,0.786106652870306,1.4146722783488077,1.8262049995959877,-0.5461291215318136,0.0448283199185942,-1.4549392828946095,-0.2564981657739696,-1.184336921523385,0.127577561968628,-0.2020517483870871,0.5329738969105687,-0.6534411018513252,-0.6416326028151267,-0.9776501083987656,-0.977550771798106,0.6583054039636987,1.387906200817137,1.4654276700151192,-0.7196413643343016,-0.0028777350602926,-0.0546433918914379,0.0914474776093526,-0.835568406256498,-0.942957369239381,-0.8993767970409173
SYN3_0270,1.183343979920586,2.2084533334430287,0.1684918930158425,-1.1953906026063887,-0.9731937822053944,-0.6931710074890141,0.2965966042015318,0.2755313976968794,0.4101482022318699,1.111172833763341,0.9130802138364604,0.1336487792120662,-1.1887038766103823,-1.0709942131698824,-1.3322124547414531,-0.4580582400832842,0.1963764721273508,-1.2339696107634268,0.1906649302401178,-0.1627218866667187,-0.5997483250602452,0.0486051324113984,0.2713609183881165,0.1457252092327459,0.5301546059601874,0.2115961520623328,1.3351526985792936,1.013728826483479,0.9737647367199996,0.3434916082478408,1.3845117990577644,1.210919637727906,-1.042375311263582,-0.8599178101366235,1.5899918432224405
SYN3_0271,0.3018360755440757,1.0862578478309286,1.9719645429379784,2.4288034070922317,1.5946095118165653,0.7714652801980888,0.1931111211410584,0.3449426481910723,0.8312109031024995,0.8499296117086136,-1.622758802136149,0.3504765015778334,-0.5485166138132902,0.2386676359726779,0.5329043718313858,0.4652104653583176,-0.5587994725129644,-1.9285483469462343,-1.989244411640977,-0.7376165043726232,-0.8908497531751896,-0.7129532938859977,-0.7875361924675557,-0.434018582958037,0.5312917126431098,0.1946094478098113,0.5936629070644808,-0.4113678508549203,-1.1683801899522643,0.0300826203062474,1.27722535376452,1.6423518943717326,1.2120503449434552,0.5643271762977092,0.4136975763662521
SYN3_0272,-0.1489146678194287,-1.3051495164659956,-0.619631388853436,0.2228843677626636,0.6461520388139224,-1.3888867171100303,-1.3861397281907288,1.227721506011184,0.1342809213191363,0.0870249798161211,0.0905709296098691,-0.3189522630928152,-0.7835187125018773,-0.5167157640497537,-0.0600074028775684,-0.8846608415766501,-0.580353050134027,-0.0882812021301851,0.6649664841421353,1.6660856181016184,0.4280740672852851,1.0316752535174805,-0.9389986340819028,1.7263472520667886,2.3205308512274865,1.5482041882665467,0.0729340244168697,0.980022908346974,1.8093911316968725,0.221767168410103,0.4907613372844753,1.1995154846527532,1.7223264202119075,0.3449612758662098,0.6976355271096962
SYN3_0273,0.8630495486354366,1.0755582547515008,-0.4506276756096286,-0.5141442267004094,-0.0448754764815058,1.949762480242,1.4372610978240772,0.8646472826382563,-1.2890959908431,-0.7242126148821367,0.5298987609183092,0.2111435119574106,0.1638619228965682,-0.4107586290785096,-0.8593251290288805,-1.7814284473555153,-3.175358435066056,-1.1334251860751188,-0.207053232849208,-0.7965266343430023,0.644354395687458,1.4172522895218658,0.577985113020812,0.1140871553323531,-0.5867328416498772,0.3925010905294107,-0.4412226220310417,0.309931910369375,0.0172147339413045,1.36013081941097,1.2359145725918703,-0.4251465194476327,0.7358042104053252,-0.3024308316137814,-0.5199009065411541
SYN3_0274,-0.912806432306306,0.5179277672814492,0.7489835724405463,-2.529666294222162,-0.8736811009937775,-0.2439926422157745,1.2427431622072935,0.216582927864386,2.7359410219940847,1.2527901602699996,2.464177010401251,0.1073574443996087,-0.1368848911940652,-2.1449038959097835,-1.2426144416428533,-2.344879144862131,-0.648280588781097,1.4802317153978315,-0.114993724967134,-1.3625359018156913,-1.3247530994596517,-1.3210530770292064,0.3116127612212308,-0.0440207784061332,0.223592469110557,-1.2556748419232382,-0.9605712692637908,-0.0483482460675877,0.0277335861282694,-0.6032173913128542,-1.2536665963723177,0.9669815367944208,-0.6242770249454779,0.2355170442958085,0.0568788801894465
SYN3_0275,-1.5792766234073632,-0.7257897952346696,-0.3802601902407397,-0.848248205644308,-0.92149735943772,-0.3889980798047356,0.598211066598142,-1.2389601406261836,1.388949883954799,-0.3022250682393343,-1.7343576052007184,-1.147322647715107,1.3295435948553245,1.4111236718552422,1.6499077369206725,0.2822754340597485,1.6124241663016945,-0.4052961745003743,-0.2596390111013001,-0.0143643771605542,-1.0071824559390905,-0.8402324940241989,0.0110311237424291,0.5485627884536729,-1.310192892214224,-1.7629469519176575,-0.3982256255439756,0.3713775133401603,0.3487207580464179,1.1159018489360828,-0.1515410603721654,0.1407969290951537,-0.0720657941770031,-1.276993779428756,-0.1066307945449464
SYN3_0276,0.8649959017435741,0.0761103726917522,0.688893693866109,0.2129939019492803,-0.3241514317001632,-1.244180298766541,1.5135080720642908,0.1110795529590938,0.6995588128952934,0.557518167457057,-0.24297803483142,-0.9208943975228912,0.5703568083205925,1.4649969161719418,-1.1516309450379514,-0.716591862742424,-0.1021453344026835,-0.2300948546496439,0.4151015105538262,1.1174355536157652,1.268633494760401,-1.2092845795512284,0.0186974698319259,0.8908108827090985,-0.2362846053141466,1.054773972853122,1.288036282961376,1.200116668457967,0.0396221455157205,0.3630405066808609,-0.8899542843733208,-0.8339848777281661,-0.3568809700739297,-0.8683446415222432,-1.306829233437136
SYN3_0277,0.9497516363584474,-1.6769281836086571,0.3125494877626614,0.1649316295524457,-0.0843994467766496,-0.5824463258676786,-0.2249099769199463,-0.2938977310374668,0.0260861563354265,0.516968886847401,-0.4236077454088836,-1.2880463950056908,0.2102505285001687,0.2697356201650058,-0.1094411531384786,-1.67004189529963,-0.631884680771213,1.6345398231799135,-0.779881803556422,-0.7864877643023039,-1.0983637316773205,0.0374225297418663,1.852928358883844,0.1472889455160552,0.1602585130932245,0.2891127007207973,-0.1308046641666971,0.750776052653461,0.1120418606124455,2.007036550978893,2.026538778312616,0.3661584309078746,1.035782074864139,-0.0634016449432199,0.6800171994795609
SYN3_0278,0.2336235761923656,0.1563390606867948,-0.3038836766919952,-2.083016280936131,-1.2047875753124422,-0.1552412201056384,0.2583184098693292,-1.1262941573800895,-0.9668541972681776,-0.6460596133437738,1.3719021928278663,-0.8750413385831641,-1.533727294397622,-1.7464576100660518,-1.2854169426194213,-1.229667003760828,1.7887755822133875,2.0696249610336124,1.6253842922899784,1.5158446475189715,0.6973571651988427,0.0905305054853028,-0.4730912750223323,-2.001093268632293,-0.3224605833901084,-0.5806786902536065,-0.1453459502830214,0.7328911789870455,0.5603107732225179,0.944791287993951,-1.4613385512381265,-0.1172648596818193,-0.2633610396514435,0.1147147495260119,-1.057596261596557
SYN3_0279,0.4609963396369226,0.9659211685681872,0.8594461183264127,0.4855724682149411,0.5185720300401835,1.4121622828777558,0.1705353119278582,-0.8536036047495535,-0.4500406854529735,2.164085951732172,2.4169489000501296,0.8444916050453937,1.5240508301047304,-0.2538419998060424,0.3250950004019121,0.0310716926940768,-0.041964672162707,0.7052847205448188,0.5485850594720236,1.5182751150512812,1.0998859364038098,-0.8390886326094676,-1.232355010854863,0.3938893049393878,-0.138610670129092,-0.111064597611828,-0.5291591240294414,-0.7672108511638273,-0.9194235910528744,-1.5405495609734852,-2.1384211087788345,-0.7454192510797573,-1.0837217498411038,0.8136643596789783,0.4158614669447933
SYN3_0280,-1.4835760128052624,1.440967842684861,0.1624567441049519,0.2150094711276025,0.8728238805982279,0.528728122643131,1.238703240488242,0.4102613310645953,-1.1393096744387623,-1.6270582756184404,-1.367325922995228,-1.2253859545045476,-1.9356751931553344,0.9624728501140009,1.0119259308426922,-0.0752159331141708,-0.8030474185856535,-0.8711505462557145,0.695536735858415,0.1277969468847038,-1.0303787952486103,-0.7700255238849374,1.4879722716793695,0.3712525978286638,-1.708135227468197,-1.127821625466897,0.2456449758057297,1.3625377665231455,1.039139618490352,0.0405011036488391,-1.1584482146974826,0.85064904853519,0.6284081801398284,0.1540539627911375,-0.7474840443663481
SYN3_0281,0.6865644930250007,0.0905181304572746,-0.0851422132939145,1.6010782444719849,-0.5884895082643016,2.548453598073918,0.7438284554180455,0.9083960245763004,1.1495093390981137,-0.1461830471649271,0.1666916748935784,-0.8569736022247828,0.9690862885640356,-0.7046103154098636,-0.3557163406048229,-0.1350285978075352,1.7869273026932206,2.0614263924162555,-0.3461769798903062,-1.2558362422726026,-0.1800607497715196,-0.8872982109026609,-1.4950421203726647,0.6001630542206576,-1.529854161172422,0.2126439290343893,0.144527315703131,-0.9401818485157138,-1.710329410499848,-1.5333932746864114,-0.5953249600008077,-0.3285957123847707,-2.0068486135926435,-1.901976457047548,-0.4751864838122365
SYN3_0282,0.8042352970286303,0.6529070966671888,1.808170973676092,1.1940067658685494,0.7315017952014058,-0.5481993457083926,0.6302079460778913,1.5370315563670784,0.5372657030150177,0.7868700112977801,-0.4869519164188794,0.1813226532027057,0.4368020538660225,-0.5796315996429462,1.7983758936071648,0.6452721791815306,-1.0464900353867237,-0.0151059498937704,-0.4806191198136918,-0.9230954595708732,-1.004999780678376,-0.0815444240363232,-1.4712676782925165,0.6009451405937324,-0.2949311431363116,-0.3478823803806385,0.7604472273180687,1.2106634067338873,1.5437278946358788,0.7810515540698488,-0.5012913805182825,-0.9525248551023664,0.5408694419914134,0.0756270716560978,-0.3172634752945872
SYN3_0283,-0.7105326032405933,-0.1209421728546498,2.527315013899244,-0.5859716648408748,-2.7405277209221834,-2.005914358032442,-0.6357951630823069,0.3051462100073011,0.5783460545788155,-0.5280868847798433,-0.7069447209506003,-1.1508822171561524,0.1765623723386023,-0.8879232449738252,0.2815250207070469,-1.22936052175948,-0.8856664774453903,-1.7882339128803062,-0.9470396739785024,0.0634308726712587,0.6557907210667995,0.4262452159857452,0.0646746732299915,-0.0883106237954943,0.0677754099152867,0.7757055605431558,0.0195073603822211,-0.9809703564292208,0.5847332379456873,0.9470424353043376,0.4158927766263317,-0.6472356291488853,-1.2373406463442898,-0.8249337223300836,-1.1387957809795477
SYN3_0284,-1.9624360396340323,-2.3272271747752447,-2.5313995055556067,1.5499834839123423,0.3922032263916687,-0.6337584933364186,-0.4370871223883703,-0.4154668226509828,-1.5152179555373262,-0.9271321637148742,0.2847906516808899,-0.8455203222368838,-0.7511389294292351,0.1700843098544663,-1.1469781031215354,-1.0340841293902887,0.42419226254354,-0.5161463590815075,0.6405386387087963,-0.0744498618191799,-1.2092645092720329,0.4308832064947283,-0.0079162664455652,0.8252798262062607,0.4905860761601113,1.7889911189112069,1.9804931179291556,-0.1063889556056535,-0.3528814159453151,-0.4243625694451647,-1.3966250582718962,-0.6924374742577732,-0.681804233044321,-0.4065614055457993,1.7107896196057972
SYN3_0285,0.3148778229859011,-1.0854329959794953,-1.2330799918033266,-0.5705734270450117,0.1163684922800432,-1.4306678068782532,-0.684384244866966,-0.6835668957273554,-0.8752985947629981,-0.2363188539264823,-0.3783314906840836,0.9884548306889352,-0.0137395295379452,-0.2537618805350307,0.2352440943329019,-1.1588274616994183,0.6593486720097587,0.4016192936896778,2.022691917029619,-0.4432671192951755,-0.182538739597589,0.2751414704737144,-2.0813568628591006,-1.2943686572763555,-0.5614454013234474,0.2748912487317712,1.0685957241041646,-1.072942774149335,-0.556885776441475,0.7741189567546581,-1.2747469856231752,-1.0158884650636062,0.3232447823657534,-0.2150820628976117,-0.0879162817558672
SYN3_0286,-0.1072631350074589,0.2894878472166428,-0.3400861417354682,0.029502421211726,-0.5614503526032757,-0.1236748305727278,-0.9555686339762304,-2.586030310262876,0.2355127441061352,-0.7249588252430967,1.2626971077307474,-1.295947133704599,1.1417778013555988,-1.1583637011816237,-3.069436756560639,-2.1205734357649355,-1.8351924014199177,-0.1284793541931494,0.0474106354041598,-1.7096348439236049,-0.5365123486787261,0.0992775595999003,-0.8488284625008727,0.5932582458795699,0.1105555616695475,-0.8432099691940345,1.818032332236032,1.098765637500889,0.8978287207303497,-2.4105255287202234,0.9642465033476452,2.348275613684478,1.8530368579458247,0.1302223006439911,-1.126892663351365
SYN3_0287,0.0280885722059417,0.7135530922661041,-0.1571381325894384,-1.674214944397509,-0.4587715676181119,0.0310481402007147,-0.0077833410581496,0.4631821647952138,-0.6450795949234515,0.3601970775268847,-0.742670788092687,-0.1483032512573535,1.0672551088286322,1.1180650985754288,0.3727483917157764,-0.2373575698864288,-0.2943524713707872,-0.3699111995566342,1.030049069193686,2.158679057719336,0.9960510133666518,-1.0213051162982616,0.8443677111166945,2.643308971969177,2.1827641986997994,1.5804506584204698,0.2052368677882699,-1.024487501308594,-0.0690989680836675,0.368236367577164,0.8133203119180149,0.1612021710103938,-1.1549725996973204,-0.3352210136236005,0.7574117584550356
SYN3_0288,-0.6339717123668648,-1.6673307166000435,0.7988515454163915,-0.1307110218812861,-0.4228701397053584,0.0429027834594559,-1.1183103451929364,1.411192890486123,0.9513674893494446,0.9112765137201808,-0.6604077897513059,-0.3837139353885118,-1.3372497739355091,0.1163552018020126,-1.3139681840997404,-1.191977949467903,-1.2254490805721256,0.9221856260383132,1.1398854052952576,-0.0626127828060306,-0.6520767067119596,1.734420009738553,1.1960596710345262,-0.1243555871803289,-0.9951705411800706,0.1725291965923254,-0.1842051809699913,-1.1024324604512783,-0.2538594482855926,-1.478639224801982,-0.2346905842326061,-0.9828287615164448,0.2860847078257321,2.016807255740705,0.3858004253890048
SYN3_0289,-0.18649066366635,-0.075905693979066,-0.8588924777227492,0.2049707722911951,-0.2842192124034184,0.3876805295110139,-0.7177388830225627,-2.0319234277762708,-0.0263627799627379,-0.1212480813401773,0.8802026005127433,-1.2759154545393856,1.2311178213953544,-0.8987302874859692,-0.3491007488190419,1.348900592107116,1.4922047470670317,0.257272768279303,-0.5785016044449183,0.3427082653643886,0.7149120570175679,0.5796666308839615,-1.4298120835621286,0.3919517944436427,0.0292302732023708,0.499242146028339,-0.5837436510817579,-0.0009937531381389,-0.7644863638651559,-0.7315400292724235,-0.7690855328972644,-1.3983293438227684,-1.2092470689994848,-0.6081402495938926,0.3155403377323595
SYN3_0290,-1.69378446977415,-1.373939735650755,-0.7895099015114967,0.0744835859581477,0.3128826737359284,1.0079283074177237,0.1879309764954002,0.0101914829238413,-1.694369196384992,-1.9188090079281483,-1.8886445626398336,-1.9864428856212533,-0.7838767932947103,0.719379736990865,-1.2956722975232184,0.088756971830214,-1.9255691155512344,-0.8093502322665346,-0.7564483542889218,-0.2568913900301354,-0.5725871768771066,1.1839524982381766,-0.3745839487732493,-1.0735453096846457,-0.1585352661482408,-0.2210297036690203,0.6812559025002529,-1.381315546389092,-1.667373029148403,-0.4021595479175963,-1.204273252428729,0.5758076379283601,-1.4285571808022175,-2.259618749042984,-1.435946584693235
SYN3_0291,0.8347385973577908,0.4423832768685302,0.4595059007766095,1.559724640012147,0.4517467611602815,0.7941596757991691,0.6243230805138936,-0.7635507406560225,0.3509178389979858,-0.2730802790859652,0.7600457607620582,0.2139229915696848,1.09448476915784,-0.1180079443478826,2.0567187486371585,-0.6102422319190209,-1.0808024528414033,0.4981844233868108,0.5324688885604427,0.5334613392130908,0.5302703650999825,-0.4146738695645141,1.6037808963503088,0.572027639939097,1.0452973450848122,0.2603989050196328,1.1939624989256248,0.7197322671018387,-0.3325503819146629,-0.5832408886047684,-0.9716229515705184,1.191978504247914,1.417759766559164,-0.2691741119768208,-1.7627278945734424
SYN3_0292,-0.736232223633767,-0.4849106006125753,-0.7320435425143913,0.2810132636753911,0.6481576339397885,-0.0974666398278745,2.613583523017378,0.9325062981900994,-1.2973764844992512,0.7159862677398847,-0.0694497655259749,-0.6730789998646898,0.6729385433191977,3.0950375482361374,1.44166377543069,1.942258961258148,2.128494754436982,1.613743103511564,2.638316272718974,0.0321955152552813,-0.2717499344462689,-2.347571878544847,-0.9606728880293643,-0.3971010234409492,0.4219693310269194,1.300749902827335,-0.5401724466597138,0.1917980527960063,1.4599294656510795,0.3071588528168087,1.937396626030693,0.8798262105167081,-0.4190931493125778,-2.04277765653895,-0.8662560609568273
SYN3_0293,-0.965343184513268,-1.5762015252287604,-1.032602284350445,0.339127108902569,-1.2915932984235667,-2.323342545830534,-0.811936876591572,-1.170467188660676,0.2444607435992925,0.6428745922951442,-0.063945879001143,-2.324158102657079,-1.7356389000802444,-0.5901050806027024,-0.5123667904875566,-1.8185166787248337,-0.970230395309764,-0.9014859207976614,-0.2956860949542244,-0.569229163399026,0.3301510379893504,0.4909545491490216,-0.3445420398054344,0.8505074007086697,1.1383926282637236,0.2063918588750937,-1.125452545760594,-2.3114661870174067,0.6147738119216792,0.6122802522810037,0.9722570647605452,1.99303311401736,1.161537873298916,1.0707985430248983,1.0612579551897643
SYN3_0294,0.6859550167994951,0.1195621265729393,0.847314148986543,0.1482141526516431,0.1559792629818089,-0.6043502486924446,0.3420436479580755,-0.2331487848711413,-0.8896028282165199,0.1835247983177858,-0.2473430233014309,-0.5593391666927938,0.2604860113055846,0.2224375169041045,-0.030589203234071,0.0436763412304242,1.40990744427651,1.5373552748845294,0.3079589381543495,1.2750963345296065,1.2585005524212405,1.583627672405995,2.343862728216815,1.2008317125302093,-0.2791629407116669,1.5966116754800912,0.7372409073844607,-0.2133198703597359,0.3722049669023669,0.9098919244291462,-0.2028266895413848,0.1574934145901859,-0.4906378878111859,0.1537627630881964,-0.1494037193421405
SYN3_0295,-1.2068561009173442,1.134152589159768,-0.3468625365188473,-1.1626188541072204,-1.2161636671082636,-1.6173419398240754,-1.137693607376088,-0.0178966708650214,-0.7325115210824514,-1.2346029001070091,-0.7273855654355057,-0.3656519467990826,1.130512370802936,-0.2070527854598037,-0.768485161471498,0.9387778142509294,-0.1526552573698361,0.7014279616298464,-0.3579806234114114,-0.5465597037231412,-1.062123152785304,-1.8227626618847963,-0.0160346824184335,1.279323199119476,0.8092181724458674,0.0525642418604715,0.9685859887537126,-0.7311486308280996,0.6764218248214009,0.5812466072010353,-0.206207281595098,-1.1500515250798593,-0.4080532970747764,0.5474936285500225,0.4928360847520834
SYN3_0296,1.0309429250180355,0.8096979869401764,1.344614663659551,1.1919488998066297,-0.5815588987981044,-0.3727082428853596,-0.9009259336165744,-0.5907812154846649,-0.0554815293152266,0.2363777670950026,-0.7106395779894641,-0.8449483429619258,-0.3487632010458162,-0.7979945269140033,-0.7463022127636231,-0.4622295137867558,0.6483820426459642,-1.3007067848809688,0.531420046718592,1.097166447244158,0.1848589607426259,0.1936322772283857,0.0826662001870018,1.1433916490841811,-0.5654640723658988,0.1176674481466441,0.3365462755356085,1.1336977874679055,0.1692408673506684,-1.2090636504907566,-0.6931591298217005,0.067787432074374,0.9960553918676276,0.0320170701555465,0.2989168005851388
SYN3_0297,-0.4986904421612889,1.824899784366386,-0.4237154521887407,-0.851232661645734,-0.9318288247427632,-0.5816084002956623,-1.761674267389852,-0.2368578156588981,0.3427812252771848,0.9001903036362937,-0.0176743910745999,2.321263847849785,2.614256916730847,2.489372697558976,2.2359801426510924,0.7389013480045679,-0.2956155455856664,0.509895690355047,-0.1186813277793989,-1.0213453413407714,0.5481210963983506,-0.4369107192621603,0.3403297245903278,-0.7371779705274137,-1.1975135026556396,-0.9219018899920668,0.098546123456903,1.271181210211396,0.6445147040009125,-0.5728534252518647,-0.4359905116545607,-1.2677441608741529,-0.0564841630968948,0.1275617654298062,0.5761060944440752
SYN3_0298,0.3897096404250516,0.7014185675005462,-0.7160771075819077,-0.7862169501668903,-1.0902222867719784,-0.6518982019761007,0.8269176562467758,0.2634476269949417,0.5385318286953475,0.7261198760114262,0.6167614377042551,2.5788047951242272,2.711680712458472,2.6270763343092707,0.6650652293217789,-0.5587540261706193,0.3268585519794137,-1.59238265513991,-0.0828559600438566,-0.381324541550487,-0.7365612814615422,-2.480547253855414,0.0392148639574665,-1.2100083116170426,-1.4579129515927949,-0.213952183831671,0.8125189389979002,-0.2342827963490538,-0.6423648550692047,-0.659192496708979,-0.3458186434062032,2.107826206470006,0.7414478108498703,1.4794757474463094,-0.6398601986408928
SYN3_0299,-0.2070484037305552,-0.6920849043613209,-1.4881343042905466,0.3927209702176423,0.320341206580567,0.6595078972622064,0.0483648475123669,1.1161685328027129,1.2159264707126842,-0.4191862715753175,1.549267883776538,-0.6626626521689781,1.1531063536978463,1.1913597835139176,0.5428715155042272,0.5632224339954043,1.9767808544763597,2.4431541431628983,1.412072532714725,-0.7233722106389996,-1.0782047337846334,0.427985037402016,-0.1157597887154113,-0.4926690443129284,-0.3109301822121154,-0.322345375262775,1.7574239776492402,0.1918488072472364,0.3743869181204639,1.946658035485754,0.2877065926005238,1.2067576293163875,0.0194738570316258,0.1200072187181576,-0.0770314921888431
SYN3_0300,-0.1380584785003866,0.4875928262737988,0.3069969072796613,-1.7276601401309752,-1.2249215896371834,1.833047115156112,0.3700511699427276,1.9407930384896623,1.3465695262752166,2.38751594125658,1.4850969297515926,0.4199343627491415,-0.3919776893307871,-1.0015658310243185,0.6447589542929136,0.0335836097113304,0.8119270406115708,-0.0973012000105118,0.0148229897875201,1.192153686517383,0.249141011505125,0.1138677240847688,-0.3267044482670466,-0.5176838261495299,-0.4772412796232084,0.4748940674826193,-1.0128311156267222,-0.2801011905501931,-1.989621361115077,-1.3811590372463125,0.3213103181899375,-0.2987040809930533,-0.7534986924069602,-0.9344520434688058,-0.6664111375727305
SYN3_0301,1.041240150631084,-0.7254721725443509,-0.881402200976849,-0.1781201083239569,-0.6724976770200966,1.5015565307389167,0.8755954374520655,-1.1887780958978449,0.2172414530803368,0.4414193555421045,0.3249878336629056,1.1078991230351325,-0.2510168541302114,0.470492100144161,-1.210207253657435,2.217529997222136,1.8047740795010812,1.2844294110073375,0.7859682471226431,1.212857062897913,-0.3319997114610878,-1.2809832461965796,-1.353047756965528,-0.6380559791665814,-0.1110875059701978,-2.536461553812821,-0.775556336676741,-0.3432234190895106,0.0976419330697664,0.9752998887052624,0.0680601098604684,0.7203292445621361,-1.726965535722413,0.3527328289431348,-1.1662481857196008
SYN3_0302,0.4647722435058909,-0.4983473054856558,1.4763302581066913,0.5260829622070883,-0.8404596968666737,-0.0579298569783688,-0.4832138829389245,0.2133761283813412,-1.093986302138252,0.9798051565843072,-0.5784472431982283,1.3168974044727777,1.1368117449965465,0.9707372868648342,-0.1488313668512983,0.159226788264232,0.8849328854049003,-0.6682280464449608,0.458044640454022,1.084465770057127,1.734928221546275,1.4643056025491754,0.7729015759469393,-0.3179057632734349,-0.3450866983062827,-0.580451621586592,0.9240200879711076,0.3072675167377529,-0.3701336219265294,-0.3483115301995212,0.7289337053769291,0.6205822882514181,0.6750238179144437,0.1675596024135104,-0.991894863276696
SYN3_0303,0.558315009188615,-0.64119859753283,0.2783469297591623,0.1948697975177583,1.2593747080497708,-0.661533933938128,0.2135230463999242,-0.9539400223811216,-0.9021689207552764,-0.591408348906263,-0.7560347057232478,-0.7714792299870159,0.3185749520511652,-0.740413385966925,0.0426478504024064,0.7891197159574777,0.8304117724074926,1.3590167337618293,1.3071644465661445,1.080364052211196,0.5725675618311554,0.2442112226717863,1.4903839085809982,0.5359878403324781,0.4827109622695362,1.047099655045221,0.948536880613842,-0.0528045912398711,-1.0937093768627142,-0.7189496604219362,0.5453820604021224,1.9712407990758176,0.2926706224083273,1.583964051153489,0.2307443223304492
SYN3_0304,0.0292516259232811,0.0523858148785971,-0.5964995093278725,0.3411645613509655,-0.98152676580997,0.0522558230338,0.8278353969976348,-1.2833423716527217,-0.9352714728077112,-1.2590787104133505,-0.1895973053477225,-0.9430654595659712,-0.8633807707218079,-0.5152941158970618,-1.1125902542629138,-0.7662471854939689,0.0537870820666972,0.1579469690863986,-0.4445972206482727,-2.232341740450474,-0.9173941883090736,0.1296007831380533,-0.834776375121478,-0.0325307835772348,0.1010191339845383,-0.996771292596192,-1.1216127144144428,0.5569685149065035,-0.1432787297271047,1.5408896770999716,1.1627718261335782,-0.6051225072444129,-0.6461684715829601,0.07231139622655,-1.1576011019213788
SYN3_0305,0.9723937684463722,0.3076400465060294,0.9663417148031946,-0.0201375843072464,-0.4179522891323592,-0.4147510627780383,-0.2088388626569887,1.4545370114885103,-0.5480513622901323,-0.3692170424485349,-0.6702391831740155,0.3577059912607714,-1.0952253786372683,-0.3758394102422276,-1.657977190627217,-2.3452074779930374,-1.1486889992826006,-0.5819820625451588,-0.6375004574347445,-0.5874805544229336,1.005455265063698,0.4244530682831677,-1.228978692597941,-0.5012062854278989,0.0791079879939317,-0.3132334101429619,1.039341675520012,1.630883422523688,-0.8611571297157983,0.0546461663613169,0.5241105275719012,0.2226543662192437,-0.840944614363339,0.66202371296045,-0.0018593000505796
SYN3_0306,-0.3496286156219813,-0.6097219640941893,1.7030271034385724,1.6540623209025396,1.4419936110777622,-0.0564929312918892,0.2070326686464609,0.9055685671207792,1.0205081351914205,-1.33952099412833,-0.6352896646340546,-1.9788077798534456,-0.816382762601,-1.8871698929806584,-1.6574623125986017,-0.0093213043162781,0.0179515958732408,-1.0639004249168271,-0.5954079221856462,0.5663782484821754,0.8887809677300472,-0.3836704239760925,-1.452752207290237,-2.5590250359379128,-0.3434692787001852,1.021931204546465,0.7213998340766737,1.852395141209323,-0.3185712399258243,-0.4142693276032755,0.7893821124920517,0.4711263110368477,1.0546264442431617,0.8392245614369663,0.3131689877258353
SYN3_0307,1.4087376856780205,-0.1292311943637523,-1.6309830865560837,1.9379081064351988,0.3343393203090408,0.8085512464816935,-0.1168574823324852,0.2604640144567286,-0.4120026762915,-0.5059263223098224,0.4810518291866645,0.5057082616533681,0.3214085522029627,-0.2184308929475256,0.0691382701070449,-0.4930789636710582,0.3782966613558082,0.3076479874005801,0.768612817382214,-1.2739725450742452,-0.0593327434423135,0.4555317014035656,-0.8754463135441857,-0.7930299703153353,-0.8079079668466452,-0.4469117920634315,-0.2028445945267188,-0.9704925930766042,1.5124217643429332,0.5699170135174965,-0.7211450142744067,0.4279459525871557,1.7066284199092292,1.985152391811595,-0.271083360435512
SYN3_0308,0.4955041089475449,-0.0346176430508006,0.0587414772384954,0.6830550264384662,2.3025594701887204,1.3948522458933832,-0.5092033807225043,0.4510722279925503,0.5982862562356436,-0.5197720995044481,0.0407725961000511,-1.3856357970777078,0.8078870211649252,0.1494249828979364,0.7507202485188176,-0.8641310758696952,-1.063184273025541,-2.036363618877237,-1.0635564947323706,0.0923454696435527,0.6831438496232247,-1.842930583363405,-0.9924479857975136,-1.5395802413753124,-0.3783776604500547,0.0783128365389681,-0.7105069836684194,-0.8763495578202857,1.045677178799116,-0.0973085332402078,0.4597279346372939,0.3232230782185023,-0.561984301959902,0.1924830611595761,0.8379885981507615
SYN3_0309,-1.8187819244650236,0.5079182011084772,2.259939173073996,2.132367932415413,-1.0259094405540077,0.8544839832169798,2.6190200216653805,0.1766909487086766,-0.246641370771195,1.0018225135922054,-0.4414477045051754,0.0028541882303245,-1.2934679463273298,-0.8806978374897111,0.3695028599907063,0.2547367969268619,1.090331892853946,1.631466697810808,0.533266683699916,1.2561808527228502,0.5639768595370608,-0.028248179702136,-0.0039486906833124,0.9910690226360938,-0.7565591407286885,0.8185238192433567,-0.3248646282920379,-0.4997867003086228,0.0125622401278459,0.8275906468889451,-0.0491163718423268,1.1874958728084088,1.6748331718999747,0.5224495518599006,0.0684686003644085
SYN3_0310,0.3745216677950987,0.9193465426599328,-0.3244013378515059,-1.9093000770069444,0.2858269485597565,-1.212490214694342,-0.684436372572666,-0.1041295453884416,-0.2788298993676784,-0.5001460914914381,-0.5608091888818761,-2.041151838123733,-2.258644863166502,-0.7652783412834123,0.9832219592053448,0.6060299213860202,0.7567992019833104,1.0148227712894176,-0.9385057952284972,0.9704676889673703,-0.8760000296020013,0.2485776546737791,0.0674634938747028,-0.9497652238401856,0.6296742493684349,1.075387435132758,0.7956689056728075,-0.0887056479463585,0.2401044651252765,-0.8549815114067039,0.7084955202962038,-0.442825617945097,-0.1818827534425003,0.1258221152687885,-1.3015356435414829
SYN3_0311,-1.679414421342892,-0.9578584111345586,-0.9890893614313844,-1.2683865942841055,-1.502740624934184,-2.237720566947524,-1.3997374752661622,-0.8331514633308994,0.7539712267344085,0.5078031842523214,-0.6556787448337135,-1.168984764268678,-0.7675270079306059,0.1895198521238758,-0.0332462037575596,-0.5495426005896556,0.5946455461999399,-0.2766944873630201,-0.5213117967968622,-0.5590521135351872,-0.4172475148758123,-0.3360935841328616,3.1085056967132485,-0.5079529151939659,-1.5005673984828722,-0.5306732288267886,-0.40352793769057,0.6212890975421775,0.1067479968950676,0.6719966034542831,-0.4591186743038344,-1.1529861842223317,-0.9099417883753494,-0.2715195109497421,-0.0472975357057661
SYN3_0312,0.956658246801704,-1.0745527292572752,-1.3698228310688856,-0.5921301880703457,0.1818398498973833,-0.0470711004140776,0.2090719960410642,-1.2215826913901855,-0.2180115347818403,1.1420611817342765,-0.1423524786743714,-0.8620648606072641,0.0645689818240376,0.1427900627252713,-0.0891803834018336,1.257473473349914,-0.307391508082085,-0.4643215887770763,0.0627605829744456,-0.8964407458468123,-1.3607750174646327,-0.2958420977233178,-0.8443875562511128,-1.24649956065836,0.0175876195981414,0.1041315489342534,-0.2577142033973169,0.2840341092328475,1.4580767679401727,0.0660617612471089,1.2787412636372824,0.1035691398597348,-0.8677297797187341,0.4602899977047593,-0.7707593924837484
SYN3_0313,0.6345410898636377,-0.0368233553161769,-1.10693855438642,0.7183880700557879,-0.2683014424803212,0.4001092445022691,0.0380031681897941,-0.2181248051532977,-1.4338047309125408,-0.8987332085023934,0.0966665885779449,0.3165037415253051,0.0385543429645467,0.6557617063675495,-1.1428008243553864,-0.753989590929072,0.4249675405272903,0.5848029545103355,2.2201660558945617,0.490005327618723,-0.8566206209365728,0.5074431372257697,0.5841595692022198,1.970424637486372,-0.3789404268273098,-0.1625460732955094,-0.4010957363754854,1.855336592081351,1.688449733752828,0.5580100620163055,-0.2601871957203056,-0.622778382346924,-1.50556084338541,0.8979983368995936,1.4059289739805834
SYN3_0314,-0.909388217720184,1.7274566392742896,0.3599734942509167,-1.1874087069419594,0.3592499341636076,-0.2275609460472028,-0.8370842831372274,-0.6005555807693697,-1.087155559754567,-0.9488968352142204,2.0833687530295157,0.7265006519970038,-0.4496544530765757,-0.1175703576757154,-0.3887185703342775,0.026225186456434,1.7418486525384846,0.5120938688651651,-0.0335707890749291,-0.0425982196597827,-0.0101084307712925,-0.065758028142527,-0.1377206082287675,0.76237885792939,1.1440686358506849,0.5002440720220532,-0.5417206945950755,-0.8410463003862305,-0.6167833137262327,-0.669186280862217,-1.7518461095238809,0.2972403958695473,-0.8692723741971906,0.9829983205862662,-0.9965819281416538
SYN3_0315,0.1507163733812268,-1.7038193828798132,0.6248469882026751,0.0127296105542008,-1.1099214964742976,0.6705930784292663,-1.1315327352879063,1.0814963600813725,0.6658072149368904,-1.0804280549604364,-1.0042540203554269,0.3282036673704703,0.3742849905909394,-0.197241295362831,-0.0748215706530553,1.6145680334869086,1.5341885489069218,0.2297367433301423,-0.2479640030713226,0.1203178496912485,-0.9567784896327546,-0.0818707838004115,1.0249791396933412,-0.8844671906265865,-0.1545029187990145,-0.6834242365006836,0.6359680149496257,-0.5728797326346263,0.3065748974803358,0.959137113923452,1.2175235677005711,-0.7900457331048918,-1.042017357444516,0.5481772539918154,0.643840383663054
SYN3_0316,0.0322146750507359,0.3957655532666346,-0.1101626098968995,-1.7168660034259282,-0.153257447856614,0.3358005060455113,0.2756015530518317,-1.6332484292133118,-1.3597510278086289,1.2052538660579888,1.1388622368474373,0.9931286135934152,0.5963915421335682,-1.4803273482375991,-1.3111012480915674,-0.7480594783682265,-0.3090461552660213,-0.361103986177387,0.8696913749891356,-1.1201148149569788,-0.9797372836604537,-1.452320034295035,1.638507628030274,-0.8548814238256887,-1.1244192400915631,-0.2119117556112389,-1.2138543899674512,-0.0184044022706894,-0.7348883588185952,-1.766037693621642,-2.34911166970058,-0.4501351494265938,-0.7016319283107243,-0.3273936010035769,-2.002811903897623
SYN3_0317,0.4063311673858153,1.058487672903288,0.5347275309296016,1.8165724973850248,1.2632247832124983,1.5911164866551009,-1.2562039837928949,-0.7864006858553085,-0.718079023550098,0.5290552367325371,0.6941806945505523,0.1611252211853441,-1.474908048297216,-0.8487839958695387,-0.9343893057324828,0.937298969534769,0.4048116834801975,1.3115033040204067,-0.2456520969491561,-0.5461587387742818,0.3038147895171801,-0.245619013943244,1.780073143785508,-0.0391892629308325,-0.672688768656102,0.4963044053587433,0.1314515643669487,2.258534473343435,1.0668486030808977,-0.5955807455586458,-0.3753890947865582,1.1859347012046386,0.349888022913138,-1.161841011121613,-1.2004557505311408
SYN3_0318,-1.4463568113617205,0.2752605752922799,1.840097004245656,1.2235973720844109,1.8166176477900515,-0.5146473337225407,-1.3048851318053656,-0.8924525682413058,0.0500819011710504,-2.040283635177198,-0.7992939679418471,1.1034943027601256,-0.342001802856207,-0.4383862060298727,-1.8755685014452388,-0.0188101618907914,-0.0389316954386268,1.7901209463532577,1.9832955432541652,-0.3561068397871687,-0.4230319681761827,-2.252868448078156,-1.3816073099375188,0.9787888672662672,2.214732415423346,-1.019599130269216,-1.593686808411792,-1.5719594967081656,-0.0975365519626151,-0.941146836842667,0.8739939438406554,0.2069517692941477,-1.1176241114019108,0.4113063450445969,0.4003960729565631
SYN3_0319,0.6283046099397499,0.8713812114462802,-0.7970744151282448,-0.3493087413928203,0.0163551736036178,0.6130528637379395,1.940360510552284,1.7416075969590437,0.5223405957952251,-0.0625729578683361,0.3429123108409359,-0.4135864124992631,-1.4828129103787968,-0.8998414627994766,-1.621504138927774,-0.2556858506004596,0.7025249018280522,-0.5319814259817567,1.041371361148634,0.8813035806236749,0.5429969990952876,-0.4429673576166874,-1.277611537937728,0.7457645317557307,0.3639857739770848,1.4647511269174238,-0.4315223044610942,-0.4340440765168867,-0.2197703459493599,-1.2695401025009283,-0.2813795521378763,-0.5769199218356562,0.5045846312649676,2.4822377441036667,0.8047929153993174
SYN3_0320,1.5107634271462265,0.4100047814849386,0.7303341834036943,0.8587511943380508,1.3392356358229685,1.1757046884488211,0.3026730126861851,0.7881435302957288,0.2464436732220394,-0.2901849656350948,-0.0933531914337219,0.1819058463498895,0.3004550759181107,0.6456798298188022,0.3704507939205094,1.7343099159936008,0.3679660067048259,0.2842545958775941,0.9033992207346704,-0.1531730671928933,-1.5517805731100591,-1.2923577334616003,-0.6525351856906488,-0.8953490988531986,-1.408788444258476,-0.6062306046184758,-1.9404804018726576,0.522974039941762,1.2998987284775825,-1.0836278838861426,-1.464445935535512,-1.055282998563885,-0.0537247861251313,1.5307739897069892,-0.3312919059640521
SYN3_0321,-0.1966210826813349,-0.457339495606991,-1.5208142700898826,-0.6051340965711607,-0.5194598181067871,-1.4318900225329545,0.7184242124675805,-0.1839086168986682,0.0028621072802106,0.8352883904503728,0.2670841889931537,0.2349130219050853,-1.19603437380906,-1.4579667110615595,-0.4614528177619352,0.3533182686542312,0.0051790420705324,2.6886975737500367,1.879955965843263,1.42631186254066,1.1539887510898683,0.8835850429957929,0.3912676128835216,-0.6172579530502944,0.1334342931638675,-1.0541537736108757,0.9908473228854234,1.4216521485501332,1.4082184061368497,-0.4693387096939256,0.0142925803448536,-0.4391611808095953,-0.3420816193943115,1.5061569805939714,0.8997450606795193
SYN3_0322,0.708629939467975,-0.6648725673186848,-0.1657965656020636,0.3416392414800663,-0.0251815920149959,-0.1789045281799649,-0.1559493034925793,-0.3053533557037463,-0.7942389583688182,1.0946777241368073,1.1116291821147395,-0.3709710777210599,0.7039411039159963,0.1056016807922655,0.7624358154043889,0.0790473790763359,0.7046824507310149,0.3224677006427902,0.7895221465966882,-1.0788526155799916,0.1856906597707272,0.0178721460240594,-0.4205796349933741,-0.0881780707703777,-2.07624737755813,-1.7190406016177475,-0.8506987262924312,-0.9118853562390734,-0.57699623588933,-0.3769911060866352,-0.7275257427770728,0.1478555651849905,-1.2941314459871418,0.0211820022660661,-1.7305449110911153
SYN3_0323,0.2635622141457691,-0.349651707492117,0.8433562734589071,1.5082370613044356,0.9547404371080266,0.5251823818865418,0.2798803496876113,0.4489030165361575,0.8920333913721364,0.4580624220722052,-1.0283080410835237,0.9016316016705836,0.8425140657507605,-0.4403005070248817,0.9664081525531576,1.2294490731256391,0.6380551546529656,-0.5588375421888644,-1.069312138838091,0.1540699127075552,-0.9970140552340604,-1.6227433362903874,-0.9858265701162972,-1.1900000526390144,1.595434415814931,-0.4556225701236276,1.8955708950432788,0.203306705045597,-0.1220358740938795,0.5396422434255331,0.9148386669207424,-0.1980994755603133,-0.7336920423595459,-0.4055758502029123,-1.9747047295933613
SYN3_0324,1.3543688998996188,0.4119992074954669,0.5758079697454769,0.4255016956113748,-0.757707427728185,-0.7692249323352908,1.6325918432271769,-0.3502611762660952,-0.1645606338045092,-0.0456706193330015,0.7238103586892795,0.4597551156124537,1.0367084864567802,-1.1744272973536496,-0.6613115158393675,-2.029765271260461,-1.0296156244649126,-1.6618656859692504,-1.0196413258170718,-0.8504169307044396,1.0626993777365918,0.9845260613447874,0.1140659778958055,1.4148529566939507,1.8026598556692228,-0.0475916786563292,-1.1505406196948202,-0.2402307173041011,0.0407940063388822,-0.360420379761403,-0.4115159217835623,0.5919381078851305,-0.5320657203093541,-0.5183936429680257,-1.033383995497294
SYN3_0325,-0.0146441190514024,-0.3969397078209177,-0.4074886847747562,0.1816617679479333,1.2104774011410284,2.2420635690372865,0.4712819755846035,-1.0782755963619923,0.6139606231569139,0.520873413528977,-0.4365545593582843,0.6326372115879113,-0.7667039851855674,-0.3416603990192317,-0.6474752235132223,0.1618831895260738,0.1497832650582092,-1.122097525123795,1.0796058234435144,1.0739490305020516,-0.6622411621243298,-1.2032821589142333,-1.9788125364904332,-0.227588602780428,1.263687233433174,0.0114135460720112,1.990763257014808,2.295036157316286,0.6209486471774878,-0.5858227147272934,-0.8684532941149619,0.1459061383179631,-0.0189845938201585,-1.9772547550132653,-1.006338413273075
SYN3_0326,0.127079821927464,-0.985651137615238,0.8758572939905355,0.6817205383773843,0.403623713244669,0.1502335973568104,-0.7946321452121718,-0.7832507682377712,-0.9238610726461756,-1.1525516087082308,-0.1918952577795658,-0.252750453089895,0.904204769520569,0.9719853611676992,-0.8071017742939831,-0.3502346128731998,-1.1835946798750292,-1.283704991337802,-0.1122719862903548,0.0240554705332571,1.385496292605905,-0.8743408808129445,-0.6649967049941933,-0.2490662442374158,-0.975854168517404,-1.3717551218524902,-0.1997961765977829,1.1149755056002029,0.4616430142103865,-0.7309681724116923,-1.659388871525301,0.6110173032481604,1.4356121498637555,-0.6729732199431406,0.2077060054825184
SYN3_0327,0.227829861526377,0.2589421688122631,-0.6063462447329667,1.8551159338540049,1.390168680508837,-0.4420403500992844,0.1772887645029248,0.4135112206257036,-0.3901213472404046,-0.4760390358107773,-1.1090888480828844,-0.2554599579656914,-0.077014713024083,-0.4828829917208542,0.3389853420326649,0.2407420020620443,1.0164202876115205,-0.2766750121256028,-0.8268767017110498,-1.0918982504768746,-1.2523502925854304,-0.563723085062374,0.0038802130978928,0.5129891130241999,-0.559253967922055,1.5190189311750364,0.0585619521237828,0.7013154291747212,-0.1998245418910541,-0.0560538336277335,-0.0715087035089362,1.3754976503892589,-1.0158689689774203,-2.6076165598087178,-1.2334762060085147
SYN3_0328,0.5604122125976546,1.4344512077775633,-0.3883071108472078,-0.4811812412013295,-0.434726118039706,1.0868508267569703,0.3814979201711826,0.159556898098348,1.2121463404351571,0.794173508308465,0.5317586414347717,0.7691953963843927,-1.1319310881037754,-0.5714272718953854,-0.1205334964582902,-0.7904893710340465,0.2106420227887567,1.0733527470016988,0.2846236846954511,-0.0906343346135896,1.1687022945350078,0.7389518662701404,1.178232879618235,-0.8098973394800335,0.7548998734303777,0.5496253311077249,0.8237612638385347,-0.414204287156792,-0.7682735410843928,-0.2286984926502037,0.0625902330250735,-1.2416663966101549,-0.1925199785806708,1.20119325352556,-0.5354367747177408
SYN3_0329,0.7773350040970165,0.2539651828978858,1.18713436111431,0.3409384629487926,-0.606395258357597,-0.8298245308063443,-0.4670999714690637,-1.175880428917827,0.2392011823136305,0.6016414875525552,0.7428775815006066,1.3986196411272265,1.8297934276957557,1.1753119779245509,2.040005844572325,0.3805370409541199,0.850955502155166,0.2154590763026087,-1.3465663624173962,-1.4703247737484326,-0.2501122828203719,-0.0232229515847738,0.1025685180588762,0.8037344695987826,1.1581443456846718,1.6758011909365014,-0.4605602951205531,0.1210907842511192,0.0443587155108749,-1.1318572306448946,-0.5203055615498761,0.0796510809352298,1.462572636989356,-0.2147939848831919,0.5783621204555884
SYN3_0330,0.7653071888408768,0.1847955746400991,-0.8959724017206218,0.0706525852238326,0.2043751054900352,0.4941013836877144,-1.4981910875246416,-1.7608839441983946,-0.4419445862128869,0.7725345043615095,0.8706722059214641,1.0651798374111052,0.6531299617207447,0.2019160492214808,0.8049306502961461,1.985868692138721,1.865573754521048,-0.3783412469565145,0.4990511185449295,-0.6253521694478678,0.5426246096572677,1.8572410755572173,0.4995430713532099,1.324497127953101,-0.5837274232315459,1.6786885421705204,1.719532253069234,0.6383213101220518,0.2912412801513073,-0.3347600799689454,0.8690757418632006,0.837463484545937,0.3979657748935293,1.373939018391469,-0.0531802891420723
SYN3_0331,-1.7796491253755988,-0.145711624110313,-1.8734255425458584,-1.8519570950696669,-1.2260879846842088,-0.3252393476661969,-0.2536559758320365,-0.2361496439406188,0.6269059471235342,0.8462279835349983,-1.046801869290612,-1.6716343994925666,-0.1258785726299023,-1.993748253566895,-0.5002684090069681,0.542304792283175,-0.4834610717155875,0.1248258499342424,-0.2461207469571353,-0.2278037595586733,0.8289500854485832,-0.1643248565005315,0.9380119650987496,0.7749241314984251,-0.7695754382215083,-0.293032549722654,1.2266594679947735,-0.4402531222592794,0.2989713147157103,0.5045980420038058,0.4470592148155797,1.1804352846725872,1.5312749720729562,-0.5087139111039057,0.1873818232515602
SYN3_0332,0.9532861491725017,0.7062669864375208,1.0076800247479574,1.4570643747775165,1.0855052288771556,-0.6686004058042795,-1.2303204870779036,0.9795428481318704,-0.3317015711182245,0.9672292798252324,0.204111240716252,0.4028291178266254,0.0418620847764112,0.1601484432846736,-0.9689424634361992,0.7071179822411793,0.149785712870372,-0.3715135637773226,-0.6518540315059059,-1.0550446706688914,0.3413903207954778,-0.210877100438254,-2.2436716603929305,1.1650017495092873,-0.8779668195138588,-0.2536954540690533,0.9089900523380556,-0.5786229591407017,-0.3181237652736877,-0.7177958116453722,-0.4876690805297739,-1.6352499837844503,-0.8814612474691028,-0.5758620011636568,2.560218705678239
SYN3_0333,-0.4873819852403026,0.3077547755941363,-0.8572592825418947,0.5572915988024606,-0.3201493406546837,0.7420594507725358,-0.6947690972309445,-1.3719608356117392,-1.4162639228629088,-0.3842878158211788,0.6266423982186597,-1.0237210781694053,-0.8706759031621347,-1.5269741779139534,-0.0205098408033848,1.8084185714948693,0.2677941324184138,-0.7434832621117491,-1.0108134185955109,-0.7517441478822734,-1.2867496263472953,0.8013131264288681,0.5531351827182066,0.4011546567253046,-0.8994005046902988,-1.89913093305769,-0.1843895569144863,2.4578488981001505,1.4181025559971236,1.257382315490281,-0.2489189066444101,-1.2775529894986428,-1.260076662098592,-1.7272062110426762,-0.1494900573405953
SYN3_0334,0.8484593603072452,0.5544188037984208,1.0906967475062443,0.2109590877233695,1.0567095245299,0.8780490966991167,0.8077056262762567,-0.1777738596988673,-0.5158949630598003,0.0150213483345226,-0.6532868260904708,1.1148354682971298,0.4675990193533371,0.6974578744521822,0.5979553456664641,0.4381431310827733,0.1733068352432077,-0.795903282605873,0.5061967671370872,-0.2817042037963884,2.200860335244059,-0.0985773776023185,-0.6407533286535405,-0.5771627596580311,0.5361915702703006,0.9826792755084504,-0.7682112772321215,-0.624924154474197,1.44248527362116,0.7057120926041548,0.5980606581893209,0.0199067846884364,-0.3235791785770384,-0.6324007099530615,0.5957516544434648
SYN3_0335,-0.5110344622858662,-0.2666485152687571,0.8735525164234911,-0.6804534348768719,-0.2059399291661438,-0.6090172018344013,-0.8085250782061282,0.7160172452061075,-0.178622861965061,-0.1373111120168599,-1.3825974866559865,-1.2418949025543833,-2.1016898475172723,-0.7807702784639844,0.3046158968041604,-1.739418299231291,-1.028364112268047,-0.9894548295476204,-1.6951606018286682,-1.5564322191524853,1.4302701192541232,2.319531586681768,0.8104367309380646,-0.7429052396911756,-0.1717550320963166,2.283651270753677,1.2870010738423583,0.9119288294112872,1.4909845463307625,-0.558936750853523,-1.3909387798171329,-1.7900978260378106,-1.0723400991244645,-0.8483597600774936,-0.4037971170235803
SYN3_0336,-0.7431363657441442,-0.7099134344297309,-2.3660340300507388,-0.686893321280216,-0.4860100785464418,0.7642793230213994,0.8563137789455001,-0.1619415275670218,-0.5092512728615058,0.3703383466507526,-0.8443390936104832,-0.2453877748011811,-0.2453788526484132,-0.0731452453739612,0.5765499987857744,-0.7515580850064137,0.1828157921172647,0.5463869317012647,0.5468305287048547,0.2565095216718738,0.7319539813460334,0.831552233366199,0.8521563136953438,2.119415027378372,1.607751507374669,1.3625861325492248,1.4640069612258262,1.2579270928214463,1.2149775982430142,-0.4372879073322709,-0.6799926210587838,-0.1160932494267925,-1.0861678867762832,-0.1272174711807598,-1.6088433352384606
SYN3_0337,1.1867949195522176,-0.4918680072625142,-0.3082907952799376,-0.691615174598383,-0.2345522283330915,0.1386091680448144,0.5459332063695949,-0.3884322846065167,0.2249380454681475,1.4149146417335687,0.3343502501608253,-1.1257722962538983,0.7544235394168523,-0.7962704883436456,-0.0937432863372658,-3.4753659727859185,-1.2161214301216476,-0.8906430634538356,0.7485864575247475,0.313788071221072,-0.7639883500135525,-0.4709049509175196,0.67381736642377,-0.7336850955046273,-1.875268353320455,-0.8568719954961826,0.162976713583472,-1.0267715911365314,-0.3007383264388184,-0.2679355099782307,-0.4892038542034827,-0.43973757992874,0.5693716238603741,0.3475561969094946,2.067815177857697
SYN3_0338,0.4626036896785493,-1.044830492176883,-0.6130248441256669,0.0350881801346385,0.8417515943191934,1.8947238776383584,-0.0537738791287912,0.2945161986110298,-0.0612805579325478,1.052290742820542,0.8886583319742616,-1.2447011803296215,0.9980122686210876,-0.1388579558626793,-0.493911065079133,0.1117475167710604,-0.2656035109050746,-0.396156715480558,0.6380978437940343,1.4824460126635537,0.0695176193150437,-0.5284054779635627,-0.271443571790942,-1.421521677501519,0.3202654181859975,-0.1303082172708534,1.0673632593782645,1.1446105141758969,1.1795066218796617,0.2538882715330782,0.1321600586747685,0.4081179922620253,0.4929410349655589,-2.6415506567521767,-1.5008780642338155
SYN3_0339,0.029368419871585,0.828339729188546,0.2559519992719191,-0.6346188558620324,-0.9930088051273258,-1.7490653991851683,0.0539611818930637,-0.957898560684227,-0.5312573519927016,0.0846266821796698,0.2338701921337271,0.8552183549437877,-0.9533475935987088,0.2166945485916731,0.2910558933233022,0.1341900343627536,0.2886968252670677,0.9704294557827724,-0.0880855498272103,-1.063678583451818,0.329911299876871,-0.4793945868382387,0.5237798912551307,0.1810355035669859,-1.1709575001219312,0.4877907231460767,0.8049994365811328,-0.2820334999941554,0.7207005499006348,0.0037191764530685,1.0403485607190248,-0.7625374715284128,0.488276491236216,-0.4497371822907193,0.0921208482233878
SYN3_0340,0.6497302490545224,0.4340958906037928,1.4156667071569846,1.8644120316679045,0.5548799123291407,-0.2456435287278854,-1.108661939280576,-0.4218396410920937,0.4400978066480317,-0.5023631108350104,-0.0300636233090837,2.084076910136677,0.6593891265283596,0.0426472219291713,1.0231837625005418,-0.3772187079917168,1.484984782185044,0.5529123932200702,1.243081552256831,-0.568463578670023,-0.0185856226942587,0.0095747386926932,0.6364561147287195,1.6357242667581773,2.0132064419682574,0.3064155935790382,-0.9317130063977236,-0.858783380510361,0.8818768737085557,0.9903393671823638,-0.1813011003787213,1.0472241238182411,-1.3056232935111372,-1.46259011409436,-0.4433702518120693
SYN3_0341,-1.3116650925853517,-0.7837849779457813,0.5207740641725328,-0.7995071724041506,0.0550622593306818,-1.0548029946329505,0.9794193491483758,-0.602522224911384,-0.834825331867593,-0.5783989321538571,-1.9491165057013824,-1.718326821960292,-1.7484336363422337,-0.402418046981871,0.2614665533492201,0.3937587191955183,-0.2115287826834006,-0.0773917116950805,-0.4919623588835013,-0.1362700454745253,0.5771916089609037,0.1261930581422866,0.7105182433732921,-1.238290052156381,0.2978501603583562,0.4542231360067279,-1.9298775506640975,-0.0119406913178826,0.1074657451423409,-0.1442882210285135,-0.0164253019304814,-0.1510126035735166,-1.661533464954986,-0.5877640278669206,0.3603638436964265
SYN3_0342,1.9722389370994169,-0.1051458248349339,0.2084625594655213,0.1142106923993286,-1.1375291547519235,-0.1688470802287819,1.107845247356638,0.5293534307773378,-0.1957155371475411,-0.6833699136929728,-0.3035304482719486,-0.307013199876224,-0.1295855483104003,-0.0596508433409016,-0.8088796404432299,-0.4850982166359012,-0.2850626455958108,1.91739051612942,0.8281361575142983,-0.8263327369158041,0.2883312692928544,-0.1921021266226338,0.2471011350879113,-0.1823656783239209,0.5800992693895075,-1.1157653486201582,-0.0517245005320238,0.2706802442686576,-1.7196384925763533,0.0601385848125982,0.3539024755244884,-1.255059901763259,-2.3212498633694296,-0.4821000187911662,-0.1145334654675056
SYN3_0343,-0.4307334545300609,0.239870494921929,-0.1514136692071433,-0.2157427284558623,-1.3236691963888736,-2.3331596084621093,-1.617951071235051,0.9580573266449128,0.257146572670142,0.6581039236210154,0.4108046804066356,0.6583047918665913,-0.3890521970663381,-1.6052698822662577,-0.6679591085955994,1.7755962129893683,0.9187204621711482,1.5175052122445662,-0.2957405817441114,-1.5682101203917322,0.3873101878413486,-0.5914678029734447,0.3017062195176407,0.5624639302656781,0.6835734236441098,0.5665141218849349,-1.726531455905289,0.4694728430925837,0.6740583086589972,0.1963983872663613,-0.7631338146607236,-0.0674939203866055,-2.532540761775832,-1.3913717785697657,1.2095603033982132
SYN3_0344,-1.861905083552016,-1.280151748513754,-0.5908679777722096,-0.6926244844278178,0.0338314753958378,0.8227128413669531,-0.628732391226422,-0.6259512611137741,-1.4373414636338673,-2.3383990378353623,-1.485380754713778,-1.3137139275474383,0.6340003485894934,1.3941801357315868,0.7583076598074224,1.660184710503947,0.5875189453077279,1.013993111597494,0.2674397222378539,-0.1069199552415538,0.8580711712049058,0.1891885686927616,0.6420300401172709,1.6007318376015367,-0.1060526505487645,0.5212536418909268,-0.3590796255368113,0.9170773008088214,-0.789792004096497,-1.193204180312061,0.0605236012649185,-0.4415859364558916,0.2268413261261226,0.0645532660992628,2.4379481551278115
SYN3_0345,1.64351352060562,0.5447311670044583,-0.1292593725023747,0.3578438701348155,0.7945971792462351,-0.56140931908032,-0.5102263824910876,0.0078282592159522,-0.0341134020793354,-0.351366898740647,1.0565312329937546,-0.6927571849039484,0.5550228021809196,-0.5818073362030175,1.011487884681465,1.9997293477979687,1.9738662038743868,0.4175049327172917,-0.5201827636997236,0.1003952418506581,-1.9706300051796743,0.3663155701502489,-1.2982334403877094,-1.8830102136603029,0.3473834661357472,-0.434097887256328,-0.8645065197901872,1.8262648173815923,-1.1108085826453953,0.5500932563895147,-1.169079492733572,-0.0249763703403495,0.1652783269474606,0.5466023774528839,0.5179134374282305
SYN3_0346,-0.3062975439236075,-1.4806623044298268,-0.8142313050541494,-0.1005110415173956,0.4631790410508423,0.77855701681281,1.5162886568097649,0.7581994079471538,-1.019972433608011,-2.5956839699766503,-0.0243669385338201,1.68117793828745,-0.2426274250449198,-0.5366465308182334,-0.2281578885019964,1.048458939066319,0.2606619768642471,0.5416637738092662,0.2479336358783185,2.516813974795459,1.7025785537341702,0.3409614459696366,0.6652993827549252,-0.3286933176856824,-1.5009632679683622,-1.399070059546714,-0.7123172565973026,-0.044964445772003,1.851343518909944,0.077315007680691,-0.0223905070816391,-0.9118865731143758,-0.4396968220423159,-0.3330619978752583,-0.994745942605693
SYN3_0347,-0.8141797853697895,1.3852196576393607,1.069497242370533,0.4584849284500368,1.851221372035723,-0.3324043438456497,0.3221440500996737,-1.113622104465443,0.3060503745325596,0.300851926831652,-1.2890526639451525,0.8764659622573021,-0.5076012136489937,0.310856409575524,2.6607523614563653,1.073233736685798,1.062608021941332,-0.8494684555795419,0.626124747209868,0.4120414513624679,-1.1064098472909616,2.2899941417004674,1.2392162630939734,0.3270571202055161,-0.8006781189926211,-0.0324801072423411,0.7546377201029306,2.00866631206347,0.3533991706365357,0.143893563437969,0.5827838509923396,-0.637068935728615,0.369518697226312,0.6009156166328793,-0.5732078835676836
SYN3_0348,-0.8918790167933465,-1.945416649405874,-1.2560036712357163,0.5634249793380137,0.045947396354472,-0.0033642663110996,2.137801950750999,0.9787434205516892,-0.3255653527951253,-1.1225139742319423,-0.6276947980548044,-1.082282831108282,-0.4497040494601215,0.5418417801939,0.4781712575338079,0.3208318714143126,-0.3236191106409852,-1.3478003811807429,1.0754878652568247,1.6005391448228492,-0.0812260194823957,-1.6096883126765615,0.2947003613582248,1.4107305080043062,-0.0079439428488758,0.7316425775030744,-0.1963002612274081,0.9281159349425924,0.1263545989342903,-1.427031743104488,-0.9827858059307114,-1.8627098279259235,0.4712578768971152,-0.1281285157747349,1.237560145199344
SYN3_0349,-0.0596287287228244,1.5344782441899811,0.9886004041315476,0.458711616565074,-0.0119395053285839,0.0227998369754711,1.580211898159272,0.7670846892160834,-0.2906014231076473,1.8758466066944843,0.6346459797998346,-1.189275214011849,-1.5428326110361883,-0.7269408013719749,1.3253747099588868,1.029579649185688,-0.263321191526093,-0.2794633471043347,-0.1769499680926828,0.9203652927432376,-0.0648404733054747,-1.2115549544487387,-0.4145696233516401,0.2532837066057146,0.2884907314871613,0.3263094319232041,-0.0714641171020448,0.635736059643864,0.1162946270581369,0.4684882913860835,1.7622847346136836,1.5111335324815311,-0.3716234809641044,1.0981039095441396,-1.266540816761709
SYN3_0350,-0.9865928568810912,-1.2913590303211475,-0.0203074733751429,1.0485414317455377,1.334480747813641,-0.030327094966135,0.8382804325034885,-0.5847870343362004,1.0070390311959174,-1.1800610709834294,-0.3862821976620076,-0.8610247408378607,-0.8294361504877632,-0.130818817569557,-0.424145991588175,0.6033256721063589,1.9276223717612937,-0.7373280408116559,0.4275076096802695,-0.6398008483885748,-1.2666338026032735,-0.5376087062899519,-0.6118347347867369,-0.9821991370996644,0.3055018425728356,0.2896386710731514,0.9663826132161392,0.0069512689071287,1.5114898058864503,-1.1495257323346566,-0.5446774150271244,-0.3965975842630974,-0.2706801442586902,-0.3009435462606214,0.0250273067360748
SYN3_0351,2.2875424533390096,0.1269079670395154,0.8847560030118807,-0.6756511787225062,-0.186760551232126,-0.2885974041567194,-0.6438219056178235,-0.0650413819451375,0.0309784002334795,-0.2173277642816586,0.2501491742427206,2.307850261416071,-0.4573493827079794,-1.0824426440568011,0.7691607409044193,1.5682523200044631,-1.354403689909928,0.5332828444416513,2.1162638034731684,-0.4882301582352805,0.1108278977505742,-0.6723891248616856,-1.8010326338048346,-1.9630138750246875,0.5600538250717834,1.6088516124711112,1.4708725742704556,-0.2299901821000459,-0.0523339760798299,0.5574124162535365,-0.9717352888595084,1.0340669218137717,0.1179179585566374,0.677515533325745,1.3849364526618666
SYN3_0352,-0.0032935035882808,0.076185476102852,-0.5500829893167318,0.1550778034181877,1.177819043846401,-1.188978282259072,-1.1856474308503322,-0.748139974036556,0.014862193680326,0.5937407348255603,-0.2445361762576793,0.1495742656396621,-0.0055372921784703,0.2862581912164762,2.0958891452450943,-1.6252729221660205,-1.6612949074709142,-1.0803335384376924,-0.2932743002520939,0.5678545963488865,1.3633787193030726,1.2648020868553005,0.0157074348406048,-1.3195626489352517,-1.5420874127726312,-1.1676691823288756,-0.9501051506163436,0.6638648526460953,0.7026180906755126,0.2880324570806473,-0.136758827982286,0.7079509148767114,1.7986976020298515,1.1819487156278838,0.6736302162698299
SYN3_0353,-1.8265144515320373,-1.778312685818277,0.0487821367981152,-0.4540550576684454,1.110531523888926,-1.109744523923093,-1.0378916406447016,-1.8755150972429369,-1.806050072483205,-1.859054560808817,-1.125498551669469,0.0382648053317909,1.157507873413358,0.3761679473844894,-0.2380798220979049,-1.049805568251922,-1.5307001961993747,0.0096625507614914,-0.756530260008071,-1.0707893412484475,0.3106412040177426,-0.3516746659248884,0.5474579296149537,1.4439225675218628,0.3965761570926834,-0.1047129456171566,-0.2169010194677205,0.4802007225859837,1.5301751871605878,-0.1003390689209611,1.002091429556056,0.1392545231486064,0.1883654692313877,1.0163787628034369,-0.4084135723960669
SYN3_0354,-0.9426911802357982,-1.2344569923029023,-0.5382925954511701,-3.0935904332193283,0.6678863550736124,1.0468574368008816,0.4807644121844946,0.1820435728478742,0.51974586750685,0.1112316152508261,0.189399339476148,0.4042226614669043,-0.7356377836217673,-1.886030701659315,-0.1895504608435026,0.2493518444616194,-0.2226495074295925,-0.2450059887339856,-1.4884065243612494,1.120995074063802,0.1887798109716011,1.1692271137127883,0.1354631171992226,-1.842143300661408,-1.4484847497006814,-0.1386198739241797,0.1955769526727342,0.4579816032708786,-0.6646743018971157,-0.2652090214348796,-0.4804887801322999,-1.2633317707506353,-1.9534249224257016,0.3334376539671588,-0.023888245103322
SYN3_0355,-0.0342988173318302,0.0491468929751092,1.0679545389116665,-0.1299338882626911,-0.3847238641689549,0.3112995395578001,0.4753765341627716,-1.2633391298907042,-0.1887978454836386,-0.2992126708233428,0.4692630270714477,0.1631717420381049,-0.3388041361277993,-0.321784938369435,-1.8878965640069476,0.0626554580141366,0.0274822812733512,0.6482982333180585,-0.3199666286947386,0.1393328745398504,-0.3484657308076443,-1.7681700949320311,-0.7455456321546031,-0.9758809421270024,-1.146155206140236,-0.6281215284888533,-0.9206409132253884,-0.8690504531694238,0.3004538210583572,-2.010667260751786,-1.1885023597772304,-1.9590249667606232,-0.12760042914446,-1.1739632209368829,1.4373958271400438
SYN3_0356,-0.601840439647826,0.3975236165498321,-1.0311304486357378,1.29200120859174,1.6384209377335006,1.9437428318063432,2.715763466993337,0.7438432671621276,-0.8733879451628752,0.3040637461756892,-1.9173911463222677,-1.0067612721814383,0.0315947793454819,-0.5542336806149311,0.4417514050383783,0.0670301998373261,0.7238572057169497,-0.772563744197856,0.2018138250273221,1.5651915742768838,-0.3009619611831139,-1.0691221177128527,2.0502555440000334,0.0991151741151802,0.0514044507344388,0.5845530013015673,1.4000019571081297,0.0082365428894398,-0.7833872157164601,-0.3418519963348573,-0.8459700578539355,-0.2304336302346784,0.5309949555956089,-0.7823532051865829,-0.0754957665954853
SYN3_0357,-1.0072899195667926,1.0317915373646227,1.9417979849520544,1.187766830615959,1.0309309824841202,0.0616338902510671,-1.4760840964225777,-1.3999077399615882,0.8912939459430542,0.881628464041918,0.2004130827290738,-1.6773494132195237,0.8883674329949208,-0.7100188958334269,-1.5784444609435817,-1.1509185828964257,-0.8175678280158288,-2.1657424990566194,-0.191435709635821,-0.2640936900368179,-0.8256980223198929,0.2309591292014736,0.0349099784583227,-1.446172513281262,1.3446310128443058,-0.0784372782706644,0.3740839864209297,0.11683571966235,1.3826416672890127,2.3387229229225173,-1.6731752955655472,-1.9387487469688072,-1.3279834256294432,-1.0133616034229471,-1.2021699953672205
SYN3_0358,0.2989911555853005,1.4329786547231536,1.0420830592000812,0.1142716494751186,0.9269688586737505,1.0876271797901171,1.5325494572471965,-0.1956290339241598,0.1007887777416734,-0.0530719555320816,0.9881476421422266,1.3442356521451564,0.5169587945360202,-0.1902661437700004,0.7233852601406022,-0.2496497063432307,-0.1099292853280737,-1.0479188061679872,-0.1660893591955244,1.4917980420725738,0.8178223729161406,-0.2039339683336575,0.4631628051731742,1.0078200903037018,1.3217634522660484,0.6156378550283053,1.1077572603779458,0.7356084775913891,-1.8155355126783732,-1.5240930053599528,-0.8520920873709349,0.6863702863202165,0.2395632727159175,0.0345440150769872,1.5315479191605768
SYN3_0359,0.7190730217277318,1.0632843549121649,1.990977500773476,1.9522317032369387,1.4712652149888807,2.127547596179906,-0.235366911790807,0.0242938577890936,-1.0965440251346492,-0.2248558463821164,0.064827983532363,0.0881192141344237,1.1285181650138811,-0.5435471479645615,0.023312824613245,0.4598365064668908,1.3309726877207944,0.1335323669953972,2.3442306748086383,2.3927019996313628,1.2152395030698575,-0.5651981255135619,-0.955249795752536,-0.8164678745552243,1.009747711827194,0.8474334753330971,-0.4054152505354921,-0.3944499242281595,-0.6671577188758026,0.2763793024719559,0.3464193305433616,0.600186866295357,-0.3358422600953192,-0.8401192286555772,-1.1164370457159731
SYN3_0360,0.7895466440598286,0.3802308647365311,0.014188710910057,0.7072417525519837,0.5762927422197821,0.797516197282348,-1.21375850140826,-0.6706730328293483,0.8182453967802923,1.051526074192312,0.3176081753227711,-0.3488215437117914,-0.4099141215280692,-1.6915473949695017,-0.7712406000940717,0.1711981519239669,0.0770699965273707,-0.1359957902680802,-1.9239691729794568,-0.5334153709908318,-1.0937487935782102,1.1907416426398212,-0.0724077684057539,0.50078667452708,0.9829711817207852,-0.5564771184738109,-0.9541156551804076,-1.564484652273802,-0.0879838282726642,-1.0937869983395323,-1.0917525713655567,-0.0559659663725281,-0.2701517583832478,-0.7470946929013771,0.145291924441811
SYN3_0361,0.5053345138510289,-0.3862705994390287,-0.3270747588023215,-1.309085984450277,-1.4098814491878846,-0.1656715650166937,0.0193374755482398,0.6822647303428063,1.1182924617043009,1.690249350298046,-0.4307874491088299,-0.4907751802539513,0.3044502985211541,0.0046200219706153,-0.5980779648743424,0.1088527611090192,-0.3344674921026394,2.2320322783481963,1.0827650366251993,0.0544964897288177,0.0060515683400141,-0.0597566442729142,0.4013106374177003,0.4406948952539534,-0.9796668715505844,-2.057799491712522,-0.1705047293821933,-0.4465644524910233,-0.3205707839482135,-0.8315069577898442,-1.4543684468272522,-1.6742749999032809,1.2561298122418192,0.0190368016159362,0.8478813258510167
SYN3_0362,0.7476256049461855,0.4932711555355776,-0.0018980455874563,0.6095567166609824,0.8804009772360197,0.8147670965793891,0.5118106140286599,-0.5465317055247544,0.5388834089256462,-0.8451504497509613,0.7001035144704862,-0.5251099444750167,-0.0100320556434561,-0.4222969627161052,0.7434793471219628,-0.0838924042064323,-0.4436572434972083,0.7200693053437444,0.649893362646997,1.7810760796463538,0.4764203050150978,-0.3880835564617744,-0.9540809610707712,-0.3373507940452436,-0.0427154115275477,0.2856531951511368,-1.1096224060763844,-0.5772465489616218,0.9892897233283572,0.3764976224265256,-1.619663194114506,0.5602641707960521,-0.6718452996818596,-0.3759765764427905,-0.2625584534278676
SYN3_0363,0.0348911548274198,-0.8201661357455807,-0.1863201352818742,-0.0938735336573843,-0.4764044291719497,-0.5799172493854051,0.7963391787503405,0.2807403108632771,-0.8442541591691841,1.0237967378754198,1.2363248857019773,0.4304542651858072,-1.3502083188615042,-1.1819240439830618,-0.1305941062383253,-0.2836605905363316,-1.053473232431536,-1.2097571913663454,-0.045017096734167,-1.57631974154791,-0.0040140645156755,-0.8076753228921674,-0.3021233720235131,0.3337349806653165,0.179335656738001,-0.0977119919180949,-2.3336454373733604,-0.4601008300484027,-0.0140473755686014,-0.401574581377265,-0.2939349479415742,0.8768020468654255,-0.3857776482831505,0.5576905452364678,1.2502288833208584
SYN3_0364,1.2792691512930356,0.7776526921187387,0.1515311876225843,-0.0557494181107278,0.1466206026101341,0.0899482885375502,1.3708600639096276,1.2402887409341772,-0.0781565807179739,-1.4923599889182777,0.1751185286517665,0.5445145463425964,-0.6983282988144666,-0.5176541324492197,-0.645605634826386,-1.5146622712943052,-0.9263592858453458,-0.0449305593507993,-0.9478388205100068,-0.9679920030977948,0.2796616888519276,0.3622019347799948,1.2925904073553371,0.8192076408794785,1.5746016615587708,0.8589156918544789,0.3773871508237247,0.9231275515924648,0.0172727080249048,-0.4567187336415606,0.3462315281260408,-1.1103390393273156,-2.552438392055237,-0.0991350489897497,-0.6004958601713829
SYN3_0365,-1.0069676211270435,-0.0967151726915923,1.0535730590012793,1.0250556269564588,0.2273852984082977,-0.0579147251361336,-0.7585619323719587,-0.6850399982808545,-0.5827461975350628,-1.767495525010173,1.5252978416068073,0.3571735381968239,-1.6689196651231308,-1.225757365347692,0.0718132518340915,-1.3931795750609337,-1.7042552723510054,-0.2507738862097771,0.4430593081000816,-0.0259171238138202,0.2695764389493629,0.2665115846802022,-0.5498729321513144,-1.0381541129238436,-0.6077228116368332,1.354976635713116,-0.0214216469662655,0.0561091720458357,1.034762518802784,-0.9957998241492954,-0.346201976907335,-0.5673472518175379,0.4140804477627365,0.4149777380697284,0.3781848673781844
SYN3_0366,1.0003819574838684,0.1505888041782064,0.2960320119006744,1.2323752415081357,1.8799070283214965,-0.3097987031190522,-1.515800073670974,2.6284335017387166,1.1717729757752742,0.5550514075811256,0.1361266638694619,-1.0473856877791117,-0.5534283264887369,0.6359984761685203,0.3475366471149774,-0.9833443559276076,-1.4962843743685923,-1.028398926701981,-1.5046243088941744,0.1109601068635629,-0.5525486078080886,0.4743727088938785,-0.2838861469174282,-0.5109928494269969,-0.7164075652814035,-0.3072075106106143,1.5390828374521328,0.9129636353072372,0.7503843975387071,-1.2350949190842284,-0.3142436700152798,0.130068934393784,0.1523610692355237,-1.0500600593825895,0.1643671797176176
SYN3_0367,1.7543571961855942,-1.256637903141164,-0.0069130558216491,0.0977541825780762,0.0882736416723427,0.7187109755785748,-0.1470467695018602,0.1961895859409895,0.8182233373904779,0.6549076381547051,0.0038580769561487,1.3740811420571146,1.1539050298688278,-0.7390093838721301,-1.3241235329232188,-1.6406570550022617,-0.8417656947491166,-0.070954621938987,0.9379763955909676,1.9716288969365203,-1.0622752236797668,-0.9926361171064187,0.2147465912935871,0.219730584040808,0.1640305195582699,-1.99706974616483,-0.1221140113367949,-0.5931120250502142,-1.315535658045697,-1.1271922579053235,-0.3877338429782996,1.0708489476223482,-0.0472580865669689,-0.6050065687485555,1.0194336508919448
SYN3_0368,-0.208342714369601,-0.3978202214717671,0.0623990566148089,1.2447177950313817,1.781601418617712,0.4188167138784036,-0.5424028772692262,1.1314016360507029,1.5252666152313017,0.5177927207371928,-0.6008237678375853,-1.398103615011728,-1.5165606545818129,1.0383958263154762,-0.6133631167853747,2.0666880472435087,0.6255091752669049,-0.4325548254731862,-1.795457886430074,-0.6775500477669144,-0.683551919060843,-1.0807799410454015,-0.4752133780765695,0.5563563807310881,0.422268081107751,2.54994094820864,0.7530162501235371,0.7770468302401607,0.4066865801014281,-0.4424252505283014,-0.5970753066115676,0.2996410953023468,-0.4025927374119245,-1.6623410709162931,-2.9548042016108544
SYN3_0369,0.6598442230457144,1.737244184889578,1.1143439368012438,1.2873920325044457,0.3738338041331007,-0.2042527417860935,1.436674744955791,-0.3582948026088794,0.2902985375732382,0.3605847385303712,-0.2683759441686929,-0.7145099224226783,0.3390434185767506,0.2401615595012851,-0.2035771740700486,1.4523064103447785,1.1482281040402391,0.8831843380413341,-0.3955917497856148,1.400310324348346,0.9513316107915304,-1.203231400892794,-0.0040453979625825,0.777434125502477,-0.7951562953835155,0.6954199954204182,-0.3102927387717512,0.0855284369824148,-2.532657960029021,-1.1206160771271962,0.3962812924977277,-0.4503678322202919,-1.735923209293887,0.2715225940522895,1.0967766295907964
SYN3_0370,2.2001801797681906,1.1812862115467655,0.7297578017962445,0.0544142844739612,0.1529881110641669,-0.4914508896601338,1.7005515838163254,0.4985027228413702,0.2170131457599062,0.2701015178142708,0.3767217131588501,-0.1476128738965063,-0.2338812839184187,1.3459778036248216,1.7524568267096776,0.4351566257612314,-0.4381977104224278,0.4134445420430215,0.2009367439889843,-1.3976792721975917,-0.8928724233030776,0.8786365430065022,0.3485597848134916,0.1867811103083035,1.7916744434197416,-0.3562986173265209,0.428930542955887,0.0115863608475003,-1.3496482353249597,1.3472373127876651,0.8435458319710795,0.3025265666256972,1.2799688767976234,1.2421101052160652,-2.106219621504396
SYN3_0371,0.8852623463818514,-0.9922702426076444,0.1180800752775431,1.950263153693297,2.452184833959557,0.0554826988743161,0.2505325001153262,-0.092975649630283,0.1381838834093523,-0.6543574880640363,0.2250858055902463,-2.1908684582877056,-0.8046213775975017,0.1014689503303659,0.6405232733066495,1.221364206546621,2.603560316367449,-0.2028963566569293,2.9400294318167157,2.5343579696672034,-0.5321551191180888,0.6190051146559704,0.5114373596139574,-1.1308271269108094,-0.0428369349681992,1.7268637933992572,2.0533348314582174,0.1860438373256242,0.6015993571526591,-0.7090226255480537,-0.3109539421056973,1.437084540336712,0.8191676108410312,-1.1932476177489972,1.376992982133642
SYN3_0372,1.4004649064736086,-0.0761405256360506,0.329500864821558,-0.0520718229227566,0.6453490827683416,-0.6552279369061214,-0.2809180676405387,0.9804293743554108,0.5033096448587733,1.527540449454725,0.8852021861893209,-0.6155811956613035,-0.071415751277219,0.9573264416473668,-0.4974049539256212,-0.1732444640361525,-0.2964032900945547,0.5569062918381255,-1.0664148856485836,-0.1809586726997515,0.1200382061809627,-1.7484331536765585,-0.2263498143435803,1.840643165479429,-0.2926045434977053,-0.4705434365922952,-0.717664906609438,0.4673003034495944,0.8939879591221105,-0.7953266599365594,-0.4939829655194734,-1.0494863311487852,-0.8553196953495684,0.239373026027689,0.8212749649563378
SYN3_0373,1.5537355240217532,-0.4035471119671464,-0.0255715978629219,-0.2423531163351971,-1.1030231632771228,-0.0205332077126028,-0.7457809071752138,-0.1091604725495114,-0.4206348718487816,0.967174138456134,0.2144324284905046,0.9947444696747648,-0.1555861483489768,-1.090425589112727,0.0587114929209297,-0.8168895017136123,-0.3516614070948113,-0.0448997495388166,0.2116478755792811,1.0545695993238229,1.49235345514684,-0.6673454233502533,1.478649057684,0.1389876643904372,0.2589904280516162,0.7563955845062629,2.019503832377897,1.2438301360351671,-0.973660015146622,-0.6528244584863732,1.040760744679973,1.7147119204638814,-0.0031051042726131,-0.4886191601734195,0.6327326060164511
SYN3_0374,1.0271249928927395,0.1250463662901145,-0.7187858141503131,0.8695914300884825,1.6783070245167604,0.4489685689223746,0.5487478482586993,-0.6511823796969285,-0.3561403564599782,0.4974100451888386,0.5007591241083423,0.1470352672405666,0.3250286539063939,0.1024903857716989,0.2494914000727704,-0.6285962042257833,0.5482535613914287,0.8798260782820811,-0.4958173859816128,0.8739404982547234,0.6110672320706553,-1.0559451157361464,-0.0119475779407765,0.0130225414065739,-0.7515382933057038,-0.2569755543725295,0.4331042616043776,-0.167574618275716,-1.427456994605875,-1.686858278003993,-0.3444566007062862,0.292370253670472,-0.2165556972977815,-0.2990446675870012,-0.5804871072525779
SYN3_0375,1.8797645759282824,-0.4418762022279967,0.6886327983532669,0.6195348017934421,0.4235622106450507,1.2378433652577272,1.392262003067552,0.9488814729804388,0.4054401191085549,-0.112927501253756,0.47886902418821,-0.0180234887907971,0.0468949881852466,0.2168440025098517,1.1967649635456308,0.4607741459528328,-0.0309470529013321,1.5350050652706666,1.3500751888625706,0.968649106280728,-0.4175206283036479,-0.8779010159022319,0.8382227942694459,-0.4606088041463421,1.3255071207496736,-0.8978182916052777,0.1940477997307431,0.9991697274070424,-0.8023746746013293,-0.5917372705060348,-0.2218034606219982,0.5188492952583438,1.3901777319421469,-0.3941159981297774,-0.2212290295816805
SYN3_0376,-0.4822516318003608,-1.3699271522822871,-0.2959852957911163,1.3812172012484707,-0.2645391027829947,0.9931143853476206,0.8499351404219536,0.0690256631160593,-0.781961871630986,-1.458219134301508,-0.9413340769070488,-1.4014052867565947,-0.5019681916145535,0.2119888920388873,0.6763360943317942,0.1934466355045763,-1.5767945101462473,-0.8759039739549869,0.597674731419277,1.1671718476401358,0.156664862960155,1.1385716434652002,0.8089318544834455,0.6202727014326254,1.1993538838778282,0.5740783445804295,-0.0526358208663191,-0.7769865335312489,-1.0828794840727252,-0.3456999817396943,-0.2477391869292219,-1.6345543801507625,0.3145190542777495,1.8175515314007875,0.4851825801855572
SYN3_0377,0.3358586338985025,-0.2484139693053639,1.3778580132120124,0.2513782767792481,-0.554818873012918,-0.8977955266959552,-0.7146932602892306,-0.2140422336382166,1.0034652799163326,-0.2879991772735346,-0.9096378898371342,0.047167765827534,-0.6426893482771481,0.1233856956612423,-0.5694394575977583,-0.1381251125727506,-0.1221935085243244,-0.3886931273412117,0.0372537061264566,0.99802364948584,-0.0072777894222904,-0.7985799372657907,-0.0796115385312179,-1.7922889286485058,0.4332826662795824,0.6097519911803214,1.2686699748245576,0.7844982132174241,0.1049338494383641,0.7297094118887081,1.8930990241835457,1.1297703116527276,1.2034873045496624,1.546006728774313,-0.4264736819466638
SYN3_0378,-0.0902124074365017,1.9312091986773303,1.843387847247073,1.972496518247196,0.9004623810997722,1.5626171975624477,1.427148574874282,-0.2864164361830803,0.6965415199136404,2.175741972159736,0.6138239536093422,2.535901989998388,1.3043525863490948,1.010531666044047,-0.0154562298003586,-0.9521951087901156,-0.0470135253571396,-0.7218181401729907,0.4866645299264692,-0.823998516146803,-0.7169384939144751,-0.3125120016809809,-0.2907954213813654,0.7641787230717,2.512416775585735,2.899827722283809,1.615973196333122,1.2997458779713955,-1.1332686440432145,0.4830845750136633,0.2018682981846292,-1.1242203302808649,-1.0443392009565706,0.5059285157482019,0.6338379958019642
SYN3_0379,0.1681153542354066,0.450039142511444,0.6192413080007846,-0.0688210267168138,-1.6395514943476133,-0.7933278893382409,0.8947118994216308,0.7574576498723158,1.5116453953574478,-1.0340803716580935,-0.6853238585104169,-0.486461302892335,-0.1892527624798257,0.8367329640507902,0.0197011316158991,-1.131702909436746,-1.0951754017416169,-1.2115503047431042,-1.0698113746977271,-0.5607682931610891,0.6546174008940685,0.3663719269870925,0.0550198619815361,-0.2266972922979406,0.6846189530664974,-1.8719021210885136,-1.4634867583221636,-1.265554552310942,-0.4611412792488392,0.37631724849796,-0.9365957148369916,-1.6924374277274343,-0.2739161207544866,-0.0517262677231311,1.7475997252899445
SYN3_0380,0.6788691042558405,-0.8948895006594612,0.2302943843983935,0.2281881987104457,-0.3560344300585312,-1.2977391599782604,-2.1759437526760217,-0.5657419710878835,-0.8420315997237153,0.3410425007463821,-0.3414950649795181,0.1830682491146466,-0.1383921953609994,0.8512661391587624,0.0192551075525571,-0.4352326430308184,-1.2095466313289729,-0.8126189869362938,-1.3473895220266148,-0.0060891247740771,-0.3858495213929843,-0.1720202956976685,1.0476420400510325,0.01582650208904,-0.2611474011724485,-1.3161045552963584,-1.6797729138898287,-0.8592366400112516,-1.8686302207508123,-0.7802572966724668,0.1723041800439796,-1.032990454635957,0.5268935878061464,0.0478409385418228,0.0980428436727841
SYN3_0381,0.6487147442283204,0.4018152052612995,0.2192220475109008,0.5771565841525018,1.3067513318199253,0.690822478335235,-2.056348130095354,-0.3152190609679219,-0.5833115522493071,-0.8785710289863579,1.8731681910819669,0.1486975173832149,-0.396043858050562,1.3291808268718472,0.003180958304211,-0.1863872752458355,0.0594012354730237,-0.1810728862264518,-0.835359595782619,-0.2745761360777632,2.3181771598589505,0.61174719504082,-0.0195889500878458,0.2134505161346429,-2.419655141881392,-2.047776500352284,-1.8900802794719815,-0.8664812724008685,-0.5010636554550179,-0.8957036635266242,-1.1290575554383688,0.3264551045716532,0.7217658196496346,1.2023938359147384,1.0020828507587085
SYN3_0382,0.4645544340365414,1.131759220445455,-0.2757988549359919,1.209471304299601,-1.0722262967537546,-0.6198413638443427,0.4953417808230518,0.6357785821298687,0.588672614063481,-0.3686521569831548,-0.9642995286845728,0.2738626314574904,-0.805847297001989,1.3715069124847874,1.9758455719943544,1.264632089860848,-0.3958499482275835,0.8193768363679941,-0.0835296790302608,0.5682472321562679,-1.2722085567408925,-0.7448389213123917,0.5080778070419097,-0.7496653849052073,-2.13757265538202,-0.8876034814667674,-1.902070295728474,-0.2786886632543875,-0.785259143703316,-0.9290991100604744,-1.3941773519687806,-1.4865194230046028,-0.8842650563830812,0.5742384029990445,0.0761670334972372
SYN3_0383,1.3877909155892565,-0.3205332393049827,-0.1358060498338428,-0.6746428259526324,0.1186403816017587,0.0200780116180037,-0.0715746954795622,-0.2458442660727473,0.92077448579345,0.3180144337044853,-0.3602691649889952,1.6086837282026776,1.2445995961309753,-0.4079049525167801,0.3766731831149855,0.9296140622170174,1.464765564766894,0.1359734595770751,2.096672410333054,1.0174393604584238,-0.1496191953216677,-2.158099383688462,0.0032288501703429,1.460662967428647,0.2023190446253078,-0.4524608196459697,-0.3318053652927589,-1.464494229320899,-0.9929713140393436,-1.4713346504468996,0.4279028449868063,1.24931893037556,0.9530342446366712,-0.0596440580526307,-0.1426430142725937
SYN3_0384,-1.3041782104162871,0.8584645182397853,-0.6349019900792761,-0.8184448271955816,-1.2351399923733095,-0.6457089445118991,1.2178251897535164,2.4634297619191434,-0.5449860979187763,2.437128901502887,-1.0009256934473076,-0.5978101239063415,0.9172192633355334,-0.1322363344421566,1.1772340178133718,0.4404359528014475,0.7210297467057397,0.7396044550985211,1.2331372069450732,0.9638186840167144,-0.0647742351278543,0.2720595589633434,0.0212587330158016,1.560308295169028,-1.3219821032062795,0.0770549264331074,-0.1604776365684659,-0.1774938355789371,-0.3113632732977359,0.3183925528449573,0.2287548274353211,0.7511577278257551,0.7969869556206521,0.1613718261905387,0.8671144596208342
SYN3_0385,-0.7806951342265823,-0.663127067161833,-1.9497832696181605,-2.3830335256923245,-2.5094528516034607,-0.2638521841585673,1.3786989644741134,-0.8361759869462393,-1.4159152148000251,1.0674546671822789,1.07137044157631,1.1793431247214692,0.6268888918422049,2.260705124049878,-0.800596662604739,-1.9240287409931252,-0.4158894558056919,-0.5323807400443124,0.0806216862382535,2.3748075214698483,1.533554114567319,0.1010099425725702,-1.1207279178580116,-0.9392579302325104,-1.865001145082471,-2.909519311391753,-1.414238566987069,0.3010549016301769,-0.0321817461163255,-0.28746587096378,-0.1847235314660577,-0.6131823335189341,0.7875536729962891,1.8034162813192316,0.3656562716316771
SYN3_0386,-1.2965936542331498,-1.0228064332547628,0.0105248186261512,0.0899139181263394,0.4046327974602602,-1.0060117087753346,-1.274000705933779,-0.0447578912582243,-1.5337292040072912,1.4264264943950324,0.245757357079429,1.824158071134092,-0.4759479141943734,-0.6091101470592428,-1.484090788696369,0.377633422831261,-0.8657600158410651,0.1600977630889148,1.2821546923221556,0.1539342693382653,-0.5220290284904449,0.2858755711284005,1.7070476840704805,-0.5975766742087208,-1.2362443019374592,0.6477528521912117,-0.5735949265398514,0.1941066382487451,0.3815370080980856,1.0965555015538673,0.0163790129645515,-1.7531818759625586,-0.355979061985554,0.37523482972425,-0.8528426362839769
SYN3_0387,-1.3680190443079798,-0.6851682507981819,0.2154409774443326,0.7862781567657497,1.2480096045809854,-1.2663228865741416,-0.7326067067337538,-2.334490176084016,-0.2198203523053467,-1.627233695711416,-0.6800548936613525,2.4003655717166423,-0.8281094911885111,0.7619542774653942,0.203218232745322,1.4837213590441491,0.922159174022506,0.638298764963872,1.34186865227925,-0.1553494057815659,0.7585656040121572,0.5746453646739643,0.890622180784715,1.1887941010362992,-0.5534827728423729,0.8490497276348036,-0.1529305948847447,0.3566524778671279,0.22081108246129,0.7079005983024158,2.1427325348972768,3.520833576962997,1.6989396281899043,0.0093374752345636,-0.8628627936435921
SYN3_0388,-0.1006954308083626,1.445565155994597,0.7159318292243744,0.8468889849458808,0.6174008526336004,0.1473986365622427,-0.5217517407164705,-1.069085911385734,-0.5003368919898212,-1.8868137776079796,-0.911682911498599,0.7228363278333606,0.8009740226077555,-1.9906674913265243,-1.944724393698604,-1.6905459398000664,0.4498039380771907,-0.921382200523504,0.1702044997284085,1.6071332290756108,0.4165677407994542,0.9354034531914772,-0.7638233050455587,-0.4016831313163521,0.0898760799540529,-0.0937366540574692,-0.4469187399207093,-0.7669997291389727,-1.3858569047993203,-1.4936428290035075,-0.9509270522074716,0.2216253602382057,-0.6445607722169338,-1.6257829265040848,-1.1860720649921626
SYN3_0389,-1.2649039008624798,1.4317215247368755,-0.3733290624180667,0.9825696595531236,-0.0031947688976619,-0.2868193831349261,-2.1238929431468976,0.4754714785502181,0.0232323056207535,-1.2130025889699525,-1.548429779471593,-0.1609923582630097,-0.9222837225217274,0.8012263482775007,-0.3904496625725708,0.9921222140057572,0.5192023669160142,1.8887543293944853,-1.863074347702253,-1.0490709454882234,1.339743179050059,0.6904515014580993,0.1039170479384526,0.4315017485642901,1.207079489248903,0.0762678629788872,0.7458951002709174,1.94944699694482,1.5763911621626778,-0.5355649447729314,1.3547153598506123,1.0263744121064151,-0.7826863988630064,-1.6348126106559582,0.3602209781168382
SYN3_0390,-0.649747722065817,0.1047771084607391,-0.6100633780950543,2.044681000837119,-0.1069212348834567,-0.2392371474799269,0.0679479067454602,-0.4939453737760466,-3.7410430160616177,-0.9718668897484216,-0.4375648635671227,0.8817108492180898,-0.5220452632428144,1.4797252773998426,0.7222460832538133,0.2557252079052422,-0.4853498059703748,-0.9763826803746968,-0.5871734419768531,-0.7994476938613594,-1.6597296058427955,-0.7508402468875879,-1.4861063671194603,-1.739149337969118,-0.577740771898796,-0.52129137659355,1.228776848040494,0.4418170680003668,-0.0750013216602213,-0.835213834011178,0.6795258351411421,0.735195156401741,0.8186273623288042,0.0021583672618912,-0.9418052475323522
SYN3_0391,-0.7795036330974028,1.2095360702851967,0.0817200988650188,1.211260138093045,1.229642081281222,-0.7173168680534472,-1.9648864468654896,-1.9301093422843367,0.8018568771949679,0.3827677116077825,-1.2882096410068486,-0.5015902680279783,-1.2767218123513833,0.1203754095277346,0.8886066201601225,-0.9489975500374525,-1.2928488869015535,-0.4336504688908296,-0.0143251966347621,-0.1836350771016184,-0.3403139987251826,-0.0963845824351591,-0.2702502284472896,-0.7033858431923751,-0.1697621829083715,-0.3324297197988258,-1.4178478394770009,-0.6722776760639114,0.5644837751977387,-0.9393095518808376,-1.0806445332408412,0.5607122063346526,-1.0932105560635137,-0.3109826077924203,1.290807566250204
SYN3_0392,-0.4629057797098294,-2.042194272042658,-0.8044137464296008,-0.0044860166541937,0.2599880537930781,0.581435614972206,1.8543998020509904,1.1631181638013908,0.3471094502030434,-1.0830751306640058,-0.0491384208794807,0.3056183800968061,2.5313652778286384,1.4211689263487717,1.1107209433646636,-0.1671198832986076,0.953351148802603,-0.0534936103174101,0.0161809155816271,-0.8081235074401254,-1.0265009160889589,-1.46592780417588,-0.8122045970463326,0.0111818365211986,0.8300322980002075,0.5090138887637466,0.1656587857953362,1.0701884529586612,-1.294054444592562,-2.071223859953268,0.2259615524252974,0.321779967124729,0.8428937698814639,-0.6138106247313253,-0.9234112942974726
SYN3_0393,0.3867302161092453,2.0721652839113105,-0.3859390470603738,-1.2495189618833105,-1.049814326387558,0.2110669820556165,0.5449475162396875,-0.0151893050062781,-1.008328528160748,-0.1074927751854238,0.8336167577583409,1.7394199990414454,1.3741212596323715,-1.8771667281308004,0.0483457387105199,0.1215617740685942,0.4968346132971131,-0.0935677273611773,0.2047490695202444,0.3578922798522888,1.240358226605651,0.167735417367542,1.0784320305580797,0.3884111731635394,1.9387842565889728,-0.5030954014479966,-1.0787489386731368,-0.7568526945160692,-0.0398195609169339,-2.538972297770824,0.1313586451074178,-0.5324761316243788,-0.5806180473087178,-1.585197346034411,-0.2062510090022519
SYN3_0394,-0.3562120529081997,-0.6109956825954385,0.9637983030153344,-0.1272271206205093,-0.931692594528852,-1.3640269267745633,1.3139337983231834,0.7806863092440604,-0.5325192744736102,-0.7357172005189062,-1.2011899320371076,-1.2480069974630297,1.0425422865922502,-0.4615214419161932,-0.0738360321562253,-2.151121751171805,-0.6681054399043465,-0.5805609632621552,0.7120705997486451,1.26511273406282,0.1685042181493956,-0.5173308343978033,-1.3026697702429486,-0.4646912403653495,0.5588752558126641,0.0564580123798491,0.659021689781326,-0.3664852629252982,1.56974690727581,1.365798781145368,-1.0603546935747188,1.5187655971649228,-0.5053207677890542,-0.8320523738185184,0.2744526788246731
SYN3_0395,1.194059559886617,0.8622968659907443,0.2506682594650413,0.5547567086469226,-0.4278855288292701,-1.1822311217746615,-1.2509795273874489,-0.826938557088184,-0.5256446404612117,-0.9011156864547047,0.1850305028346051,0.0834861119982403,1.0123171208712818,0.224048491974571,0.2923679083236039,0.1455366375926887,0.7794676725568002,0.807317891918704,-0.3353916158501312,0.457356206290955,1.314674554695218,0.9218379303060052,-0.0254126529958803,-0.2690705668758129,-0.2709107904771785,-0.5414405300009624,-1.4318688335618388,-2.023558172378543,-0.5452429859223233,-0.5865327793102886,-0.8392909313945284,1.053613499081667,0.0750395291731541,-0.1054664899950826,-0.6874197093781347
SYN3_0396,0.5418004456735608,1.082902579430356,1.3513812430819014,0.0499007533116936,0.3244227321232829,0.9783326061986816,0.2126407765708359,2.1668255882484733,0.4851524409663518,1.087481931631014,0.0074290149799061,0.2545730034458831,-0.197989677372593,0.4369858639533679,-0.767244061379217,-0.886070320380544,-1.0905235510233124,-1.005158304068056,0.162146987360989,0.3845913523085442,0.0237557498126041,0.4737950848534872,-1.1677156603284051,-0.732311559884808,-0.1242828925094637,1.2162152196373333,0.1546381185186032,0.2583882256339073,0.8967647134757636,-0.3536312604035687,1.0264918608585365,0.185450463058074,0.843832009761212,1.2376476594780097,-0.0661514987465004
SYN3_0397,-0.3651885690389094,0.5296664908522587,-0.3977559633175752,-0.2161328107061014,0.2420045530421137,-1.682725745287658,-0.8902868659893212,-0.118963581111925,-1.283996456434604,-0.4528965762901596,-0.8824087586505773,0.3878920787707177,0.3137319736387868,0.7819654963662024,1.0826652142368225,2.3645047865426223,-1.1891139572445122,0.0631349366358733,-1.5801773373703365,-1.0369692047937735,-0.9053132560728184,-0.0056096889807755,0.7908752834912707,1.176857667481083,-0.7308820125095391,-1.3465960949258582,-1.569157492637312,-1.3640782898799757,-1.2756765581616425,-0.6567645561529876,1.3824280218848026,0.6997459015622148,0.8618577224371452,-0.1736019552672171,1.2421632313284925
SYN3_0398,-0.3652225225374264,-1.2483197049926027,-1.4375462275329256,0.7214700643871144,0.9476655041468194,1.1282866549765282,0.8190627717917824,-0.6566527815475344,-1.0432532167838675,0.3666095660003409,-1.025055883352141,0.1973509434644698,1.0152021441717956,1.2825627871440055,2.7508894427194326,0.6870460902719716,1.9296292150677736,1.343250830406031,-0.7167265085139245,1.264675312597961,-0.409991329612971,-1.042996561552094,-2.2803376395268344,0.7456537712657867,1.1392187350324918,-1.2791468795397694,-0.1752755778621194,-0.2212038180852613,0.2537896001186239,0.4187026596360006,-1.2247676294330614,-0.9268762964142871,-0.2558117086935251,0.5889971910889085,0.6805570672510474
SYN3_0399,-0.5375871998274739,1.7751858113456824,1.9041170659471247,0.8007064961340038,-0.8291810045828995,-1.0454380166264756,0.2833913691938327,0.606346300881353,-0.3027129952881358,1.053075425484849,1.6232939006841889,1.6728974779171952,0.5211275947637429,2.3364088182117784,1.93607763511092,1.2858211778155724,0.5213459130803393,0.1616186907675296,1.23315767317596,1.4718495189712366,-0.1515792059465829,1.263166931923016,-0.6773167526840741,1.5522654156837885,2.1648421251031005,0.6673136039237443,1.735182416015943,1.2303617414624408,2.344161359137762,-0.2052297312958883,-0.8899407459353879,-0.4378097885672932,0.3556186931398062,0.7687393147282777,-0.939897114320264
SYN3_0400,-0.0147088673318661,-0.3225110941400623,-0.3237493027651936,0.849330898719248,1.3943229883003452,1.0752268999975014,-1.2294600743808284,0.1977662822515815,-0.1585228879305827,0.5182175708094977,-2.4221297911791,-0.5483929945367789,-0.796682119297436,-1.921486601181872,-0.8646776175191936,-0.9782631466847072,0.6202313452375396,1.2153180512286883,2.18676448226579,-0.2958113203582376,-0.2156269074759441,-0.6791495084713953,-2.453534671343855,-0.3428971282623613,-0.3516118409584312,-0.9233153730376824,-0.8728693235138871,-0.9407625617131236,0.8567131123199142,1.9952883751384176,0.4424375343976051,1.4349054794155158,1.861464765712228,0.5304091231563641,1.673431531947453
SYN3_0401,-0.6688616241362139,1.1786632259958507,-0.7816399871838786,-1.1190980927063832,-0.5210445966189895,-0.3296593775652524,0.7063218516960729,-0.5224470878363551,0.4974776038291803,-2.3815930602409634,0.0973390818374043,0.7835366635410096,0.5542296273836679,0.9788272229704086,-0.4010202690877433,1.099082657657151,0.089049690560585,-0.3128121987049475,1.6775397855062597,0.145603687097284,-0.5194152551351815,-1.9078236603650376,-1.677972332212631,-1.4671531064980672,0.9097104739025152,0.3529693272179681,1.223931174346632,2.599973705310513,1.713638548100568,1.0781750179988974,2.1614513909894586,1.855736345078304,1.8965446879314751,-0.1375726709218414,-0.9519945844770398
SYN3_0402,0.3679388630920773,0.1356034682956752,1.16275594540908,0.2160661030679949,1.0554039161034072,1.4340357481472836,0.7620124364948639,-1.3966324532463343,0.3663141764968885,0.9124918275743348,0.4574395994057463,-1.2995528908769285,0.8136547550640374,-0.494784603160669,-1.1474952294894922,-1.4173658854829707,-0.6387805972811124,0.7281272060165256,-1.2126452826836205,-0.4283206361180889,0.8130414709350571,0.3178845748714943,-1.205141994218321,-1.0701888159828916,-1.8323237596295472,0.0927990184433103,-0.0160404210553724,-1.7742524072692036,-0.3881865607325139,-0.4516332862443797,0.4643521435700773,0.6078041650867219,0.1432424366275655,-0.512728543829827,-0.9863936214378916
SYN3_0403,-0.38953421513229,0.2237118721783287,-2.512883509162297,0.417776549648276,-0.0258974823737353,-1.1396563779641171,-0.6873994792874244,0.1756228666118373,-0.3137489274412139,-1.3235909243759472,1.3994302440130726,-0.1816943055671086,0.3859034406330968,-0.4859276444107967,1.2122919948372228,0.8156165357978696,0.9581086161012328,-1.2360064177968102,0.2478940415038916,-0.5054932069525201,-0.1736249615083281,0.3336151190790783,1.883372500788588,0.0993825677034505,-0.8506916739996482,1.0151763553270985,-0.1830348545924756,-0.3721704191791773,0.311768887210441,-0.0042382352616145,-1.476521231309539,0.0021215304396916,-0.1560349505076067,1.434376451411755,0.3975830002551098
SYN3_0404,1.1584118065181896,0.9297778077520789,0.8412093029174305,-0.05178841389707,-0.6786865728011839,1.3442855267274965,1.1116995114309367,0.5822142516420667,1.548317689636136,-0.1758452966840024,1.3107471226022005,0.1667396882505788,-0.7130134895586459,1.3022201155337056,0.4210478581761595,0.8726910950030574,-0.2025534817449364,-0.1294352993337127,-1.0109271066365637,1.1603493509392395,1.7091356968808586,0.3903123242396101,-0.6467919030994658,0.8952462485905934,1.052736479373495,0.3151450541073962,-0.4034184974134776,-0.3168227082574762,1.3708769018122182,2.806777806638188,-0.1901826666738015,0.0205874057737691,0.3328875206198656,-0.4319772074950481,0.4329141262596614
SYN3_0405,-0.7735803282298924,-0.0323924159365541,1.0793128130205525,-0.4066550165048862,1.353301950387114,1.180264006259502,0.6066265318872406,-1.3603656910412985,0.5364464883307918,-1.428907446566824,-0.3328860236073653,-1.805568239031112,0.7435676004745967,-1.5663547038239671,-1.582043028947625,0.5699683831051637,1.7300432543707156,-0.0420091571288423,-0.985424573693731,-0.1913983599159702,1.0258852816008617,0.2941742595801513,-1.255793297529451,-1.052164901190924,-1.2499410958973791,1.6633237113027457,1.7767781414215194,0.7089534702890994,0.4585040891402295,1.2963778561525174,0.637270594284789,0.132047999877614,-0.4700207837063209,-0.5277293194865702,-0.0863152876135101
SYN3_0406,-0.3437018569510668,-1.0811971669299678,0.8558733296620389,1.035208674933526,0.5266685505780443,-0.2937895864855687,-0.5055062834169982,0.3094619950391237,-0.4651966072293492,1.5266576049762306,-0.5629762131351362,1.1376074054499945,0.9967331225684714,-0.9983456865323306,-1.953344435090056,-0.8113003907523578,-1.6683572530561124,0.4256382641560253,1.0271582097254042,1.568578472388684,1.4091304252969823,1.0920840244164596,0.0271510068740013,0.0025451075460017,-0.3880309091324202,-0.2087350546648777,-1.2931891019464847,-1.942587793975496,-1.2222349818845573,0.9865687361210363,0.2252516007469545,-0.977767223280775,1.5357630168480456,0.6448861947878829,-0.0430642971230828
SYN3_0407,1.0656696552796592,-0.4607788301700746,-0.3487451903241101,-0.2620949745848613,-0.9055662261382118,-0.316790869496871,-0.0430457529018818,-0.8672630682943474,0.2617932723427273,-0.4066919331637076,-0.3302651786280536,1.9005016296178787,1.158095346958614,0.8704115654407774,0.6174646873308943,1.0790979403474747,1.2166409111182543,-0.6293004403156915,-0.5179303618187799,-1.1531017502852563,0.150253714412581,0.0348873078660661,0.5024318861459112,-0.8122970830360845,-1.6198341479365508,-1.1620427350861997,0.5368929179470352,-0.6284759888291909,-0.3627871156749187,1.1256544649611844,0.1672381511346627,0.3144676144596926,-0.7750024936951053,-0.1100560395302845,-0.9136607281277612
SYN3_0408,0.8286391455099238,0.0755368248145131,0.3655715980421032,1.2476748787675938,-0.1344341694384777,0.4106387434502911,0.4124661404735755,1.016190294301872,0.0807278978272667,1.2126266877029197,0.4883779538418781,0.3217529787520037,-0.2071784186171054,-0.1274560613619004,0.947463677116134,0.2049312084044522,0.9846409552599712,-0.6200472803021743,-0.8395651541710576,0.0318279923737254,-0.3945970644531829,1.1699795844866014,1.4496068203043917,0.2396185574540387,-0.7424699050174383,-0.6349463803607635,0.1398812511915066,0.9304527326013836,-1.7939481554791434,-2.0398245576331613,-0.479310971619752,-0.1164879644213418,-2.010566013294082,-0.2752357271816455,-1.1469726152574786
SYN3_0409,0.1534327021116317,-0.5670841939941983,0.4949752730153932,-0.702577200347884,-0.8290594966502252,0.0476048083894235,0.0972036038324796,-0.667578123838329,-0.7856236234527069,0.4424119226039639,-0.6378910067043454,-0.1192755082464585,-0.9070103158548632,1.61740479761941,0.8911756202331338,0.8721773671858385,0.3048202855838265,-2.295861942743769,-1.5174557183599011,-0.3479597184226891,-0.1982699064144598,0.4105535174177514,-0.8393135025750467,1.8533757168535347,-0.1054169804743153,0.0453784504414128,-0.9661126876487814,-0.6686206112947237,1.2450680195309398,-0.0965109738290824,-0.5789350342036862,-1.4530836063837098,0.2710085056388797,-0.3914481990154386,-3.132240944292245
SYN3_0410,0.7799224866133897,0.1526612703113806,1.122380815272443,0.8020715562073045,0.3853506691963553,0.3014774579640558,-0.0647684390630538,-0.2716157115963014,0.8439042780159162,0.79526701512714,0.2204896723616497,1.4920418545314311,1.5052379684832324,0.7843357692390862,0.904722846166311,-1.170873599140334,0.0481835528267756,-0.1145267803623163,-0.5306035501585484,0.3115293737456953,0.3060656641123329,-0.7663382500647977,-1.4242782414903126,0.8061685174476454,0.1085676377739282,1.7338088638511546,0.7302245255418094,-0.5911147054925954,0.907250838310972,1.4462635868996272,1.833046523668792,-0.937345121696634,-0.3411608280958279,-0.3914298095643526,-0.2489652322555277
SYN3_0411,-1.1125527057971358,-2.11877158735274,0.679284773851283,0.1600123010543169,-1.0192422767443674,0.7607064113625828,-0.8360242898539332,1.081538895429895,0.1516124216962858,-2.3556478915506123,-1.6484411288636251,-0.3846037500403002,-0.7708089031025557,-0.0624263219887674,0.4458317109425801,0.5400985011700147,0.0413635040232476,0.5115382447082171,-1.5920671194333773,0.4498775166038395,-0.5646419943228218,0.3912677870033551,-0.7007586120681049,-0.2136344069146704,0.643215884666588,0.8054868027859081,-0.0041731436794127,-0.3220245127263444,-0.7013407394907035,-0.4665124092638082,0.829837030638261,1.3974014926864196,-1.4125423288869623,1.26949548561704,0.2162584697282371
SYN3_0412,-0.9589943394804,1.5366329294068377,-0.5007673789971584,-1.309872154844606,0.5117536322530284,-0.3316441127121784,0.0444750267823129,-1.0239924072610278,1.7985036202932227,-0.2792011590418848,-1.4168317673774684,-2.32555535451295,-0.2582659384392913,-0.1434279707144548,-1.3275896667224207,-0.3486563664885307,-0.7270078333428516,0.0983909878264878,-0.5046974877988727,-2.457798381634515,-2.317187059269555,-1.8740566262828144,-0.5832650888876653,0.7823297017641555,0.9609493541409272,-1.1718321041983502,0.6613919572999378,0.1521762191450568,0.937915024917662,-1.287220210552948,0.727994297015304,1.4990609661177667,-0.0185650650952189,-1.2340884186463172,-1.4661661150575311
SYN3_0413,-2.1188756103289523,-1.058593014201047,-2.192537671821859,-2.410999082124955,-1.0936350644360016,-0.0284031283616634,-0.5207857995570782,-1.7115907834800783,0.7152640611800087,-1.600707942076124,-2.226100050677689,-0.625469942663997,-0.9828847330283248,-1.4089082910211237,-1.8641710973101164,0.1902136868950103,-0.6068834719664962,-0.6944530719076702,-1.4858283087964173,0.6309041732777411,0.7599308021084253,-1.0775069053120518,-0.8638519905721019,0.3165589356962986,1.2384991199090778,1.3484474989729816,2.1760076384227225,0.1925696335834504,0.0527352079300528,0.0942369401618461,0.8191922278535592,-1.883590782873712,-1.783569237555305,0.5874520563536352,-1.0256368471652102
SYN3_0414,1.4610070084749114,-0.6897560169566455,-1.4166864164871908,-1.5218776944055674,1.1401713897027217,0.2077811675393177,1.1747149238994636,0.9663077751317584,0.4046663552483787,-0.5750720001118798,1.6208450580456697,0.8448555277714899,0.2274826164315897,0.0324985972610398,1.1667035054306223,0.5960541628841023,-0.8428044955545226,-1.4028719657862718,-0.2428528534079499,-0.737355389720071,-0.5361363233300959,-0.6963655013801221,-1.7471538895793497,-0.9017363144908032,-0.7590794499330243,0.564587196447354,-0.9980868180348575,-0.6713096235198054,-0.2779755902594937,-0.0376602727435741,-0.9341990229536188,1.5109840127336365,0.0337098650618161,-0.5205197023752868,-0.7178948851256267
SYN3_0415,0.3441477492349709,0.5567543971748291,0.6585244892072175,-0.0692172191044334,-2.921339418943185,-1.6912987659545309,0.1727007432295291,1.2562244515502716,2.471531119702771,0.4917096683426781,0.5552006259338371,0.1568634544732379,0.2914357877323008,0.752115537086968,1.401545184269702,-0.8201433434392134,1.367881408597111,0.1118156158957549,1.6351536772955657,-0.222258063635642,1.3485525014464177,0.073156943897838,0.6461528084497561,-0.5003774947122173,-0.2170744608949099,-1.06912994780406,0.5378286647659838,-0.0969612565736233,-0.7795838615509629,-1.8953362474849684,-1.657853303429418,-0.1765217094134735,-0.0827801504876023,-1.8315921972609144,-0.2112395165215894
SYN3_0416,0.8859944513595654,-0.7009339701174888,1.533989548076723,0.1003120018104537,-0.1102408377712209,-0.4469252688137797,0.5602887235821608,0.7631399433084244,1.8524972008613425,-0.55245971257364,-1.416798554713654,0.5998687431789204,0.6133133821793798,-0.8044341839161689,-0.9100783734385728,1.7082807217532372,2.118180606150734,0.8460047403346037,0.5000239545255384,0.3641752110041955,-1.5746980078972912,1.6170429144664762,0.6821141035839141,-0.8667211945443416,-1.170694861464041,-1.3922431767044952,0.3234609746537045,0.3916536783874134,-0.0772848912128656,0.2216635141487392,1.3952908015889631,-0.8031266283124119,0.7281866420451265,-1.1746012671514858,-1.100628734450935
SYN3_0417,0.2301294319496414,-0.6282721467504577,0.8544759572922753,-1.251560264235041,1.1356865380313286,0.9096105016516156,-0.3632355984458704,1.5344080177234511,0.7270153397283522,0.6214857546529907,-1.264131610685169,-0.978244674238026,-0.2537923547305981,-0.8293068411641988,-1.2554603038667842,-1.9062569551522297,-1.7242610252630108,-0.8600024952449214,1.286959640188195,0.6009911550078842,3.0796109426255347,1.4285918934413948,0.9158980937525318,-0.1915542176254177,-1.0653580882005511,0.4641689421552296,0.1802363553744439,-0.308352869825068,1.180665399790388,0.2934009846861344,-0.6535349606132242,-0.4668249512348655,-1.94243681311217,-1.0145623874482816,-2.893953326040444
SYN3_0418,0.1983488046858999,-0.1872644313020015,-1.3017750912005048,-0.5650918146919027,-0.3945408995298712,-0.9475036201272184,-0.5376886519438374,-0.3660466695487978,0.0903591330020675,-0.145775985365426,-0.6251033614133406,-0.2768175292122479,0.7398740496844601,0.5229619652210428,-0.1083042673144909,0.288308883546095,1.0134624480317185,-0.505387885465571,0.0799583311843078,0.8650446544180518,0.6300733676966169,-0.1100261172520804,0.4122296238702982,0.7880693064136535,-0.0273205904774796,0.6354487956277451,0.6090955587565555,-1.2698517658336497,-0.6229332304420112,-1.085423013638692,-1.3525533040791138,1.0247905936003074,-0.0957645752476303,1.4701556666778504,1.211485866720377
SYN3_0419,-0.7857961311544464,-1.747162980231857,0.6073541942256963,0.3470998854470172,1.196887980227163,0.342398290064484,0.0970306516011954,-0.4588045974892825,-0.2911563703445101,-0.772614943502149,-1.3145791672588054,0.3120665969553478,1.3163289284705657,0.7151993546646445,0.4400218030660613,-0.0827414618928799,-1.169073279935474,0.6345245848335003,-0.4919701292701392,0.205372508329382,-1.0660853670953454,1.022307510368653,1.1036817281511857,0.4208424349425244,0.4509262342100472,-0.0173709548220566,-1.742044231076732,-0.2093890650964628,1.0913633545304346,-0.0672808031566081,-0.4453575218746419,-0.2210370038841312,0.2244995802599304,0.3028202424014346,-0.619853632308971
SYN3_0420,1.156221709763704,-1.399497634156059,0.762455276961971,-0.8020343177236021,-1.011751278579885,1.02831889964295,0.4638634994333581,0.3834478942646043,2.1969648600284413,0.9821857261287452,0.3247548194908878,-0.7227677556835718,-0.3898596037118558,0.5307613674101852,-0.4225785383777964,0.1892080563029843,0.8046879854354836,-0.7199336360835126,-1.1506460294168197,0.3345524259718218,-0.7307606732197856,-0.6734776626615288,-0.1271391310768935,0.40356886586831,0.7297280698024287,1.409648131969484,-0.0154096043314289,0.3388172051447831,0.4146285123082315,0.813834068623494,-0.1306700530357879,0.3941828714177299,0.1292069978689494,1.2095093621441566,0.2632062374818887
SYN3_0421,-0.3566208280466929,-1.9053115210467777,1.9768213370819907,0.4647592758588058,0.8649356396597814,0.0084976219961458,-1.1216066379040308,0.0384245667684549,-0.2702474492088828,1.517995598363761,-1.353208511235955,-1.2873473696011752,-1.402756998438844,0.6756316446151397,0.5390023247079208,3.030297960493939,-0.2841363001578,-0.6823045369505206,0.5984270524195712,0.5402449460972858,-0.511334641628713,-0.3682770324022024,-0.4265807332458017,-1.104465700303718,0.0962790282535375,-0.5977030981005395,0.1764522624942396,-0.5759260193318102,0.9866077330121852,1.0309754686869494,2.047130672224911,0.6170230791138266,-0.0215699961580559,-0.933343079939886,0.1305598300122382
SYN3_0422,-0.4301945022067134,0.939070264228154,1.4863268094466382,3.066093468173324,2.7227487984797945,2.0082108423202385,-0.1300607788130217,-0.4846219144762705,0.7942211922155129,0.9004355987541112,0.6716531168237461,-0.8669973514953768,0.4441813320613805,-0.6834708699742902,-0.2798765349024507,-0.2451058244895002,-0.0233994132647625,-1.5456146876213963,-1.7022621589728475,-0.3220032622441711,-1.2206354155661243,-2.3353090579426783,0.1326322070683889,1.3395063610779223,-0.2431044619334251,-1.0502422841345749,0.4504460373029048,0.6398768170542741,0.5105956082289203,1.6824283036028127,0.1604993780441449,0.952448202257506,2.157463522250874,1.739926091756184,1.7958465818020817
SYN3_0423,0.4764395599292794,0.6648732199624195,1.1789989824645095,0.7223904335052563,-1.8480120803671165,-0.5090898185278657,-0.1698540794357554,1.6880458216280927,0.7029419584210264,1.427664300850337,0.7897999741758276,-0.6685736954944389,-1.4073872401283076,-0.7950549756087948,0.7597440460238157,0.6031127224755334,-0.7237029401727663,-1.395013455901139,-1.0259170512045908,-0.083296050685079,0.4514152700469783,0.0169396499060351,-0.6677328723621926,0.3776250041938244,0.4606636813847014,0.260580700426533,-0.2225023902701806,0.2439179777611773,0.2822206771190539,1.7651789292016895,-0.6457367970882888,-0.1409239711108525,1.4091094713928978,1.290512040938523,1.292824282149645
SYN3_0424,0.1653428915497562,-0.1550001552187893,1.3925492726680044,0.8891539262226152,1.0464785438812751,0.4722356997832274,-1.504002872410166,-1.509043750507675,-0.237181531419769,0.5595227008846693,0.8241601606033,-1.0253184945470488,-0.5081518321858897,-1.2447958064668465,0.3150383459632088,0.2054993690742722,1.2019394165799506,1.9557660712591045,1.1372228119938836,1.871860945309031,1.8556483067479588,-0.902575325153747,-0.4388331779525716,-0.0908808374333051,0.2296023330743746,1.300138321654606,0.2152965892515946,0.1225876094373647,0.5789623107250842,0.9570663063455968,0.6256875889257523,-0.4271810545355492,-0.0177486462933441,-0.494118166110682,-0.224026584582849
SYN3_0425,0.6700939968295254,-0.2227111959067638,-0.6262299872642048,0.0156296365790063,0.6362549540553045,0.416369918780644,-0.0522738042897883,-0.9071392385688414,0.6263532754008772,-0.2136079346747575,-1.1081626241782665,-0.2106437961174152,0.3901375145939207,0.7528014859605524,-0.6523839041428059,-0.5604358929341832,-0.0894539669842295,0.2870827611197874,3.1725564021739325,0.6550590072971243,1.0518943002750785,0.0274969387151505,-1.558636276708877,1.5062748343360888,0.413950071523362,0.3706248639177072,-0.050593511149207,0.8803672059264374,-0.9350505331677176,-0.3268858976007728,-0.1875022446867552,-0.295643360690813,-0.0113050419168198,-2.406080257770424,0.2264261027991465
SYN3_0426,1.4219812239501384,0.7409784427402014,0.2381500532550496,1.4441551439434503,0.4237427461176248,1.022969098532889,-0.4315774652430198,0.1428107318841384,-0.7543572579963987,0.5560657848166477,-2.148787831112489,-0.0879903580973459,1.1836464672408789,1.6636329313197222,0.4305080960094405,1.3862297493620588,-0.0147303909214129,-1.341931533649475,-1.2663612671437174,-0.1415266083722534,1.152814382156547,0.237969385383422,0.3559191248611382,-0.0429760288288196,-0.046802702589374,1.3750537454424363,2.478827422682706,0.3877151004867769,-1.062290795894246,-0.086581841478018,1.1811379764939132,-0.0460687942684755,0.2359332814247303,-0.3255116873869402,1.0188109026782488
SYN3_0427,0.2432251174374363,1.3412798175140106,-0.1309341733268159,-1.2073299722303263,-2.195810892214236,-0.5684506479876896,-0.4102483640785269,0.7232650782184084,1.1631834607636533,2.342485815206899,0.7308643187161038,0.1437822785877076,2.040462674508864,0.6195320495594581,0.2464476858816355,-2.2110828779771707,-0.8362750531130088,-2.4433115539171197,-0.6690365296067489,0.5622035992696409,0.3359552949079226,1.6913814169257697,1.398580263661304,0.720671674497892,0.6055811871509262,-1.9061504388202275,-1.800035116925232,-1.0082273797152557,-1.7401362832347589,-0.983290919937787,-0.2229318492031464,-0.1975474364262821,0.3079965450314779,0.2402401029049561,-0.2926158357645524
SYN3_0428,0.6677117613181766,0.8732783737591123,-0.2273225108546149,0.8188770939750996,-0.6709225655182547,-0.7598553512450682,0.39771088751296,1.5954152781737807,-0.2025913938323456,-0.6385571289046817,-0.0646002295485491,1.3169455988088317,0.3886517190813584,0.3742406643685341,-0.1703657069869601,0.6652625740512671,-0.9572274990699424,-0.2355069523678371,0.9871385809833064,-0.8632398572818822,-0.3435895043277844,0.6213052751949717,-1.8563382262027943,-0.3804611721130367,0.4540773760743984,-1.7510560401677129,-0.303993567369115,0.5376890766226442,-0.6106564158827327,-0.7310834980002601,-1.91117046791828,-1.3416786224250197,-1.4925211179480151,-1.4571562970094558,-1.1767091399396716
SYN3_0429,-1.314765509774564,-1.0265135383602055,1.0474039683624334,0.962897504798582,-0.942248368335404,-1.3419475730952772,-0.5298665636077701,-1.3966595322829485,-1.9667280811178371,0.7475588853474863,0.7340666931775293,-0.029951608687542,-1.026765943553642,0.462564886747727,2.075630083336217,-0.9927386900764764,-0.6276809039760028,-0.2648365304762061,0.053129052823547,-0.1596205265592294,0.9218561734046078,-0.1435388562076023,1.061494868690124,0.0854709311906014,0.9175726973867973,-1.313962230338112,0.20130062129337,1.1189323816554693,-0.7755046074154821,-0.0220211470887546,1.1820391079723196,0.175528329659941,-0.4015245957157137,-0.7780716669613303,0.4277249557231697
SYN3_0430,0.5676793957510904,0.9974014071315828,1.722105404229775,1.0328733513508193,1.1040723464515627,1.7160887046116364,0.0557455942082321,1.0565339665841362,-0.5219573670947096,0.3007148312673262,0.2646036715024423,-0.1584900109609579,0.8342529071723893,0.7292493394729844,0.788760347349847,0.1520235591228031,-1.3511981825288897,-0.7843046941336649,-0.1738233052958934,0.1641867422906302,0.0059597510276218,-0.9613827383679996,0.4718169953842952,-0.7837584091466189,0.6716174091521355,-0.0750757674357914,-0.5961815737373007,-0.4540335490848998,0.606020077959648,-0.1665778106595548,-1.1163618402463855,-0.9742302033980316,-0.1681122249767246,1.101590713794794,0.4339609301136254
SYN3_0431,1.2854215822574315,-0.1305070892750853,0.4140974154512413,0.4640067560053376,0.39915523791205,0.0815645707489648,0.2273579032054676,0.0490236036787147,-0.8006302311492777,1.10794043976921,0.3097912022451122,1.3039324762306843,-0.3557651988949402,0.93015634433659,-0.2906447201936877,-1.4263825748917152,-1.9018218634445416,-1.1872081712155569,-0.7669202398122351,-0.4479988030331759,1.3273581030064607,0.9638361680720628,-0.1565228069459171,-1.5013486896625767,-1.3958966831625794,-1.308785434983337,-1.0846251290663478,-0.9338466131151474,0.4167133786305035,0.1520257005199308,1.2439506490219625,-0.0661080838817504,-0.3910016796429262,-1.0140256739141118,-0.2476753420342556
SYN3_0432,0.2980559939674451,-0.1662313876142612,-0.7462636011822528,0.7144425625749458,0.9006570176061757,0.6757780307775714,1.0870105788013462,0.3828697202402447,0.3188764632232621,0.9466116041009262,0.9154480059930428,0.9276575304574082,-0.6454578615028949,0.5289890956066197,0.760512616506194,-0.1126152643871796,2.159714286573793,-0.5633708391179167,-1.924453413177565,-0.2066379553901732,0.5182367174571214,-0.7757434208780482,-2.560875698198908,1.2568495772742942,1.865772020550708,0.5563121328971836,0.5260588097575867,0.4997878302852063,0.3121485951845382,-0.4373698629087976,-1.5297297336426303,0.7813667572595365,0.3981159077894638,0.217003783547222,-1.2212421864086531
SYN3_0433,0.16865981672355,0.4533725785738829,0.2827005695568796,1.7145538542541492,1.0337639793994593,-1.0203774490858828,0.8855410649722717,0.9609639988949396,-0.3234803436590209,-0.5821800265318451,-1.4916428905473575,-0.5299677855749158,-0.4658816079674826,0.4118876915079419,0.4958370072976686,-1.362074250096359,-0.8548302252263039,-1.3595544911164157,-1.7981094553431214,-1.9341791642290576,-2.627254862696233,-1.5354796330475693,0.1039929009610171,-0.6833162138146645,-1.4596464324027894,0.2032942122503324,-1.3820385957936618,-0.2961974514690125,-0.4093666075918404,1.800420025616731,0.8439987813587544,-0.9383858232119284,-0.161578879808677,1.5929073525375186,0.6773374213679543
SYN3_0434,1.576449850427618,-0.3278087097870962,0.451791597720408,0.7389731971766869,-0.3027526128306633,0.0982296842583326,-2.1012417986157907,-1.3981825250139075,1.0478480672416004,0.5199133361769024,0.4368424176240877,1.4465499263999393,2.196123567105274,0.7187086438080046,-0.4325140720335296,0.9967253631535736,-0.1278515507902427,0.1782432163019691,-0.4709387387286559,0.4068378782533317,0.8199307628215843,1.3653113643852666,-0.4776754953115847,1.0511487129753316,-0.8671479349807838,-0.0364229054092315,0.9083823947644658,0.503604189668828,1.0040665487028786,-0.2421754153553914,-0.1498514969615768,0.3030985282340491,1.1009533680392702,1.3472354953032002,0.0235873786838007
SYN3_0435,-0.2731565116147981,-1.2470703792663476,-1.614775585453254,-1.2950960767375272,0.8122832482148499,-0.111056808254998,-0.2498202457692618,-0.2358290225717798,-0.0504321559960482,0.8607667585843373,0.3723504327585895,-0.2361831887549588,-1.1598832729760091,0.5348429972252355,1.8714460158599449,-0.9785055922502166,-0.7915797418416873,1.0519944336544398,-0.2924664133293157,-0.5544759881768666,0.1144171833758041,-2.3470663516112094,-1.11393532422858,-0.5707047461020088,-0.3214602740407409,-0.8067092895255471,0.4694934040851449,-1.4847513936089989,0.9243901506159862,-1.392201112165132,0.4472607694255267,0.3136887855587674,1.3510952179871845,0.646633896110567,-0.2312211030705176
SYN3_0436,0.1401362884109535,1.611738292991446,-0.1682175705284895,0.183705299898603,-1.0538149876512088,-0.8000075006131462,-1.4837383541846063,0.546550946973822,-0.5493810250255358,0.0598708824798078,-0.6520863879573183,0.0886462038163962,-2.1048905213734423,-2.466999528416944,-2.208256344065915,0.9961320078693834,-0.8872245590057389,-1.4780261611025098,0.967386472585802,0.6277170592152138,-0.1588581751644523,-1.3615821361008256,1.0868912189944393,0.8400387655285738,0.4958494464862068,0.1042860501926166,0.6606503820360796,1.916621898906896,0.8880385613575614,-0.0757016994927366,-0.5099638549035873,-0.6624753423878333,-0.1378513818068095,0.1292531973440929,-1.0817850426089757
SYN3_0437,1.3402869156391426,0.9665930442939292,-1.152553762470731,0.9362264569117408,-0.4918765873270434,-1.357689589632616,-0.6539333818385874,-1.0470151933873002,-0.5498771921328192,1.6363413184260616,0.8024844315419606,0.921100159093458,-0.2524786378629957,-1.4805001163604152,-0.7332706754800729,0.2381336282175629,-2.0782314975735474,-1.276197846820451,-0.3189220286881838,-0.068351676983727,-0.4290642343776454,0.1409071322380529,-1.334206722500768,-0.432151566842901,0.323470337266129,0.694713128200142,0.557217464662953,-0.7666550711062273,-2.0119994116445548,-2.6698459536871018,-1.8523744618436404,-0.6539351137957515,-1.425208690371147,0.2082029083020783,-0.3884327272441168
SYN3_0438,0.1684839809580823,0.395691007969788,1.9598286912877596,0.8921529799363263,-0.4954841039659542,-1.9466168559135624,-1.9231516613344255,-1.221811202655778,0.2786777099742079,-0.0466183178282485,-0.4202289674219617,-0.0353853783418286,-0.7246615993265872,0.8825521621245408,-0.956393086492852,0.5832748784102033,1.2416032048045709,2.079522732198533,-0.0320043442898332,-0.6183187804680149,-0.2395673328735579,0.9621948403125968,-0.4124587747290676,1.779448369878011,1.3534408263414917,0.0729478471294238,0.1080275521009001,-0.0168070561464038,-1.3674277108116395,-1.2785226832757484,-0.0049380312663778,-0.2469498437836673,-2.159871501382719,-1.15296809590759,-0.8294317017703176
SYN3_0439,-1.068268254288015,-0.5000128365179803,-1.3647902362291122,-2.9129737109607685,-0.8861696857543938,0.404577095248489,-0.3607600268812644,-0.4438852502832928,1.4928165721627409,-0.1133681864959078,-0.4866369188661211,0.4326003933034336,-0.5419473885395448,-0.073209859449524,-0.7820468856178582,-1.737466318525322,-0.4283598614820648,-0.4163287595757865,0.6795578924448983,-0.3499798803705294,0.7225711818979882,0.4567236493526869,0.1169836663930445,3.278022161150088,2.152502706799971,0.93580053681058,0.1958335218375627,-0.0325292775543056,0.1852732459437198,1.050896593781545,0.8170291444401513,1.2598186159271678,0.3155015155076727,-1.5665502976014756,0.3607626842145191
SYN3_0440,1.0047187071225132,0.36975517738402,-1.3325919231798542,-0.1873406460294944,-0.1998396181892222,-1.274827888102982,0.6913405328463688,0.8308422631304788,0.9736725403310976,0.6944862625539632,0.658315993749209,2.0486573185439787,1.901129465401792,1.0516478616520264,0.496027461495235,-0.3554258528762175,-1.1721339160906414,-0.7576923073681882,-1.1818977327680942,-2.511401481413981,0.1734517624411361,-0.6218589158307173,-0.0707857095047724,0.2661119795200121,-1.1684439935607978,-0.1927819741633451,1.27587448462049,1.960332605284964,-0.1509904228241605,0.2776213735878035,-0.0195387355139952,0.8823569257316503,1.312716234506906,-0.5807175071590007,2.244362528087108
SYN3_0441,0.0445344374422381,1.924761975814492,1.468369790467758,0.6655005182232596,-0.90160825506951,-0.0431299199333999,0.1399789155601808,-0.4690212334043779,0.4086539018738747,0.5965418876118207,1.985975638215641,0.6000827636043046,0.5299824817433612,3.135137628195505,1.4165114911506032,1.1735741636343369,0.9128799680845082,-0.1839416871122938,-1.553716410323902,-1.4579757299016516,0.3479164939440744,1.7053199902594134,-0.0348535442060113,-0.593687110292477,-0.8743402553642152,-0.7718432692220615,0.0811300706108461,1.74425729573176,1.41298550949201,-0.6839392164695154,0.1472506354776049,-0.1871417743671615,0.8798775815492158,0.6875467578051255,0.356464129743975
SYN3_0442,-1.0615819854667408,-1.9611368324724576,-1.3842146556007937,0.1885164305413938,1.164667407990572,-0.7881903214147382,-0.5460907840466405,-0.311746103883366,-1.057229840999552,-0.4979969560748135,-0.1479506187108115,-0.813106514828349,-0.9181591499607812,1.1409290100281853,0.3678464532061831,0.7681071769611545,0.5745176606565018,0.4061866451103993,-1.0267620006539937,0.4839562688879177,-0.4370204583581669,-0.5813517017892764,0.5405660094985782,1.2601598590715004,0.2406148529460598,-0.139400183051997,0.6351427399508028,0.021155634675429,0.314747717391969,0.0322446883381267,-0.4824728506011422,0.45442131054619,0.3543014873935071,-1.003029515581002,-0.481482939088566
SYN3_0443,-1.4703074912644107,-0.2263088475956299,0.7539373606870023,1.716157510967864,1.468881710693836,0.074168086304251,1.0527381384355174,1.8166741344044224,-0.9264866870877788,-1.5307438025856457,-1.8807829331440256,0.0724160807772879,-1.0229953777315794,0.1489711221889282,0.7024366589215132,0.5284715593758454,2.9237836130709427,0.6722855563024452,-0.9018830050993294,-0.9062856338314188,-1.7740987704077409,-1.9842876320369824,-2.6217371160877017,-1.0042838156870817,-0.937179970687156,-0.03058792898894,0.1477543996836333,-1.2072742247167676,1.5319886501318032,0.6365713772509755,0.7734777752525073,0.6339536815013349,1.9777433743390207,1.6094567994999118,-0.067135185122184
SYN3_0444,-1.0421792855660446,0.88829554663261,0.8015288365157403,-0.1161645961487723,0.9874281328281466,2.4041232645813184,-0.1675308432753006,-0.5751157344804884,0.3974249671308,-2.045033098396444,-1.0789756602518434,-1.098336376049665,-1.5775328257922607,-1.198687775744479,-0.5521184461563254,-0.0015315500526362,1.323416295625396,2.0032280302642507,0.3312155737626423,0.3282469368684891,0.99107972923012,0.6183046753131084,0.2221240756023349,1.4766071449827736,-0.1564033555548314,0.4353361767749415,0.8966474481087469,0.4577746398713164,-2.0695236484784334,-1.931912670645007,-0.3447982764441343,0.1340783584383177,0.8440200525812349,-1.754864581073983,-0.0111275023468048
SYN3_0445,0.3789519267022934,1.6036743519447998,1.264177665025694,2.1430051306637017,0.9296253376204832,0.4475763562118882,0.0832387842703728,0.0080772865221017,0.0177680567811545,-0.1033632392101839,-1.6765953973027328,-0.6139736594470057,-1.3789317206637646,-0.8189248278119513,-1.9107893950223345,-1.988962401975671,0.2210792119235717,1.2037009799530112,0.0334344577844617,-0.8733023359814506,-1.144102550083439,-0.4563309573264499,-0.8783941474940233,-0.9047176287497004,-1.802405059309362,-0.1437853324530054,-0.3184592233240268,-1.2483081477489135,1.4750112332818934,1.5713831770962643,0.1043261310093959,2.016633820067208,0.8687805558299211,1.3987566707265795,0.4624879333541588
SYN3_0446,-0.7422395139984637,0.4257816088279632,0.3341053638056092,1.106221118053817,1.0417675164497024,0.4473466668344731,-0.5895651635675996,0.1025058427286724,-1.3816164984329984,-0.3227712234018097,0.2355551076497096,-0.2292860006655795,-2.333354224021716,0.134225654949825,-0.4000699971954539,0.8242683683774044,0.1312428088219769,-0.8156787000817768,-0.919715426098985,-0.0843218267960135,0.8024925396386697,-0.4307456120830248,-0.5709112138667666,0.2730700975560539,-0.4682747592671771,0.7029771189439807,-0.0188932973152822,0.0150687542526821,-1.1261202003797923,-0.6899556599359781,-1.0259599827626311,-0.7545988096876086,-0.8059872512277034,-3.113032950730449,-0.8558751411173116
SYN3_0447,-0.3108490371063406,1.1813297965966625,2.7762156903803143,0.8199940232662047,-0.342242456406978,-0.6653619541391985,-1.7278056934992505,-0.987474036566735,-0.6124729573643937,0.8898789544117085,1.612937876306643,1.3768045601169594,2.352516005643642,0.4948197676981261,1.5976593467005886,1.273070661480063,-0.0766883684392282,-2.0785698649432405,0.0378290071442341,-0.797872739327508,0.3263897961948745,2.236837059400496,0.3061132744682172,-0.6073388785526835,0.0350284819438161,0.8767550884796016,-0.0637989181080411,-0.2517767272109802,1.3591349354572266,-1.975985555353122,-2.1657396763199235,-1.0727165002740298,-2.014856723243536,-2.088082913331866,-0.8008367275794468
SYN3_0448,0.6311250890768305,-0.6557232518293785,0.1919866449902326,1.2969251548814655,-0.4315036135730637,1.0553583495222774,-0.0248524315793983,-1.904629485375081,-0.3133818111461727,-0.364457590477508,0.6893737275698045,-0.2131908015258607,0.5073927420467647,0.75405464024869,-0.474753298534452,-0.6188018543180595,-0.1597354597898327,-0.4925152311714553,0.2772639122391485,-0.4772405204584781,-0.7215731194265289,0.9806123664428996,-0.271813419965569,0.2832365166125625,0.0442033695355613,0.5770450765075916,-0.7575889057486643,-0.3004567038441857,0.2394011685139069,-0.7736220132939009,1.1619100703234433,0.1349258727823472,0.8034789617519408,-0.5545076815771602,-0.8824079170626838
SYN3_0449,-0.386035328828464,1.4410280448147137,0.1630017909907331,-0.5125371257952791,-1.3726578138751673,-2.239230237217914,-1.14842027076961,1.157918176596791,0.7417315309194418,-0.9800868253574196,-0.4575528917856334,1.2587860503471746,1.0648747021316278,1.592961501362329,1.3340815507116046,1.745059106032468,0.049638977151262,2.769648868735384,0.2550420768337464,0.3233076334648481,-0.3412329551142418,0.4126979769773557,0.1519390686078414,0.4961871824943015,1.0086181413288715,0.404555018768605,0.0280821541705811,0.6351121065217,1.18985172461538,0.7839709854475849,-0.0934965400795866,-0.5604039661964109,-0.3633441393919879,0.8531155173568099,0.6901519779538348
SYN3_0450,-0.6860891804874442,0.5944925294693486,-0.4261871689153959,-0.2897014516287292,0.1712983647509406,-0.4073466429787921,-1.20464339652221,-0.4908490103665733,-1.0960803607290648,-1.7747139176187172,0.0669353814572275,-0.2910536378166774,2.880260108237668,1.7549510063503455,-0.369002784070687,-0.5365889251811682,0.4497108492589509,0.5267381947091818,0.7442138647399501,2.1347020670756147,-0.2670753615266404,-0.5534138687396752,0.3792852063303052,0.0452559480366541,0.0218383708266123,0.296008070261576,1.072743725841063,-0.0872402652619885,-0.6192892029339098,0.412991534018983,0.1626241895718393,0.5958106623040454,-0.7120959323486776,-1.450863310082409,-2.382227144758237
SYN3_0451,-0.6911740085632624,1.580837723357212,-0.9685064934482268,-0.8787127101098501,-1.2661871528307738,-0.420841146802155,0.5485126753131814,0.558503269040228,-0.2852007399353454,-0.4972380251552263,-0.0860515905322868,-1.2106107043192178,-0.4787035489951504,-2.4983668794459484,0.1950184837717643,0.7755396635617857,0.4837203791516704,0.7499875741508787,-0.0705611681338978,-0.5279480764491501,-0.1970951058184519,1.1728510981423916,1.2798311765811587,1.6222562299674552,1.5455778649648149,0.702600866147158,-0.35229421163767,-0.1609775849424516,1.6078605731984683,1.1946889744788878,2.1622665295762244,-0.7361585961714182,-0.2949823581845556,-0.5410996839617557,0.4505465045261984
SYN3_0452,-1.611106012503557,-0.7721004475523635,0.5245512408883722,-1.0320804632216596,-0.3382780381308385,-1.346895543376987,-1.4374039344206535,-1.4411757764824835,1.0609786386448838,0.1967047624249598,-0.7585873929350335,0.1343802551534101,-1.4258445871481964,-1.0233281239634595,-0.6750509127415067,-0.5954726650078165,0.3924284358255666,0.3338703083485211,-0.1035038787724221,1.445794655504095,2.5484545046028395,2.1175684950133875,-0.4050450292659354,1.0930453262961666,0.0485053307478213,-0.9033623339734124,-1.4252421681659195,-0.6462882386046588,-1.1641382418127422,-0.0869844824104074,0.6960953948907332,-0.086652460164242,0.579904679115598,-0.1759828051653462,1.038449939413249
SYN3_0453,-2.141938430406836,-0.8718427063806183,-0.7968671548831423,-1.4595842757221758,-1.1554071875936902,-2.253447980502194,-0.8048012295498824,-0.2951719225656123,-1.42939043153227,-0.1142069905566967,-0.496803994778844,-2.132051418887302,0.2864643814335039,-0.8676918287335985,-0.0715120363444214,-1.1670438980218882,-0.5634933518895118,-1.0417995242164717,0.7274676459601925,1.06402580827584,-1.0573214310360926,-1.0035019486885637,-0.5994647234062479,-0.0223674280470342,1.2082729628397175,0.820776975511625,-0.492231300394952,-0.5778155260767942,-0.6191769968722763,0.1470500045480154,1.4263048810821397,-0.1919674919447198,0.0101289506386546,-0.8748701041776203,1.7632453957472454
SYN3_0454,1.5359770816930738,1.439814857773016,0.4883453965056955,-0.2233459886503068,1.2519496446915377,0.2180126873180024,-0.6514817997064716,-0.9324430672163752,0.3638665196719775,1.7961147664989678,1.05279795612378,-0.2195793844278766,0.5182490573679751,-1.6159000222869233,-0.4735574081014568,1.3010746692916322,0.8032209729935139,1.1435012827771964,1.199650832661338,-0.8615423062166399,-0.7067227204145059,-0.059804741197736,-0.3343995096798768,-1.7047596128686295,-0.6947458697212641,-2.184827537730942,0.3058764182636088,0.4738016151789463,1.6890573774161073,-0.7566437012872894,0.5764466468694689,-0.4428607491575152,-0.6869236425681181,-0.8749423967198892,0.2579326873810256
SYN3_0455,0.1720864572604247,-0.1675690773238096,0.0817391202479602,0.3479532130067381,-0.7443354654038887,-0.4782001380217535,-0.8058642172198288,0.1499254435311233,0.8914995325334816,-0.5734616390043287,0.6326259252251977,0.0493193114506874,1.4099407948563187,1.70857017817625,-1.2523927430345962,-3.146721925785793,-2.2601501097773515,-1.8593650425873565,-0.496450366358087,-0.2268625147422571,0.3526870529048979,-0.4251773780317803,-0.913817228124847,-0.0205428460118715,0.6279623653601133,-0.4526228976495917,0.0157200471665335,-0.2121411506834466,-0.6195247663273867,-0.1833082739799003,-0.4618511948713287,0.3103356608808029,1.0655854443780512,-0.9528896097453768,-0.6462035650571487
SYN3_0456,-1.0052226155013773,-0.085052568463163,0.1499553463143142,-0.6481572065321358,0.0453687782790773,-0.08610427970138,-1.899391134525924,-1.6117342739119156,0.1122709556421737,1.3489267720682296,3.761296356440472,1.911380184537557,1.767477337913597,1.7386658802212542,1.1258649102236895,1.2035204728382063,0.8556338220363748,0.8587211343062638,0.6143636380984505,0.8054646302900811,-2.480287169322848,-1.6311696448241806,0.9956025005830108,0.6714110956439734,0.6440482236167586,-1.0446597097918988,0.111412046197188,0.9375911848230292,1.1626078160719335,-2.016817634186554,-1.54268764344653,-1.4152593540005047,-0.3956229922801684,-0.6222832010444169,-0.0105570749220439
SYN3_0457,0.0540091765780993,-0.6025903363173424,-0.1169522851810698,-0.5482350100593641,0.6207172778334699,0.3919382379094449,0.2056418969021569,-1.7994149413594245,-0.6793740254691125,-1.184808857861009,-1.4969492721092086,0.1696154450690595,0.4078134616196334,-0.7500753288042455,0.5265708114214452,-0.1969787975942332,0.3656207864239469,-1.4500363541385353,-2.0886280927827268,-1.047148647069686,-0.5535035293740846,0.2174158137770241,1.0187682036903611,1.027900395389257,0.9091146475329204,-0.9895396332686528,-0.1007372753628965,0.014551503029907,-1.0913994970236305,-0.1476228308613579,0.8451611643636183,-0.2317034609817488,-1.5919084500549057,0.9602954238818712,0.8245341027759807
SYN3_0458,-0.1832572510593491,-1.105248717642756,-0.269186305503063,0.4677387781513543,1.3440830875978114,-0.2794781546193385,-1.845810189077029,-0.6565343645788333,-0.7191149115791401,-0.5100330388396289,-0.6249166845718733,-1.2688124464520851,-0.0339479716949493,-0.0905776008753387,0.6678711113514656,-0.798069137095342,-1.088324912360163,0.3346107716356885,-1.0604090612964567,0.5837615539847241,0.0317076533422414,-1.200812051672859,0.4158796922804514,-0.3394409003615833,0.838138392924217,-0.0103603887988267,0.7615098928909565,0.3877038223138463,-0.2155667941866123,-0.3157635826855524,0.0477114299747065,0.5056134764469923,-1.1327062477576424,1.1722875595062814,0.0457218614991632
SYN3_0459,0.1578799862279817,-1.1090512304751503,-0.1826310271873615,0.1395625758898785,-0.3100730944446708,-0.4442883951133906,1.2473578822827989,-0.403409380891128,-0.7153240909050856,1.2359136945232942,-0.0997418422115084,1.2139933563250798,1.395534483852138,0.0067316630192997,2.021544079582389,0.4921649861466117,1.9757298564586725,-2.073418873253658,-1.4450179380000598,-0.6996937610757107,0.9230205310864716,-0.908437151297374,-0.3523726553627724,0.888700952914414,-0.719799941991256,0.7406388186866294,-1.246786364239241,-0.082969319942066,-1.6837385300956362,-0.2765906339757339,-0.2299680773447384,-1.0075779733912806,0.0981264288043926,0.4940257627996592,-0.665721771311942
SYN3_0460,0.5791989594241055,-0.0977501001945143,0.1816618429779557,1.7881192795562335,1.2570824363499788,1.00425492990016,1.7904728145336937,1.7797684388566437,0.5622760199522965,0.7028761307175424,1.0569052173157625,1.438508764524566,-0.8720698883411002,-0.2652453705505412,0.1213867453928761,0.075955233516449,-0.9739898715246532,-0.968110368287643,-1.4329087391437498,-1.6025673883828804,-1.1725595448564323,-0.5499525849751805,-0.2404084832290904,-0.482959427179974,1.4813643893346249,0.8389601855509169,0.889137279613288,-1.3107332855265268,-1.726458619523976,0.4894363127215798,2.8160053139999697,1.1767285073843494,1.1404236502141258,0.9095158100944548,-0.9482826317428996
SYN3_0461,-1.072393307882977,-1.2504196187774683,0.7545109595344535,-0.6470218444253365,-0.6198420773479234,0.3216167594958931,-0.8923704699197753,-1.3640937853984842,-0.4243173032309584,-0.4545713790356567,1.223789856304029,2.8530171320338784,1.5381460041354929,0.9655795635116906,1.0600310372617037,-0.2478870314332853,0.2791633601293666,-0.583384286812478,0.3651942503028164,-1.3142932001203915,-2.3513439028318115,-1.2975506749433288,-0.7509496284294261,-1.7098309304066712,-0.2671438642532323,0.2252587170073527,-0.4250574474896937,0.6522638132710817,1.5761602324145172,0.638894472002494,-1.7831512855598837,0.2424583964058949,-0.545373321176843,-1.482243485025551,-1.3083330365479915
SYN3_0462,-0.2837896476301367,-2.046211591801548,-0.0512190431626334,0.2306863790237226,1.3057692658843534,-0.5080687315637774,-0.5674094556377792,-0.728400920771036,-1.2142360410916142,-0.0849445077401676,0.3595825606952897,-0.4656576129594629,1.0419036114793134,1.117706447065372,-0.4871740780757023,-0.3791523928455079,1.1957899544032782,0.0621934646131456,-1.6392537481383442,-2.162233871287476,0.4532121928404516,-1.4646758408711635,1.0336298858124997,0.3644614129519657,-0.1963254606340312,0.4853400204399057,-1.7788956221958323,-0.9715923180630494,1.3788586314445612,1.7375783587914535,0.2031483340903071,-2.417846961687548,-0.6676907289095841,-0.451859291126222,1.076497866082842
SYN3_0463,0.4287221618324912,1.2306949654607735,-0.0719631287642751,-0.5923318019500611,0.694972449355863,-0.5121055650919422,0.5219672817777439,0.7517704487704844,-0.8950874363920698,0.1522520563934167,0.6894886534656018,0.0094913494053186,-0.869111709304669,0.148532739647949,0.6724495252911945,0.4116415926753743,1.1359399379828796,-0.7344626589173107,0.602048730917601,0.2207262337310295,1.1744201777818906,-0.5948319780807555,-0.2028307558827071,0.3897105377537997,0.6564894725138508,0.3957560712338407,0.1760262826411776,-1.0113259824991938,0.7853214782844758,0.9643086824325904,-0.0196784652193523,0.3104976572395839,0.349023217832495,-0.6666175977150324,0.7906634379273945
SYN3_0464,0.9803561167478072,0.1144353453160355,0.3637157678197952,0.0890183111698659,1.7776086469574417,0.6465467757500226,0.9233966650766572,-0.7385939373355102,-0.185891807856573,1.960101587037352,0.3674266357644531,0.3249520735789297,-0.4022248304487245,-0.3643927665990596,1.7177993629114263,0.7613956903466363,0.0177573905036313,-0.063107965101917,-1.0340467921912695,1.4858717433081976,0.4361941516054562,-0.9374021539049814,-0.1092592805605416,-1.113099707442338,1.0043608047015105,0.8310720872387436,0.5753023905519932,2.0462347058429864,0.0573382770943846,-0.6475861250226489,1.1926179742812837,1.2815826712319007,1.0460337107409816,-0.08706784191357,0.0541147177559781
SYN3_0465,0.3938219663143989,-0.0302084073703047,1.5356616239405307,0.5004562822614645,-0.0980607134810357,1.7466209354571272,1.487061409756768,0.197601665089802,3.548505917281903,2.8968519291125805,0.9913919750752874,1.3169402694522063,-0.683077763275978,-0.9964643317716474,0.4720310463698961,-0.9811624196636428,-0.8770654795708844,0.987483715766356,-1.4729407978618312,0.7924242553496917,-0.0518732010509508,-0.8533238343161303,0.1323877573151968,-0.3534019589235134,-0.2050745089058867,-2.3161159328939047,-1.048659741201056,-1.2171541114237745,-0.9979578312269552,0.1902530620637334,-0.1336107415289046,0.7842027850723231,1.1637447761333468,0.5057094314474928,-1.136900198459784
SYN3_0466,-0.6497223333210451,0.3848577752853668,0.3929953725609597,2.012158382663683,0.5709407263560792,0.1836909284503155,-0.8633843215691648,-1.4255111648710597,-1.4177025421633982,-0.7819744993413023,-1.2396076778765326,-0.6438690094568291,0.4316487661677174,-0.5385152237909737,0.5641283506855264,2.6552744146527734,1.0064198465803758,0.4028634752650691,1.0426372555717272,2.002118102878356,0.5494600051249641,-0.5474789624765597,-0.069521854824774,0.7102867928317779,0.6032652391958674,-0.5745038581905194,-0.090378598074964,0.890618767229699,0.4907673228579561,0.4304061884952875,-0.5349631735946524,0.607292874132273,1.352436788010433,-0.1296258365893265,0.5448965643916847
SYN3_0467,-0.6068355405550702,-1.1817721386972126,0.4359952739798095,-0.5099772125219604,0.1141975882851178,1.285926978461576,0.8402696466262785,-0.7115797911954648,0.2398121630215157,-0.1643258139621776,-0.8650628796941559,-0.3824832923083741,-0.5208208336213456,0.5362111026692719,1.348570143527157,0.1790988991404533,-1.6939895325468444,-1.6475765764253594,-1.4941183412992245,0.5411432477616833,0.4157528605680572,-0.4117200394094957,0.3867907295508502,-0.0169411839773653,0.5140354792240652,-0.5969820563149763,-0.3356573408829792,-1.1448716564354824,-0.6540869582085784,0.5115894064650225,2.0254404331982268,2.919042040505515,-0.9148394150303124,-0.0261651215210013,0.6458558413407236
SYN3_0468,0.5489220346526548,-0.9249713007593022,0.2205967601550426,-2.1729661526610307,-1.249576934999708,-0.4401953760472888,-0.7352314428721707,-0.2148712888323286,0.1579686269041198,-0.1657501944809139,-1.517042131304975,0.9663102357160922,1.6951687906119266,0.6461932858226145,1.1783529204729648,-0.1810494114688833,-0.1486105089471321,1.1575077573705033,1.5773962340567147,2.479063152843452,0.4469440798927581,-0.6972302061605763,1.0432797047120057,-0.4104900595013227,-1.2685694095057536,1.963587752215472,1.0943393937926509,-1.1590426162849836,-0.3939677416720725,-0.0976059832240303,0.1963608694399347,0.9156096805305536,0.9133947894792794,0.0327077594620371,0.94476318171517
SYN3_0469,-1.5829299215780066,1.1468123795030518,1.7981713771609549,-0.3020312569393873,-1.9875898038023143,-2.0456117194908905,-0.448335107056276,0.6480239657569106,1.792854992200504,0.4158826839399558,0.7650744023766004,-0.0677355011797327,-1.3812529000791574,0.4626602590611464,-0.1398804192206599,-0.4094232022569911,-0.1813365822889929,-0.584151545561602,-1.5982178156383198,-2.225955779799642,-0.8098157759456218,0.1946202481313739,1.7799091433259422,-0.0417030914060257,0.3379165510982876,-1.011205743380934,-2.2887928323017674,-0.3603837070650389,-0.3796436188312669,-0.0173542655809362,-0.3405583946594246,-0.8097012283955448,-1.0513062793112091,-2.5478047259254977,-1.7904201643043278
SYN3_0470,-0.7200315683018897,1.1276534555641018,-0.8010905063003759,2.2617371792357077,0.5129821603261134,1.3930888289843857,0.8535770861105021,0.8187804970997772,-1.2000136696132395,-0.8425628304311902,-0.9879392576405652,-0.6827321269693403,-2.485755620614214,-0.8188882452257095,-0.898301709818778,-2.147814465054656,0.9212663483310034,-0.6008942749254474,1.1750175027470562,0.4905730787495919,-1.240242539790769,-0.3565119092014047,-1.482615905007671,0.3229953280272113,0.213348162114983,-1.1024807092293345,0.4190026950885969,1.2222374848696254,0.7863989779698035,2.312656698308441,0.7676066125562333,-0.9196597685488322,-0.3139483212176743,-0.5731998158542984,-0.121317349386204
SYN3_0471,-0.928154403824108,-0.7945097534028474,-0.4596660373474197,-0.8070106184574408,-0.4938429309321701,-0.5079965504137627,-0.4016282597158244,0.716438319240574,-1.07321291928624,0.8535879750404844,0.7527826224553728,-1.411551640056947,-1.2599916410241874,-0.2910309418637575,-1.0910670118794634,0.1636201258305602,-0.174771719447527,-0.3881241206746701,1.1895181525533205,2.854063766366398,1.878431753511429,0.5392037691216799,1.4498473661367173,1.0381881882365804,-0.0007529078103866,0.6547731924209592,1.1609473019851344,1.7029229632942895,0.4539027178896109,1.114838322098712,0.7063712564622571,2.829803209936471,2.4239756765414238,1.7330538614809934,-0.9721810752500132
SYN3_0472,-0.4210806644164589,-0.6449953207956313,0.9431786110882152,1.4222214087398877,-0.3865714508703387,-0.973657018913172,-0.897076046386945,-1.1781838354901697,-0.5396895146041406,-0.6676573462536615,-0.2255554695871369,1.432071691238673,1.1440778959880178,1.3782651854703123,1.2976159559269438,-0.8561548759791644,-1.5155295857352489,-0.052700382401603,1.2101009941651737,0.0789416985371692,-0.4184446279093475,0.1331298219295689,0.23758590986279,1.1359138676132514,1.1794110843748788,-0.5508808501067406,-0.9239841836514028,-0.5400926921987127,-2.395453246297311,-1.455161734168842,-0.4284617801973771,-1.8930336276313764,-0.3464728840389424,-0.4109268857431394,0.3308864295233908
SYN3_0473,-1.2507728324331415,0.0937333122645083,1.047869599075117,-0.2095538296902958,0.7641889801229095,-0.7338371800981341,-0.7231457669413213,0.0086335203382749,-1.167638348977647,-0.4508110764071441,-1.5768898794197272,-0.4027252702661295,-0.3908703521542671,1.0126581277030815,2.6039678436402567,0.7082873330470336,0.3342582230676662,1.023152975206362,-0.8585805837330038,0.1527911364279004,0.7484175339810789,2.3246710736205776,0.3767293253506773,-1.1238608752619457,0.7912769091415736,-0.0423153378074522,0.1376666268747738,-0.113919354026464,1.686148525642282,-0.1300811571271758,1.29405617820453,0.7443076227944879,-0.6607550676249675,-1.6102478742090596,0.4658476153016573
SYN3_0474,-0.081026776157701,0.3767718166676225,-0.2774722035331673,-0.8402439409535003,-1.697597428483239,0.6155495159176471,-0.2165448577389459,0.7595036652112596,0.4211429008820684,-0.5846331598185124,0.759821582964378,1.9302610710183856,0.0985959962295698,-0.3322317624664056,-0.474083631761755,-0.4141172266271976,0.7364571743458186,0.314368074466901,0.5066304264022271,0.3058712345190013,0.1363001530041523,1.1895178366718402,-0.505035175189991,0.4910439272691042,0.8982876514621647,-0.3106582389588387,-0.2912081706564868,-0.3740651877139807,-0.8172684986248574,-0.4857038163097729,-0.3332643255922839,-1.3171149470258987,0.1183710448586765,-1.177867275466641,-0.5712168693431112
SYN3_0475,0.2035468049638691,1.2987895184734355,-1.655496167800644,0.4655324274898752,-0.080145176751525,-0.6510382010610543,0.5817090005875492,0.1666754810169153,1.4716338237049116,2.23923288863183,1.04607213398563,0.6226727620431505,0.652511543156874,1.0564468373016926,0.2219163192011935,1.2774369467620228,-0.4550680773044185,0.5098475728403747,0.414555544291508,1.3804435067746863,-0.1314960498101694,1.7740632901194593,0.5580454157963234,-1.5754983852036786,-0.2428481833924374,-0.0486440161167052,1.882323407850325,2.1777590941743754,-0.189776808320994,1.361749833944476,-0.7861503357873805,-0.3465264018463097,-1.6684674130877373,-0.4077182714111994,-0.8882627142438498
SYN3_0476,1.6305127582528058,1.3852950453488375,-0.0089567355033101,1.215559010365788,1.692960497204462,0.9138196493909072,1.429749406231392,-0.6965199463706312,-0.2357101887665506,0.8589110922646451,1.830530315377211,1.849315985299001,1.5672382550958754,-0.449351104481451,0.2238679382822816,0.8906570342206199,0.2230955143359349,-0.2341243592572285,0.9386740837209196,0.6867113722643152,-0.0033188671755979,0.7570668449341371,-0.243272093495505,0.0515448889895284,0.0305320231715662,-2.2213228800442177,-1.003191829143132,-1.1350401339144989,0.1908103843799817,-1.7149270032006267,-1.081653359701324,-0.7213234653744219,-1.5785824513188629,-1.8486138865407715,-1.46386638393874
SYN3_0477,-0.0255629929326816,-1.1577272793742504,-0.8973947245311803,-0.5619301921128302,-0.302149200348684,0.1523050070537473,0.9199916468496472,1.5810424157357903,-0.4241333836437593,1.1955795718915194,0.9527171225925832,-1.1520112787215782,-1.6599090162488626,-0.0740416557565895,-0.4039807488226801,0.5728903805452388,-0.0955160967198235,-1.1991430224636872,-0.7691475438519959,-1.4997420440116251,-1.230513587997777,-1.4234356172069074,-1.9351909866213408,-1.7356673021692104,-1.5885134703651176,-0.4126680877481777,-0.059202360196632,-0.1562422516153922,0.1824741167019555,-0.9616121419149304,-0.9787951560351156,-0.2776666248895901,0.8299038664835482,1.518513528511679,1.7554510545496234
SYN3_0478,0.5464193575918264,-0.6773629687080243,1.2200474433285462,-0.0842612563268708,0.503271796369874,1.081488258350988,1.267658289458898,1.830148288745828,1.47950963586452,0.9272592355351456,1.2972836298800954,0.2161990732224375,-0.7259337862467239,-1.0148023004119076,-0.334320914383427,-0.6736012565961869,0.4368960659327521,0.2192415691678723,1.153505953423148,0.1908817810812817,-1.0681373168737094,0.0635155979934208,-0.9211611406909044,1.0407399332405232,0.7297117110530171,0.7567026264014507,-0.5067867593831129,-0.560434313147066,-1.180738267997545,1.0441173022828372,-0.2129038753314367,-0.2084969191448004,0.4675482060864259,0.0520013832392352,-1.1148846147091886
SYN3_0479,-1.1714508513996935,0.174070521123056,-0.6422915268349466,-1.1852251294625022,-1.0724308243213665,-1.0827556402683267,-0.7251963306847461,-1.293853063648487,-0.7292505693287045,-0.746009017066491,-0.978525363593824,-1.3425002935740873,-0.1271029827424112,-0.2689102290548786,0.6094716304465204,0.2882430919649786,0.2636773627808287,-0.890648854509869,-0.7364748903110706,0.4046068327452184,0.2189251550549336,0.0364717973245621,0.4623767193486269,-0.0035844038880467,1.3964971885999935,-0.2359812647505112,-0.5499701326527134,-2.015246694503802,-1.5088602302490273,0.2084079141225231,0.0325541394437807,-1.70309192448271,-1.0694015387504838,-0.498272008338404,-2.1789722537641367
SYN3_0480,0.6675958139000752,0.5333399736580094,0.6498831001054508,1.7148548911826669,1.2721968062985871,0.0507418517412661,-1.4439957664058538,-1.818198352917808,0.1815669734578301,-0.8500020378326311,-0.5974273743563246,-0.9245572181495936,1.0051376266276424,1.430767593203867,-0.5713314598351283,-0.1622717287179642,2.324020962251708,0.2870548122097682,1.7012208984963118,0.7391935793553616,1.336698965718547,0.8822328261659287,0.6354920616849771,1.9288026562427931,1.1813229381081078,0.7547944221507985,-0.5621652841026048,0.1693220893824886,-1.4726011734219902,1.1840858475606657,-0.0912492267385881,0.5975664322080096,0.2357596652058361,1.4195904274866915,0.0570139867405427
SYN3_0481,0.8066759032669449,0.395974689108932,0.8985967311524775,0.3699844779539546,0.7231616450863585,1.2224776464017049,0.3325062560703637,0.5483373051271208,1.265392440035604,-0.8196979561543752,0.024477516366278,0.8823438664141015,2.571097058165793,2.3040959180753773,0.2693414405502982,-0.8397813416234142,0.2693884586414969,0.3034909313661179,-0.8205170876391502,-1.2612409375645983,-0.5284750755855641,2.0681207582254397,1.2080721238198129,-1.6985616250847009,-1.0380306469402385,0.0600219699212751,1.215554078824286,-0.7841721705954445,-1.4508695909013385,-0.6959037163604775,0.3940577505067569,0.0096272260699699,0.4875341540616866,1.0514315359168116,0.4469096130360716
SYN3_0482,1.2721366850599878,-0.863200768491816,0.0246805942630687,0.0640696082186752,1.0558856080265089,1.4468689815799038,0.7796964675610878,-0.7640627388717715,-0.2027817794482324,-0.4848849912174942,-0.5949788323702098,0.0816086408427599,0.8780394045445088,-0.4795078901531081,-0.6437009088790078,0.9978385731514317,0.9590337863760338,0.6573624699145159,0.9107963268852316,-1.564591462032164,-0.7211174198397725,-1.28933096059012,1.1612678045902023,0.5534434715474134,1.5772360405721104,1.7823687456594597,-0.2854017561196598,-2.1767830497668887,-1.9175647449655888,-1.398476717481783,-0.2138500342977801,-0.1570554361759454,0.5219576850954272,0.2704775223012098,-1.496034891400145
SYN3_0483,1.0817192022488311,-1.1489824771186494,-0.3930714020860166,-0.2285950214123171,1.1922562304991835,1.7488358945558584,0.9557505790032074,-0.5379799941737282,0.3518711777390581,-0.4999897061960378,0.8732281917117054,1.2364304842203444,1.8275270320900785,0.6055881214458096,-0.5789674515760225,0.0894169095933477,-0.6033692275441687,0.1839485635741481,0.7800265866380365,1.2583859950311267,2.4779704652654777,0.6472469459634894,0.9419028078181686,1.111558792113344,0.6048028633492776,-0.1958392362830008,1.46823571129698,0.9995593893423028,-0.7398624321076979,-0.2419263148126468,0.6719102973104178,0.0369063752106304,1.3830625066699584,0.1338402821660833,1.0243121852417938
SYN3_0484,0.0014553731227612,-0.1796033845305011,-0.2088102563266835,-0.1236918788599686,-1.5103082378530006,-0.9709065615680088,-0.2803082088695006,0.9003671851820177,-0.2746042905959542,0.6106816774816608,2.5061031147486927,2.8582998637514265,0.4972986008877448,0.7173200767188589,1.2109640259422512,1.3433570351311934,0.3254474560428453,1.3644446250469702,0.0092683668877719,0.1558706766233412,-0.5873840143401556,-0.0035494963941591,-1.19538382832229,-1.5367102131656825,-1.530804678649557,-0.3934845905847288,1.040345461949871,0.989230141136749,0.9517630708435826,1.1430326984045,-0.0532620370744718,0.0756677515451759,-1.2247183309901244,1.0332028094694443,1.832785024179552
SYN3_0485,-0.875120797051059,-0.3410677793234916,-0.300980691988391,1.2782414940146556,-1.3895089282308124,-1.0505047799081624,-0.8571130397242501,0.9885398561149876,1.418987775924683,-1.570870416890744,0.4661167126555569,0.0833412602081146,-0.497298834100481,-1.6056258601014906,-2.674398758489922,-2.230085972996356,0.1464403359527719,-1.899526160166926,-2.319887237433318,-0.8727141167056148,-0.4664836319846816,0.5744771594717696,0.8065078901731746,-0.396665937937085,-0.7279839563720704,0.4838114624976629,-0.1912508347261057,0.6004699402413217,0.0682929180682728,-0.7514981985638697,0.1178063004574331,-0.2582046517033647,0.9874128089402796,0.61346431014922,-0.3521230609607124
SYN3_0486,0.0707688287795014,2.483748222390393,-0.9126560983387106,0.8130215379279047,-0.2406646057702672,-0.2770239122057123,-1.247858958214984,-1.6577347773203983,-0.9552939267443732,-0.9410427842550344,1.0081777455368657,1.6176369336667111,1.2686118752290163,1.012118728124096,-0.0942880241043196,-1.6760108508565332,0.3488124748950487,0.3095593246059145,0.7162981609497161,0.7890433633294022,0.8489577512899831,-1.384054248697722,-0.3460782267427593,-1.025559402161969,-1.254941899240576,-1.239144113182103,-0.1376391118479723,-0.6902822240131232,0.4501373935842172,-0.6211294036724277,-0.371300600484424,-1.2477746284604192,-0.6224358770604689,-0.1117981441686326,-0.3176921373347742
SYN3_0487,0.3583421563907172,-0.8834894312601028,-1.1788022783184409,-0.5390667087080243,0.7753548482423717,0.8460676209618551,0.4673476558248155,-0.1018827980774382,-0.3875517407248005,0.0313560842802696,0.8314798111488081,-0.1667148886007807,-0.3874434518949753,-2.137868068484564,-1.3164340151859462,-0.3750493757696821,-0.0737367557562345,0.1483112977766446,-1.8026239585925423,0.1861431138676427,-0.1161972739360499,-0.7425718140434749,0.6065826905120912,-1.1446731951642637,-0.689952507293341,-0.5596280580005321,-0.1072653895410886,-0.0545271102812777,-0.5077799717817717,0.4877542973881244,-0.2755768341171976,-0.6570284792549602,0.764900652099205,-0.1412036935160498,-1.848007855235001
SYN3_0488,-0.6800723925556384,-0.0025506604175749,-0.8392538102164571,-0.8700333211199635,0.6382230451788174,2.401496125885425,0.6705695019221333,-2.146479705550969,-1.715605267262122,0.352702067174041,-0.4890578296301922,0.1287607076091279,1.5752631166750963,0.4652287144807042,0.1202446682760682,-0.108295634020247,-0.3416579459653202,-0.2453645288912586,-0.8750985914287124,-2.160870239430485,-2.1261545691696937,-0.9489319074415418,0.6454486029389411,-1.6116892671632934,0.818841363606202,0.6870745618136777,-0.4582845617604551,-0.5158754498294915,-1.1650612968079164,1.6333026452897783,2.002951198935783,1.119272245105747,-0.0828199195838001,1.0242133856521989,0.9536193105883076
SYN3_0489,0.9547131794684468,0.3845420354580808,-0.6417231844794673,-0.0731631795019753,0.0906733833982954,0.3812368121917749,0.0112655875722957,0.1570549554928624,0.613208178283024,0.8688232005831118,0.8217692925462724,0.0099086054440176,0.0284945952812634,-0.8549014337974812,0.7333162992842138,0.5850512080517384,-0.7705712806473997,-1.293647349061974,-0.6268757189026639,-1.9006250719152051,-0.8598970069473527,0.7457170714101934,-1.087956503919275,0.3669943873095763,1.048613069178133,-0.4541416133066285,-0.2829755384288926,0.0308662907591341,-0.3506454552110382,-0.090304721643377,-1.2663140736702918,0.5359802036156639,1.6039349202033537,0.2575046186173263,0.9253351052110608
SYN3_0490,-0.4481960150849432,-0.5838326134598295,0.0623271313495674,-0.8815339272169053,-1.2660585863816816,-1.855173051884642,-1.116381039083409,-0.2380624097068877,-0.323758555029578,0.7708720893430142,0.1990338838121376,1.361820355570143,0.1667488649117505,-0.0247583515493144,-0.8604601626730874,0.4252701866387717,-0.2326470854007492,-1.5259886082568177,-2.3279468066367603,-1.597137521417204,-1.7537434576225122,-0.4456164448120573,0.4780597522760123,-0.62541460475082,-0.3693197448548129,0.0756413539549019,-1.0818992781958752,-0.9522980012177809,-0.0249545114554577,-0.8403758622980395,-1.9664369268838089,-1.078864351874437,-0.9473465878021358,-0.061188011215604,0.8467174137375559
SYN3_0491,1.7950979416813664,-0.1706372827957644,1.0097833851134463,1.331992378694489,1.013697515025815,-0.3064012974393254,2.3112409377474155,0.69362161578393,1.0634894769399337,1.2210564521788834,0.8854409107581327,-0.0951048738890011,-1.0883004273672965,0.3635139869761389,-0.9464821860483288,-0.8662688725625577,-0.0655622430658112,-0.8912328724843164,-0.7021530106740561,-2.1463089998124647,-0.6479490043155609,1.9174920574687755,2.6108050409824632,-1.060679639463174,-0.2021034364636481,0.8017221302471729,1.3334175343876882,1.5755359114824703,0.1278851267242575,0.0411216972806619,0.5239161656168669,0.6113488369264342,1.9714200204841597,0.9578012166653558,-0.6608145694459205
SYN3_0492,-0.1448996308908768,0.6908630985925266,-0.2079775099967396,-0.0805656969916383,0.8994998356620391,1.25414284106621,0.6605421277311906,0.0330319943960046,1.490818449356659,-0.4467194008843799,-0.421610557215496,-1.1450904716748005,-1.7024766502595103,-0.7899804392498928,-0.0649920664466352,-0.184799797812775,0.0257263446982841,-1.918845761217453,-0.5293693063222425,-0.676141719317004,-1.6943370398338136,-0.3525290289618402,0.9155051422551403,-0.4406551722337602,0.5181511779845149,-2.4960081297267744,-0.2011894068824324,-0.2507941691916006,0.6662872985708129,-2.257617012500993,-1.5706794642412782,-1.7936888754482592,0.5210138784107518,-0.9202844359819302,-1.0874051295473357
SYN3_0493,-0.273904632742729,1.412297883843595,0.857627909460968,1.531810382123596,-0.1149620640226978,-1.2753308741772065,-1.035758454805311,-0.4396041279476551,0.6354178401775635,0.3413690893602588,0.3611614499739874,1.046893935653622,0.9580309473986705,0.6452289879399336,0.3050817919662326,-1.803618449567073,-0.98225311984804,-0.0074899674675084,-0.355463484772604,0.2328430377072355,-0.8760152950768165,-2.0657280476767648,0.069251305254863,-0.1980154010897606,-0.8170926853357007,-0.1676345766152952,0.4810932673343963,1.174549910291682,0.01545419618647,0.5899895125580027,-0.481381404311845,-0.6186382198859511,-0.9919518011292124,-0.547352430112829,-0.6830967329001703
SYN3_0494,-2.1302574216560712,-0.2631261134775907,-0.5028014839469936,-2.0260166940668483,-0.0588555485793138,-0.368073001091944,-2.185920281740974,-1.154009430134579,-0.6065787885137403,-0.997470687839863,-3.2253963392033245,-0.9198802720910644,1.5856567295023771,-0.4479214927212805,-0.8624691196424906,-0.8347807002264986,-0.7299062373538585,-0.1477276902080546,-0.0084173955847289,-0.6479384643718595,2.3622989947841906,1.7299041961817263,-1.6461651360406926,0.8122731314955827,-0.1900925837222834,-1.5652945550348714,-1.3083069544119057,-1.93287875441952,0.93685326663403,0.0366195680294297,-0.476032260686457,1.07564827351934,1.052570310696456,1.0086012843629648,-0.0527131109512786
SYN3_0495,2.058301025490323,0.5179894608441344,0.9579722278732956,-0.2749547189619793,-1.504123231265561,-0.877575091250183,-0.2576239743225469,0.3604837541288608,-0.127418606877471,-0.2508838467297789,-0.4016843709459489,0.0244333778256074,-1.0961254658975037,-1.9561383208997405,-1.6507258887443144,0.3767611158153661,-0.843885339671135,-0.770361871591577,0.3051110641989661,1.7684517800761894,2.674588676530913,-0.208676959276181,1.159941569061407,2.0210950594302783,0.3113103688372939,-0.0486957254348055,0.9281851218032086,1.641796353410557,1.3801983015893542,-0.2346899003461807,0.124347157345143,-1.2388669627055724,-0.932499252519812,0.3928776760235657,0.40914465257305
SYN3_0496,-0.6542730058576677,-0.3686049740812742,-1.5580136779041118,-0.9599006638865384,0.0290159463135545,-1.3174911488596706,1.05589824376953,0.1177060076088382,-0.1647466155114688,1.046329772212211,-1.244589616522287,0.8311705119625702,0.0658342495631611,1.0378106924228776,-0.8995474113142131,0.5354262091966038,0.4022574415050082,-0.9504660153135585,-0.4014485504882338,-2.2622900255156755,-0.4087575273684887,-0.206656877334984,-0.9159993048164932,0.196054506919356,-0.6787246450212007,-0.3440403313948069,-0.6067042194715558,0.3140838509102034,1.1786619306641677,1.5274601243718358,0.4037335118374336,-0.751917290081814,-0.8859409095207011,0.8057782660370537,0.6492990598729245
SYN3_0497,-0.5855318891672414,-0.8934098629825531,-0.0893292677441482,-0.7808152860849021,-1.1079055995068283,0.342317365498607,0.8503448389895246,0.0196527126156156,-1.433429704035553,-0.0907523069365028,-0.5259017699134539,0.5168750158316443,0.4622236145326149,0.7020111217770174,0.8325749226931604,-0.7058432764331373,-0.4738606975455096,-0.517506528984856,0.5085808359861478,2.1207491437978736,0.2181397853219489,-0.5105932396328139,0.0477262295961312,0.1337971030630358,0.5812607410609892,1.229926489845972,0.2922999158294236,0.6220999293238111,0.5901304955403138,-0.1618848848342143,0.4351218605076218,-1.2347232183424817,-0.6568920212753004,0.5901013163064023,1.1748292480348927
SYN3_0498,1.2198400256256692,0.1254168542951692,1.0827398858336534,0.2699491578635685,0.4997532879272494,0.963572512368262,-0.5665467943720263,-0.7569656450863405,0.6798048949731287,0.4348137757292952,2.9573384371716296,0.1772569634232529,-0.5199621091614355,2.220654302749141,0.5922631628544003,0.0737669731870087,-1.0317471028320846,-0.584341244130974,1.5803096154694216,0.2203786200714837,-0.9517426298317352,0.95115274014213,-0.2048846192025699,-0.5073788169397807,-0.2922070197834762,-1.730295457638055,-0.0465974516128637,1.7676274838873485,0.6548632894221504,-1.0027793716152331,-0.7569890188076851,-1.34076362197155,0.6449961299693776,0.3102123507566307,1.0118271501951486
SYN3_0499,0.5305559438223798,1.8351446604322568,1.318966157453954,0.221715739817384,2.2043180657877657,1.05794565711117,1.0750300710592229,0.9538085829302148,-0.0516449624648361,0.3806555236225984,-0.2979624394265892,-1.1103518063575155,-0.7945162912736328,-0.1940857856680586,-0.3661075996932868,0.8727129493676817,0.6076785288375804,0.6713572370717158,0.506908122923795,-0.4211413843330074,-1.264399560295208,-0.2667993607815871,-2.169909084573916,-1.4174224040092438,-1.0836029931181734,-0.4498070226789238,0.9152567128089304,1.4103118247886854,0.0753581929597676,0.0651135084970015,0.3063968989326925,-0.843471311291261,-1.2635756046730433,-1.1883758445775163,-0.9988165035006842
SYN3_0500,0.2013086712385063,1.940159281684883,-0.6666808065908496,0.8339472225936707,3.48875241813941,3.375877854053127,-0.0348370868684717,-1.4069904775477555,-1.2590447710153547,-0.9038826946086466,-0.4426636107421649,-0.4881150875934577,-1.6704327591292063,-0.9791712237088832,-1.0215463596189671,-0.7666985901446329,0.8210881056790497,0.9057552708127482,-0.4197090835223031,-0.4066534792623774,0.9183289759954016,1.7033032920098905,0.3051362537181987,0.0062082096717096,-1.4118810400252948,-2.678912406150405,-0.7903317825800488,-1.1627077366813,0.0930997170302618,-0.1689939114930921,0.2014203550621879,0.0015259706268851,-1.715997532108659,0.380123242215573,-0.3840100500860469
SYN3_0501,0.2558114738919911,-0.7870713745708837,-0.062475722010478,-0.1325206730483294,0.6013419155375163,-0.4360183953509602,2.0957783784525468,0.4759814612367244,0.9790858945056272,1.1662708621684006,0.2152413259246683,-0.2980723858497431,0.6441584424356036,-0.1701460612416319,0.3634717336880046,1.4371057031532657,0.0536901038295107,0.5272102807963712,0.9231875687290192,-0.4455362845150261,-1.3276887104376092,-0.5984031665040758,-0.3015763469838691,0.3682559401089655,-0.4371042480902523,-0.0707656223711379,0.5657636581185602,-0.6107234188701149,-1.3599433313576132,-0.6537820471033146,-0.5886709248762888,-1.0636058621216815,-0.3128151452820784,-2.403310628206785,-1.0420505238511246
SYN3_0502,-0.7725585391390642,-0.3746422519792239,-1.0503487157558289,-0.3387194390490216,0.6921343271142987,-1.1589599984889078,-0.5345145772981755,0.0034478565363619,0.2706502738767201,-0.4090358219526067,-0.5037610314714309,-0.9981629007830805,-3.172639312503866,-2.086538142132764,-0.45479354368834,-0.3457958715269462,-1.269731474296336,0.8826012111826806,-1.024730256456949,-0.2270427223562323,1.1516210649824918,0.7943823601290171,-0.3044044101406027,-0.5555631984805454,-0.0445215120556215,1.299423164592677,2.218653238620453,0.6876919152469653,1.252368588210116,1.1651121391631172,0.9555799851008304,0.4203414644120519,0.4340413615465263,-0.4580321573461786,-0.1089314222673687
SYN3_0503,-0.2018179164869081,0.7637673035014139,0.5844415803966886,-0.9549451262339704,-0.5894426070350333,-0.4948462400160863,0.1893101080202288,-0.4740559066152514,-0.2498052538946497,-0.6900320364671811,-0.1714524117701492,0.7267767185032555,1.4084661850353382,-0.2646388818222823,0.4917610234810483,-0.5099911060843343,-1.2620926965069823,-0.8662204733222395,0.1039892444532703,-2.0096057001749448,-0.4917914607722347,-0.3225615861958435,0.5916255575298259,0.7719610093353816,-1.4845368559969392,-0.2361847998193827,-1.6517621411064445,-0.5394296301142883,0.0015896738844706,-0.083984465993799,-0.0315763287965804,0.2227227029620458,1.3374577859103705,-0.4908783374690817,0.2627128889677327
SYN3_0504,-0.184127095141791,-1.0449714349909944,-1.4024676860069611,-0.4853643119431962,-2.0223154077493413,0.0407295610205277,-0.7489873838960257,-1.6103329436380045,0.9019229811959946,0.8656000879498412,1.337319738719133,1.017392815782513,1.1252966515000435,2.664692714143237,-0.1929730983764439,-0.1183574192025532,0.5041614582533845,-1.0489152858536852,-0.9357056187349126,0.591557617979006,0.8210494882104429,1.2993236937021322,-0.5902148644701091,1.250416720117217,2.1841660708773194,-0.15762938065961,-0.6696280369880044,-0.7735307862938392,-0.5751782813235428,-1.0842590172626327,-1.568373261508532,-0.5346895478382504,-1.0149963368733037,-0.6531125127891971,-1.2612206415877405
SYN3_0505,-1.0398031699876755,-1.7393597893177224,-0.1067603585659076,-1.2316691349466902,-1.853806723757296,-1.092182212070539,-0.2394202404983201,0.5680158614523624,0.6897596938571188,-1.2759741668000453,1.0381000664917632,-0.3680514641521722,-0.3905461562411319,0.4400475089334825,0.1525542822936068,-0.6677807432848468,0.0875499431717132,-0.2169317374411784,-1.3322120981821757,-1.1807800241661113,-1.3212358561051856,-1.3687304018724835,-0.4164953395618717,0.7054130893103612,0.9805263784365374,0.8943681103573825,-1.18419676088917,-0.1681629144591258,0.3317455724586657,-0.6618953096103706,0.6391493755373711,-0.252452009333254,-0.3436054708559808,0.1356382137497418,0.3178808969175773
SYN3_0506,-2.480967829559124,-0.3182505760922141,-2.505010080042211,-2.364718299689976,-0.8325543082893373,-1.6540379769332487,-0.123091400065349,0.5497936949364839,1.8376425584091285,-2.22072178499304,-0.374792057864157,-1.103337716210602,-1.624659250628627,-0.7232088353107975,0.5026748652330595,-0.3559254456054053,-1.0410774420689175,-0.680448934649207,-1.4634724321277863,-0.8213274052561741,-0.0048180573718209,1.965703291093071,0.8659916745591063,0.9061432935798988,0.0380023854318267,0.180684429394488,1.447535451390352,1.6250134665614149,1.8727430154080824,1.3113856671249653,1.0183564032786523,0.535807556278117,-0.1943972651638987,-1.3206244819524,0.268899821713899
SYN3_0507,-0.5501175764598177,-1.288017483215059,0.1108266726496115,-1.4458104249971109,-0.2550149398126338,-1.5087259793106451,-0.8824289086755096,0.0419578331276717,0.958720949141426,-0.6509219508917805,-0.2739564096201636,-0.2684047268989901,1.4250039167927722,0.9520942835764976,1.1270455335452398,1.89152178849033,1.8817788846854493,1.1545485398972644,-0.6072385437968869,0.20454549923498,1.6682416627203351,0.4580264527618122,1.1973702833327966,1.0718067297671194,0.9609234249125136,0.1425350755099998,-0.3306077499865155,-0.9939907464141188,-1.1025000829780007,-0.4639286945844109,-0.522054116344209,-0.1729286806663814,-1.181071412696726,0.7793062526017104,0.4905062496053718
SYN3_0508,-0.4663660763560996,-1.2187516169784822,-1.412034011033454,0.1035039671059357,-0.8329484894559449,-0.7752333246100613,1.4083738434025246,1.0738452522764257,-1.2233363350003044,-1.970205627017024,0.364431069070368,-0.1580118866548488,-1.4204813625930044,-1.751806790450635,0.247516644736454,-0.1097333513118028,-0.0643730236049043,-0.3762134486883028,-0.8998056411738281,-2.109051371356152,-0.0147431544967497,0.6981535927439453,-0.4179245285323555,0.4368066571216967,-0.1038347743536354,0.6620173024758972,-0.1424771168468527,0.2593417854000626,0.8517214770392026,-0.5250222401115795,-1.235743439224669,0.2721762624319357,0.21235941417387,0.082094434449925,0.0974263933158221
SYN3_0509,0.6050683330733652,-0.3500222769324009,-0.146365684125796,0.3481332840457866,1.6744165353521392,1.4952134880842909,0.9872240200828688,-0.5026753984040833,-0.5193226422425254,-1.184712099897101,-0.7560721452643743,-0.6665780587725139,-0.7048807101869253,-1.199770547672962,0.4266585943246742,0.9726985245832964,1.3795353318509656,0.0241164652546355,0.9282751960690416,1.3091568216548448,2.0845050926306703,1.722920262283543,0.1477367341353992,0.8414919670975659,1.445674256063216,0.9257357240802346,-0.0762670998231152,0.5433123693674151,-1.353560223910969,-1.0624532638687487,-0.498528101845799,0.1844534396517089,-0.4119580672979587,-0.4902058050813719,-0.0396138712753158
SYN3_0510,-0.4988167545845987,-0.5108738930873412,-0.6044076566308453,-0.5971656666272767,-1.4452214668949317,-0.4879182445236724,0.0332692698284784,0.1624184539680871,-0.7770440714883992,2.107142257866003,0.5699423598752219,1.0294210141488396,-2.4878536918111,-1.0128845782502154,-0.2918166817998627,0.1686370776561745,-0.7346324164227925,-0.6544065781621838,0.3948013848200961,1.1375870686741942,-0.8785568813520054,-2.109409506055657,-2.597307306949614,-1.0981026990006844,1.562231338901106,0.7118442028725206,0.5146175774725905,1.2975276959859086,2.314111183978524,-0.0173321738934417,-1.6778709333971078,0.6995390508685234,0.1383315078145407,0.6703411045064865,0.7182084116891307
SYN3_0511,0.5292442937809114,0.2182506384706305,0.5228974281024036,-1.2584251618266356,-0.5731858246889028,-0.929830113347904,-0.0333325143118662,-1.0272469517931404,0.7718599112914183,1.9903826605830948,-1.2016839025045845,1.0346769721994635,-1.6993066219133313,-1.4218806268414863,-2.3927919389861,-1.365137713899412,-0.658560568401945,-0.6282664848510467,0.5047697011135581,1.0601782605688,-0.0939719071222523,0.0257019791284219,1.005790522426298,0.2322379583904144,1.2538538144805431,2.120095650292332,1.7879331719273277,0.2381270783680735,-1.8846155548590264,-0.3337929549805459,-0.948272264291968,1.2299109518425777,1.0536779978485535,0.418736519010602,-0.3393709330574685
SYN3_0512,0.7492451953076891,1.7940636112107244,0.5862008026027369,0.1599081203154087,-0.281344165896949,1.325085602464587,0.2721196531489647,0.4227999822745836,-0.9348847072332468,0.3013509188976281,0.7181754853738596,0.9368888633272564,0.9151263439309868,1.0192295469951007,0.9637996281417536,0.4143421123241802,1.1136466458223115,0.5007556129856625,1.5960882186769614,0.5095596505069999,0.1841144293110149,-0.3703457206230731,-0.8170345066511326,0.8512967591075684,-0.7318347168131906,0.0650758757613421,1.4091689268008418,-0.0247481830003526,1.0961023417554048,1.965993633670838,-0.4333402634680516,1.812914590655019,0.876526618595984,-0.6096771145036546,-0.3724294114445143
SYN3_0513,1.452434621647064,1.3754000542633018,2.634050709591965,0.1703869935839206,0.8189217392969209,-0.3180126135024219,-1.89213626234426,0.6531024217254974,-0.1946869736045741,-0.3211075410881164,0.8717773675945681,1.0414019883658847,0.1765210479306732,0.9304803215352174,0.5328331776779404,-0.1114654618946398,-0.5577490314247687,0.4213286972336784,-0.5149098581806809,-0.6784614506987713,0.4362308627562204,1.3302257897565375,-0.256278943323512,-0.2102443556081701,-1.191471803114743,0.51846282594249,0.4976621754394466,1.858959716894432,-0.3417160855878081,0.553834465134149,-0.8378610577587419,0.3378197245418246,-1.920473059884939,0.0370515056663996,-0.6779276761121309
SYN3_0514,-0.2577879790449183,-1.546569021534513,-1.0081907666675445,-0.8177522682625714,0.275154035743721,-1.0773359055543708,-0.4129587106815179,0.7342696553222043,-0.1368010777796576,-0.6233760007844511,-0.0499245474396686,-0.175796533660487,1.1670762938075163,1.348864302694193,0.519512822674176,-1.2407596483257708,1.2398570904943895,0.7314953033619296,-1.3367331786440817,0.3240059465757501,2.1714915981865017,1.4666556590604,-0.1663814909828534,-0.9380490799834544,-1.3653671624352035,0.0784610732419647,-0.5560482460053723,0.3963069479301877,0.3898121039713468,0.0322976545145347,-1.707884326099386,-0.2307658504325177,0.3541620534436271,0.1280776975987104,0.9693304752705634
SYN3_0515,0.4720357655285865,-0.302705346017664,0.1424870409330779,-0.4518449310461299,0.4594609654903008,0.281093631786902,-0.7370370383779793,0.792563141120064,1.7865627676583429,1.5190967403115188,0.906832542479268,0.1043592441519093,0.5591678643969953,0.941053718343759,0.3678107766216754,-0.1779479426312923,0.4469563314039249,0.4294072837834725,-0.315301247518308,0.3475418425525737,0.0253627582070858,-1.1373962792001548,-2.791116600988902,0.2628505690479983,0.444234949566214,-0.455831310237391,-1.7361866232053105,-0.8323146313577117,-1.4298129847176615,0.0084267914308273,0.2016803186891632,-0.1915104417323206,-0.9783368189263416,0.9111371342055268,0.8404918317805589
SYN3_0516,0.2633335181393159,1.3337997321448272,0.0511110705814173,-0.105935243059253,-0.6395014695074986,-1.0433892486420178,-0.3870425449300102,-2.462352815891742,0.681199469416509,0.2870687632353629,0.921744673602556,-0.2628839630820004,-0.3682127923070495,1.098528401738471,-0.3549877054273839,0.278050126973109,1.5414914126303625,1.6276087706053115,-0.9697917315976492,-0.4318247838527118,-0.879009222810512,0.8148140865777116,0.2117587561190468,-0.0182836521711803,1.1967092579948515,-1.2313889885570612,0.2578341405945685,-1.4888252105446076,-1.4159177372838638,-1.0557716626012863,-0.2635817223071717,-0.7203109587221278,-0.5374168526489628,-0.8969818384972473,-1.3632583591728702
SYN3_0517,-0.838468572926562,-0.6814680961364051,0.6710401733708474,0.4632410342319986,0.2431788789125812,-0.9936104408408492,-0.4780089376813438,-0.4112556232040862,1.440770633017285,0.7682801902480536,1.143036123869115,1.013708078848323,0.3045765089809497,0.8423567958144946,1.0297175844053426,-0.1574749933376537,0.0244445741497399,0.315098201381973,1.0151964027470637,-0.4106930430922947,0.2322391713519965,0.952768278533683,0.5587122350224331,0.3205632524920785,1.1617078963246483,1.6024516750400593,1.4080507409783594,0.1781990857337705,-1.5452993884668196,-1.0205170199949152,-0.780811162761597,-1.2700568418923095,-0.5897209632819568,-0.7551855528125525,-1.038417466153997
SYN3_0518,-0.1798141702958837,0.2806758283229376,-0.8137672179523978,0.0132705782845207,-1.1723590849657968,-1.0123816341382843,0.0157034915082179,0.1661759901103159,0.6614713337675759,-0.4508031090597566,0.6059780794482803,0.3056877904608592,-1.232339905719838,-2.78407999249512,-1.4440547381246414,-1.5240281128410178,0.9757184986456388,1.4852009892337412,0.9443344820552833,-0.080066546605189,-1.4008132191010574,1.3378238256456048,0.9601463014323132,0.6719564615641838,1.405131459872778,1.4281817449249163,-1.1067968665353127,0.4238266984271677,-0.7365564004440415,-0.3254745786434651,0.1754352296839535,-0.1233846152393311,0.3542914007189767,0.3210861938377896,0.6681501383844207
SYN3_0519,-0.169161447484006,1.4733205581912725,1.8794306436639088,1.0349720781541896,0.7296046419211267,0.638120833733107,-1.7120231555576904,1.0896955707181804,0.5204541092310915,-0.1914941992452712,0.7722855616588846,0.1059791298013086,-0.2187665063757859,0.1515372791528652,-0.287410817497759,-1.4889188304424534,-0.2460802384846854,-1.1523001396373795,-0.1651331465636786,-0.3985638201476192,0.7384883136609117,0.8968262130741046,1.4877233439161024,1.8863973160500804,1.352367464090817,-1.469268377875049,-0.0945896089445623,0.2363064042537892,1.250457437969033,-0.9118811731264228,0.9072992095834664,-0.3441555263062338,0.4245537241663327,-0.1918786741521829,-0.6175805703793605
SYN3_0520,0.2837836408578196,1.426798169832665,-0.0497640074124459,0.3428133413271032,-0.5216251808788377,0.913620985044209,1.4776712933406746,-0.0636923092822804,0.5795243496047764,-0.4113856750212042,-1.2316699145425174,-0.5039532086953372,0.3830003655371088,1.2560982764943638,0.1395833307640616,2.002525261713417,1.2947919400473664,-0.5349108521140418,1.5034575545898483,-1.6950338753921477,-1.0722137015977526,0.3568972389975325,1.781881182267852,1.2912115225681,-1.082581872941095,-1.4951824864617176,-1.0500163055845886,-1.5835983787600327,0.1271698706893795,-0.8407324234058952,0.2983532243118307,-1.3615794954006393,-1.6802937114291523,-1.3925265277141714,0.747632232111898
SYN3_0521,-2.798686768388919,0.1605699603270546,-1.2732231024157454,-1.06004771498849,-1.4988663807720413,-2.79933003266424,-0.3615788641929529,0.4593423344139951,-1.388781230692952,-0.3175227328394785,0.0873450829432091,-1.2522308463004088,-2.596467315651702,-1.53593498652621,-0.149650760798754,-0.1550777377953677,1.694086377581563,0.9415000733800748,-0.8433107854986365,-1.8728174181778143,2.28805864114953,-0.411933307656054,-1.3592193884053478,-0.0860155664159937,-0.466568438342618,0.4629711540477056,0.3414614337352221,0.5835741082487558,-0.1967656902716715,0.451272466187531,0.477009769163603,-0.2380314679808362,-2.680913034822676,-1.6976993986112676,1.8665717798771588
SYN3_0522,0.5622096981398241,-0.1128170795263181,-0.7262987851251959,-0.9836082311016204,-0.6952242360384804,0.417620227502616,0.6826254099238913,0.3721769101610498,-0.988829203195114,-0.4381515946622042,-1.206117906249241,-0.0420110343984245,-0.1564069752985398,-0.8910455255709848,-1.41277350156456,-0.3326483036807414,0.1003577820725952,0.747030022416998,-1.150575669526205,1.2126658758858475,1.7017295501584222,2.2006269162617627,-0.3203061652679375,-0.8953676882653373,-0.094937272447628,0.8618026170731375,-1.3782887954248813,1.5413357622590331,1.588548585315014,1.7266374085246687,0.3179457047261533,0.0529993889128127,-1.164451054571323,1.1541507610761388,-0.8178420369499242
SYN3_0523,1.0300816439980145,-1.053179478827736,-0.5656381449726532,0.2159944295452638,0.4487568245596126,1.1699965365891776,0.9885068072461812,0.0236802366863702,-1.98877551922556,-0.2376836637934862,-0.3577602777020877,0.674089002001348,0.615958768814608,-0.867607802968157,0.9637984034115024,0.4960163111018073,-0.0987908763936475,-0.8597265614371916,-0.8727890378502843,-0.7098471181738122,-1.452805850872113,-0.3206948799750927,-0.3183582270481733,0.387230358419812,-0.9594217117103218,-2.0154136375905143,-0.8026239595983582,-1.310130947548502,0.4972695924759751,-0.5683520548572425,1.645531587364918,1.3402783627220785,0.6862700549611658,0.9035989150078008,1.470486797551969
SYN3_0524,1.6233766998423411,-0.7702393155755078,-0.3942635257334977,-1.124924620037974,1.1616478940348434,0.6451830793103365,0.1962312153835731,0.9443925688375872,1.1957032644692438,1.414711661651961,-0.4308151944617281,1.962636230701722,0.5027432230445377,0.8401088529837938,0.2513876960290667,-0.7211790003935162,-1.143596773780449,0.1151608152797464,0.1339563032093551,2.566420621523043,0.8345439268280014,1.1929602094754463,-1.3567859295035298,-2.228586253908175,-0.0745394262461012,1.005393380277754,1.1986650337884337,0.0912640679749402,0.7304404341044572,0.4092910917727126,-1.0398711758074382,-0.1002192915436127,-1.008833856069202,1.396752730431013,1.5235398669145293
SYN3_0525,0.6839589021214342,0.4771995315768613,-0.6055840597725485,0.4244645316550892,-0.622066883556191,-0.240787580250051,-0.2578627611570124,1.0392671342652058,0.4852335227468607,1.0147989228377436,-1.0810928082799929,-1.5938393433671787,0.5507576887631477,-0.6678704242821769,-1.2778876188643262,-1.7971531724848566,-0.8297509766040566,-1.2732658682528168,0.3524399735576766,1.1608406164624194,1.1684004196414937,0.5458593458200871,-0.4368710580570851,0.3630884708490218,-0.2851483286309207,-1.3396139648482837,-0.2713712289007991,0.8336212154784203,0.5735584196956008,-0.6925133337500935,-0.5716679973567281,0.9941372049975352,1.4465315016791385,1.8723609412026585,0.2333719184408782
SYN3_0526,0.4651164088313932,-0.7412661853836523,1.022894585879525,-0.254081626905081,0.2819265224135523,-0.1317210633109649,0.390604220129498,0.2209925728917348,-0.1655003117719553,-0.2613222162824576,0.2503366207769835,0.214062033082513,1.0046534305106205,1.4196984898485954,0.4294500554876818,-0.0476542581123438,0.7219025522259888,-0.5754760020053226,0.8487371493559325,0.1823434333307763,2.0977244927838514,0.975665637573056,0.22790414433382,-1.0243478063760527,-0.3824580656172013,0.5242100895192996,-0.0046913197724935,-1.48587897699541,-1.4475255464227137,-0.6049677079384811,0.3652620077336264,-1.9104191689667944,-2.834395275907013,0.6494072325672324,0.6612668969095398
SYN3_0527,0.309589650790206,-1.096554602581952,0.0491025850070401,0.1760733256063373,-0.9467682200551454,-1.4358597064507332,-0.2306631836404785,-0.610061138575251,1.4223316227259433,0.0544524905041019,-0.1088398870687528,0.8536298151812154,-0.4188230663443368,-0.393471586189794,-2.425397287385166,-1.241845162988748,-0.6653666371967843,0.5022684115767785,0.4699432317705762,1.5398755469484342,2.477518686374098,1.2547869010965205,0.5948465488627657,1.856056808054716,0.4031403086404754,-0.0604306355979607,0.8023882693527343,0.5236137116287741,-0.8862080134562457,1.5368243023440729,0.0039025006366901,0.0966742502869682,0.2332652194413341,-0.1597638439441087,-0.3842213160116697
SYN3_0528,-0.273320975360655,0.3454746672837417,1.0756874862140209,0.9928051795845708,-0.4443758468285878,0.4926702124792615,0.876594800779059,-1.1038632064533396,-2.525025353040925,-0.7169901969817298,-1.495233950612313,-0.6368317997452905,-0.8387832471298647,0.06239482697706,-0.211845318000628,-0.3199580988582616,0.582373841099662,0.466337439090463,0.5126376100433242,-1.8497808632094144,-0.6231383509997495,-0.8300361809912428,-0.8958483735284479,-0.5968509236198695,1.2079920014188892,0.4084580923641342,-1.1792498879997122,1.131313008014473,0.7312812343904065,-0.197753661207844,0.3946071301004417,-0.0199218621931253,-0.4851052686245717,1.0402884850273355,0.903861976800227
SYN3_0529,0.2677158312162856,-0.0880106564926688,0.1659000579630827,0.5831162613827063,0.4993991496625154,-0.7738069009994094,-0.3327309920462599,0.2741917835237348,-1.1039537819693452,-0.8803238347238211,-2.053936155628109,-1.2252136166912386,-0.5705439041423416,-0.9691620666795518,-0.5448008186125886,-0.4840423318111909,-0.2564976655908469,-0.1613156086326378,-0.5727466592876376,0.0673760007447006,-0.3334474315389634,-1.0973801731499253,0.4176224862661581,-1.963930662540995,-0.9932486489697726,-1.252998419071242,-0.0053610838074797,-0.6469415751688963,-0.2509675585760474,0.4120092934504061,-0.405511207617993,0.4625405344505824,-0.372997491203991,0.9670412568917508,1.0942202600573374
SYN3_0530,-0.454433297258538,0.1461452218306703,-0.3777116273102249,0.0220211989643204,1.211815933014469,0.1137151146095379,0.5710569513541345,-0.6008087842049381,-0.9980819733584484,-1.5181131752023798,-1.0523537501289104,-0.7404043624857197,-1.3307064221778928,-1.0119773606244236,-0.5526595446095056,-0.222183595274755,0.2591685248325373,0.9874136812006634,0.4879244593647552,-0.2222983231931143,0.6680174352055227,0.1047968220977286,0.8979796971906532,-1.0411344600516808,-0.7830239821322781,-1.6282155393033595,1.2057107759466432,0.7529811519861409,-1.1943068124912644,-0.0404116038834608,2.4590938912468183,0.3849913906834241,0.7381752000507985,-0.2380264276543786,-0.6621378837001881
SYN3_0531,0.9176144408187812,0.8120098542532846,0.2590571053052954,-1.3356179982717824,-0.6297221459648004,-0.6379444164691516,0.5034896898423362,1.1658057180559689,1.7819200365312473,1.7022508842150996,1.377608027170326,0.2710953446555971,1.0907564497322462,-1.012575757266492,-0.4172189022141125,0.3435941336026648,0.3151243252078923,-0.2783580806073906,-0.3348661169474532,0.0191444558252453,-0.9817172990613674,-0.2718687025693298,-0.8934592619966724,0.4386592343988285,0.1254312966584565,-0.389432185558543,-0.4316483365890871,-0.9273689729405952,0.2271168867891176,0.1637980958247167,1.8372701350449232,0.1955280117650865,1.3477988141844328,0.8150991952001365,-0.2023248623137535
SYN3_0532,0.2919145467309067,-1.3981799274328717,-0.5584371224781985,-0.9180437566112069,-1.4429477649524645,-1.1027544969284573,-0.8394047866703229,-1.5912771700277846,0.4507011036422418,0.1140100735086632,1.408842960689137,0.9476581169397468,1.628035909497716,0.6554853989326306,0.3739395843027263,1.0352380871925178,0.5510540960231753,0.4651449650394743,-0.148183438994714,-0.5475914889363899,-0.5245524054604881,-0.5073089538121643,0.3758045681346083,-0.4249151648179937,-0.2815866381272475,0.737090625340518,-0.6715082483170137,0.8297278368924519,0.9246068030974026,2.4074762882805785,0.5539800582673344,-1.1220353007129211,-1.168438924882525,-1.0719121495709276,0.6431120191250039
SYN3_0533,0.2806379192527188,-0.3074235261494574,1.9092243351192628,1.0919485705621728,1.0506095859144884,-0.8082757677671077,-0.7781210551174356,0.3812907318419525,-0.3203221149708783,0.6879814873524799,2.123596682017196,0.1354527743407939,-0.4821105922359541,0.2272749824692367,-0.2799703346795376,1.0341656750926655,0.2654550750824604,-0.8963982810361703,-1.4197696125030672,-1.4800780163278322,-0.8535960048304705,0.4047223523033298,1.8675324352989555,-0.6737797480223491,2.017391118427152,1.7313451803928208,0.3151506648720943,0.8298926184773844,-0.3633414858799291,-1.817542968098266,-0.7194907913103649,-0.6211468698717503,-0.5563587432357129,0.4429417049991512,1.3278203214830626
SYN3_0534,-0.6721522481197245,-1.188835754931503,0.7229238703768611,1.7089621402115558,0.3793377843803971,0.2999304642097364,-1.886969840270996,-0.4760639715511195,0.9505784824251534,0.2365008119828733,0.0147128889736285,-0.5708622144375125,0.1010015349542011,1.6943265115043586,-0.0520705031584385,1.6182695386152446,-0.1315040976512618,-0.1724704481764037,-0.4405834028298681,1.4018376164160782,-0.385038180273906,-2.224874615745368,-1.3865936555436802,0.3488493046706267,-0.3049797179176082,-1.1125500281729874,-0.1170288747195902,-1.0971866247903208,0.8702290315601215,0.4336308386492725,0.7415742246989756,-0.31030162202516,-0.0717129632536595,-1.6533700133862197,-0.5821680963381713
SYN3_0535,-0.0022056172807566,1.2411921408428637,-1.1336744254190605,-0.4018398873122749,-0.1291715864305428,-0.836646419211331,-1.949308998571034,-0.936943411302647,0.9464906684826744,1.2331600660432889,0.2926038640570788,-0.3106418228893984,-0.1523272232169961,-1.653139292107827,-1.3671750813343455,-0.1742301349266374,-1.089030696348706,0.4307072223042688,0.486593957658546,2.762232152538858,-0.9626132834493928,-0.3110898731799091,-0.8168385950988559,0.347162972801976,-0.2905685343086156,1.6260192175901738,0.5475213021483095,1.598784427811987,0.2190672686361355,0.3447512324276333,-0.9452425038262362,-0.4336374057031281,2.7501375283951592,1.3265483211015905,1.031322677467058
SYN3_0536,-2.131490981878627,-0.0543484834877014,-0.136634747891803,-0.7285882023541291,-1.3665799151235452,-0.7662177314049761,0.0713233380770801,-3.197590446342938,-1.313450906312139,-0.7669892174911441,-0.7301713251300429,-0.9863865649965056,-0.0246970608810195,0.4837457779522285,0.005050587342342,0.930685153331422,1.1946020311446268,1.4580544106659072,1.835184906536137,1.5598389387256362,-0.16707189038651,-0.6987739328544561,0.5329437232411431,-0.1728781433528216,-0.7419111376497268,0.1807971857036876,1.6963759912583498,-0.9946377460760112,-1.780078086718167,0.537136660835543,2.852552918413683,1.0274540661710687,-0.7987559291799271,-0.7987919457678362,-0.8297707093809542
SYN3_0537,0.8552582213542442,0.3899269169079772,0.5190422318362944,1.4181180661280437,0.6536657134750342,-0.8074639398011338,0.7746557255370896,1.2337393009874116,0.4542700480400451,0.7972481211403011,-0.5191301935472532,-0.665655097259074,0.6411301227016217,0.7680518353927749,0.287992766391367,0.1917050860892891,-0.5251138921559722,-0.2820084729989275,0.365431029650345,1.2389091109860375,1.1205907872542975,1.2981907670176265,0.076541287092852,-0.5237517263172055,-2.131353075966589,-0.4551683762781183,1.0598042073090206,1.7056560041826092,1.919252945342598,0.6309768976650472,-0.8799872034489366,-0.24705187926762,0.7188657239655694,0.456632263932365,-0.5038000750099481
SYN3_0538,-1.1597621656993358,0.253241826398753,-0.1098913569665026,-1.2478244365363904,0.5401128559634826,-0.3039467409141545,-0.9338007815453262,-1.949886751938629,-2.699878533708382,-0.532300911841544,0.3520484579320221,-0.2437549396289756,1.0866889171876797,0.2765274762018818,0.0707295905598748,0.0857913981540212,0.3194065019733578,-1.3066169851775664,0.4881187861566539,-0.4740927416007285,-0.0237419104042151,-0.5330136628647397,0.4185967794040879,-0.8351087347471269,0.3761887030929386,-0.3711855104776302,0.8667892549434225,1.1473617290312184,1.838917127944374,1.5830775298858533,-0.1064380108325406,0.7037375555054379,-0.5140675948326703,-0.8003709021474938,0.6304697374229967
SYN3_0539,0.7217076356917486,0.1194410002372637,-0.0011095220369966,0.136101834694946,0.4142642836075194,1.1532052559912025,-0.7016019176369646,0.0429515721094351,-0.050879087099346,-0.6859519372033042,1.0296607316940156,0.3740758987439317,-1.103658139911184,-1.5314741332530055,-0.6260207279346572,-0.8092755711619911,-0.0126351320567275,-0.7576827767285672,-0.6778239655789958,-0.6933103508180757,-0.7855367671696041,0.2526884243215128,0.8811106226860888,0.3303685284466727,0.9590086949787568,1.4482334326239186,0.3968298627905445,0.0986690477502942,-0.6544988166907552,0.2725590463443159,1.7477827843224556,0.3441897023166015,-0.1359391380457318,0.8506213539137358,1.119905475655474
SYN3_0540,1.938775944944152,0.0058971654373256,0.1582048036633488,1.1184742653061663,0.8234530209125186,-0.3696324821869349,0.108576516138869,-0.598449717320638,0.3805401741860338,0.8628529176982126,0.1641468012530531,0.1495876279713922,0.1434354878831525,2.7253322506758995,2.324887915101257,0.8534753972289992,1.284391217889325,0.1334351937299763,-1.33317586512199,-0.8744056050717941,-1.531159442119186,-0.6972391859593987,1.0215714144340935,0.4765505494372127,-0.1373751903089001,-2.394983144810717,-1.4837357396387172,-1.3354746980569625,-1.892116753808176,-0.7046247752169597,-0.7612822297193631,-0.8381978065775185,-0.4591874507614333,1.0747978098006632,0.9305578273657088
SYN3_0541,0.5786841072159493,0.7215117050112554,0.8927326366295557,-0.9030466656209816,-1.2255038239854394,0.5618328440179708,-0.3253119909478977,0.6235801644286304,1.1314661859133266,-0.9000554118089901,-1.1855552071498028,-1.5847839740300074,-1.257963888822381,-2.5886040553484237,-0.7572870502640386,-0.5281935790266319,-0.3478673543149771,0.8739293494953267,0.372784852823635,0.5076116179167595,-0.7975417331422776,0.7056521958727654,0.2187339369471024,-1.1576825761059677,1.7996136997639955,1.8025785609020453,0.6632776116791441,0.0617190930009576,0.129390912122724,1.0880520177012,1.527451938526954,0.3647674070754395,-0.3306941470132465,-0.3067196109131021,0.7217459422070421
SYN3_0542,0.3664480536520477,0.3509332057093753,-1.2456538933718406,-0.848135986624759,0.3249865429175883,0.1655732257866184,-0.6407918904413583,0.3784084099519145,0.0675457946621005,1.1555051214593686,0.9259474887484296,-0.6336458957786824,-0.0740284907275887,0.9898287734366992,2.351518320132515,1.5812994024246882,0.7633282343730837,-0.916713446005337,1.756405016972472,2.1864098316415084,1.2609700187440822,0.0097955094416347,0.0205608592665866,0.867408952618143,-0.4930432478133708,-1.3418298207837855,-1.3947768993979597,-0.0639372385848004,1.7593063476371054,0.2059757041529468,0.1386399777860366,0.5573032509081823,-0.0710269702975983,0.9457549192765397,0.0958586923401938
SYN3_0543,0.6639974410326958,-0.5305080959987408,0.2977114116259762,0.4823141573170664,-0.470615818576939,-0.5917661816776681,-0.0607898302487041,0.1386903653039171,-0.0640709539897412,-0.7867452279594449,0.6403008632666666,0.3134701730850949,0.2782693776903985,-1.0966718947358889,0.8958954128027492,-0.2531258168093704,-0.0009228492857122,-0.314483202298926,0.4779345786551332,1.3610131911493737,1.8526673881304931,1.6701944067555532,0.0856041902731828,-1.2593317462368403,-0.2118560499441084,-0.031629256453072,0.2161608288808887,-0.8294207462360136,-1.353791289959879,-1.1145730870630863,-0.4887904788225559,0.7732286146092343,1.1138054511103912,1.7867531737751374,-1.0331820739187343
SYN3_0544,0.070639883676673,0.0409649730521319,-1.6804995466077624,-0.8397419989893891,1.0527637165229922,0.1979102907208245,0.391801055876433,-0.4982180345572077,0.4215025760063784,0.93263407411121,0.1131404669073692,0.4565738329829268,0.5316188082841775,-0.3559588338439878,1.280788501555031,0.1095708912942701,0.0040154037885143,-0.5473815660648511,1.7555010132450053,0.5115509746912796,0.5981917084287597,0.2653395111457046,0.5073936497275443,-1.036213587034367,-0.1314184316744788,0.0410979226548155,0.3359768555754153,0.8122700407192841,-1.9150588151735812,-0.2456136838522729,-0.8301064597714118,0.4723189520423075,-0.6686071971814891,1.0802951587851115,1.9522536351738544
SYN3_0545,-0.1270423112835502,0.3430209236920301,1.1284551544949206,-1.2966672087118376,-0.092238459230664,0.3654914547361728,1.5199912107703344,2.6096087404679267,0.0874764381430556,0.8584332057642892,1.022510521860467,1.1863769371355746,-0.3127515123542234,-1.5456839958103166,-0.9430634016599369,0.5175773343658492,1.847398771259596,2.523369548853517,1.8741335444058809,1.0643025544318414,0.3351003674782836,-0.7478369108397767,1.7501128647360826,1.366029358706106,0.5723299976637454,-0.318755870343028,0.2716850751716044,-0.3109709736908994,-0.1569344198041734,0.1165786204869914,-0.5361424120275697,-1.0666636714356692,-0.6570469583991412,-2.3066244702695577,-0.5458977210198358
SYN3_0546,-1.3032944724282136,0.7899596725438339,-0.6112688370942804,-0.3144925666601327,-0.2699512698953514,-0.0603773114232757,0.1802166914408094,-0.2965632094124842,-2.7538299452751267,-2.5137435444061844,-2.02146217116596,-1.9788884881495628,-1.126951660000498,-1.4115586617489906,-0.8508442010625261,0.6056437914779721,1.7879002063699194,0.9707660780978806,0.4070085720322429,1.6593478353855509,1.5699905855040883,1.318380432252021,0.23012606153442,0.3473184711299781,0.8947575097696239,1.1292035633421202,-0.2389596370777126,0.7630933469754158,1.3935225943566782,-0.1819158097785675,-0.3726065199922047,-1.2341533522801664,-0.4513395994515574,-1.0489092118961056,0.1693858874741387
SYN3_0547,2.094959295358806,0.1317972484237921,1.6633627059279603,1.6356106367405507,0.0918313579062162,0.4774866690713475,0.0547685204885206,0.1278783150641455,-0.0571033995414816,-0.3093911139449155,0.4959873232736183,-0.536495853571068,0.9482392843204672,0.9128496365345086,1.3038033920537568,0.537644148615483,0.4428236670647369,-2.017545519004631,-2.1492213939705715,-0.944828234171504,-0.5873712605127644,0.4114800848953788,-0.7206165174693278,1.194346098514906,1.145130037053948,1.687767370755794,-0.0367657088409848,1.4696600325229603,0.2440100867376049,-0.0151295567142456,0.7016675980875083,0.0765261164724283,-0.8420581543007294,-0.8188298594206631,-0.0817022767153494
SYN3_0548,0.4954490526194852,-0.7003556109908192,0.4608148925986483,0.1265280470751045,-0.4988481825074374,0.2735861106302951,-0.1765374137838719,-0.36308926921119,0.2826622985222604,0.3646597700782641,1.8623388824800795,1.3029695501823892,-0.0463033990557055,0.4383002818637325,0.5749963155036392,0.8375601275044295,-0.1175302667939119,0.8345352139079315,-0.8257520924329403,0.0417150698012424,-0.7622683040361695,0.7288587948012091,-0.8383593154186446,0.8908560594763747,-0.0188229028373943,0.8583901613537092,0.1995712066355074,-1.2617199084618649,-1.0197011882570377,-0.3755405772958879,0.2296045598254912,0.6671294732757176,0.4794573301245736,0.604992072395136,-0.9421026052793432
SYN3_0549,-0.7787225678252017,0.747647192827477,-1.43059672467938,-0.5148018277160121,0.202481112774114,1.8684776504718803,0.7415220501502052,1.0517773719337655,-0.7632943327955215,-1.0052035000855777,-1.5056088466062647,-1.3361467432735243,-0.1549532367988238,0.9529391673093336,1.352618755287324,-2.167472700750334,-1.9557559913536515,-0.7014286959037876,0.8018068138772472,2.36873487495239,0.0532465780573735,-0.6937059130713146,-0.3565999572550989,0.2862422717929044,1.5019015446408197,1.7240212760367863,1.4500836442166811,0.4219199525051441,1.0035804595373847,1.15885394861989,0.2069585489813514,0.6170512520712612,0.7751525251272293,-0.6978369791474572,0.1176265813385097
SYN3_0550,1.388634964480333,-0.3547636777193602,-0.3288545892506819,0.2015485332607529,-0.2893626722736677,0.0738552487818638,1.466716855343876,-1.115535172559831,0.0376879454100555,0.959854657393958,0.2711336840931998,-0.7694952800867472,0.6199830098141762,1.3563133504896754,0.4562916021776105,0.3416490033304855,1.119535349434713,0.5434738309389385,-2.511737119757941,-0.7412459034774234,-1.2392173922152432,0.724279787199037,0.877259094042933,0.5760690880350369,0.4918401395726322,0.6312903116602818,1.0322962385298111,-0.8823527865308262,0.0789729384044686,-0.8278294516351118,-0.6396061166534728,0.8526476831529944,0.0206300752958412,0.6124119465884023,0.4438141992931591
SYN3_0551,0.1168664199080075,0.6659587781504118,1.96468758366223,1.2062627245414006,0.2461754176288194,0.5154297580992411,1.2548464964205006,-1.179774202102412,0.0040849912810563,0.4537526698800243,-0.7856619418503857,1.876470198143564,1.2314225724036376,-0.1269029962105321,-0.4486856451981437,0.3243367748882843,-0.9894502382498082,-0.3033339466038606,-1.509095260277239,-0.6574037664910557,-1.2563006682714135,-0.9351813313289128,-0.2108707045833715,-0.1878121769816496,-0.9395673823751698,1.1558478645299826,-0.6266036735959498,0.2794830511930687,-0.0450773175258201,0.1817821225950329,0.3714995182712966,-1.3582010820939332,0.3213158945312575,-0.461757519792268,-1.800724691797596
SYN3_0552,-1.0911048194895456,1.2305701261786464,-0.5143889861745753,-0.15295546873948,0.2118509198920931,-0.6313323184145702,0.3361264752523577,0.5204892775873401,-0.4468634856946468,-2.245163301708246,0.6428321638942822,0.5809029472123877,-1.6860151679664652,-0.7445661926279191,0.8821923578005009,1.7056787794551165,1.4723066399521076,1.577947821163162,0.8128437917811124,-0.1644764700522819,0.4048592726302341,-1.4806145891436977,-0.749919819059064,1.751783590142573,3.0036785682442773,2.9245969652555392,1.52536116454736,0.7662709974942487,0.1532314041396607,-0.5026128223934139,-1.0556038717355154,-2.107989104476428,-0.824418079057072,-0.7587397602460743,0.5763141805700615
SYN3_0553,1.052417783506304,-0.3301102506024618,0.5145607355894399,0.6654256634070087,0.4072816599358562,1.1384481635758428,-0.2954893696106884,-0.5773996956756724,-0.8425476444780868,-0.2312405548548084,0.0815353663598612,0.1755583101537057,0.5276526160970755,0.8867591246655399,0.7513921571614224,-0.7593392211993802,2.277094431400496,1.051280350568282,-0.3907441621680656,-0.0044678324501538,0.1274907916168874,0.6411620710530462,-0.3437897896607772,1.002280552967795,1.0186040241620102,0.7936842762434305,0.7030472124452987,0.7999704263992861,-0.026904073978164,0.4780902451656305,-0.761657783430143,-0.7976857796040031,1.5767671268869412,1.4619448217734272,0.1378937990918342
SYN3_0554,0.0016325729897429,0.8912171218584519,0.7612714014710907,-0.081915877042443,1.3486400028929293,-0.2084191759824611,-0.8025288205801332,-1.6136841754370657,0.7965863529813615,-0.0189343751794202,1.9583646329062747,0.819354839240685,0.8393346497788488,-0.4445387213439141,-1.7797852057997134,0.5525781597185188,-0.8049593831999349,-0.8331902241346648,-1.2258276917523732,-1.022102193963755,-0.0181942439182733,0.3520299472925898,0.6544984037410968,0.4846471923804482,-0.0655500615924921,1.1033285611773842,-0.3925482328939369,-0.5539646240450233,-0.3620362826659259,-0.6572613580735854,1.1242723214172925,1.8785820377790383,1.8439545217111373,-0.8456027151994457,-1.9020050913856577
SYN3_0555,-0.4782496060227996,0.7910563774386017,-0.3124047498229944,-0.5583283418947007,-2.300188581802805,-1.0509719943919296,-0.3303326508393336,0.2886299019441665,0.8185791451818877,-0.950581886664872,0.9211190428323608,0.23994201048413,-0.914960002174678,-0.7319166415258164,0.1633490440628659,-1.031583372258045,1.0319337051812425,-0.1451883040814955,-0.4266164330781433,-0.2612575043144524,-0.6443118075953088,0.5759703811536142,2.4693121932921738,0.1656466516672063,1.394279214362027,-0.5975928736721594,0.4224865987720832,0.7337705073335923,-0.907054658438645,-1.058946602775557,1.0081117513665112,-0.0972059132419699,0.7236185389567302,0.0244595628623137,1.725918255277084
SYN3_0556,-0.247580564173354,1.1694609852217708,-0.2836566691291485,-0.617358184604763,0.5519372995469163,-0.2229239411852069,-1.7351368472467013,-2.3986722266267093,-0.7133104336246749,0.3978800859648873,0.4066769797090734,-0.8994625136059947,-0.4062439020278665,-0.8968485913956667,0.285168706588334,1.5706962247623135,-0.5367466975232977,0.0131215666128085,-0.66558990646466,-1.9207066891540312,0.1645224626344863,1.9154703130025483,0.3158150937666048,-0.4908037161240727,0.7901735963574363,1.3451001253692072,0.3032725849574555,0.5734762005711936,-0.6364197295764399,-1.4140733695259164,0.4234372737375296,0.1250141486345471,0.1812101650945408,0.9474526625103588,0.3146635320475381
SYN3_0557,-0.8952986911889337,-0.705034229268673,-0.6440038683189696,-1.5792192154498463,-0.856483141224443,0.2736829163208749,2.170833301613569,2.6912128806959847,0.5534829239469782,-0.4705094306881064,0.5941542741346298,0.0954974041294161,-0.1397852817417137,0.2319218862934284,0.3379019618818906,0.611622000975658,-0.2506876675337801,-0.348467348313974,0.7192278825598746,-1.156492047531254,-0.1235272581684323,-1.7347602391523786,-0.6504411735342978,-2.002750925837315,0.6484790737132569,-0.5172929627163342,-0.5876000863782863,-0.0468113098610855,0.514666341588733,-1.575694514608534,-0.0293310486231931,0.4265169564507016,-1.5827569437024471,-0.2658930590236861,-0.8718506796757051
SYN3_0558,-0.1955346903558313,-0.7923996030396785,-0.2252048588433539,-0.6407892628069812,0.4206689440748497,1.6956969508141757,-0.4161757716576734,-0.778232820799029,-1.290997226911502,-2.014010603268157,-0.1170503154077374,-0.0255927633543008,0.8529977087438083,-0.4953363099017838,-0.3446575644337304,-1.2241042166045342,0.8881178230186577,0.7988135927953619,0.3405898831003283,0.3305126073791234,0.5153555733150966,-0.3468096900881592,-0.2286044368679801,0.6488578544431336,0.573549837099084,0.9773599097745068,1.967119564005448,1.7070484498743728,0.4284804366162472,0.5860068708808055,1.4833087165993293,1.3556574700250692,1.0579464483718664,0.3826812702641584,0.1100205749574644
SYN3_0559,-0.0801736327084582,1.6559296246041029,-0.0346425186639061,0.5584987264261365,2.0988549461446504,0.4194936586798016,2.202147668460397,1.1068076208497266,2.129448012842248,-0.4087650347982505,-0.2909309666459336,-1.0293396890520266,0.2064835616266701,1.5631876502148718,1.0990633133415473,0.2422565409007862,-0.1862293321597756,-0.0924443265513764,-0.5387581305613086,-0.270288988635668,-0.9028676528246076,0.0484386480758339,1.4335125180248236,0.0551595738959901,-0.984469929315194,0.6665798822884378,0.8023806587862926,1.1859764541380076,0.2221171437863649,0.6817824400009721,0.1130219263330302,1.226838525566384,1.4414657604974574,0.1041782921535589,-1.267051816640353
SYN3_0560,-0.5905940765768888,-0.3512698442423176,1.3147348264588854,0.6712337024278257,-0.3751071055533952,-0.1387721096784258,-1.7028765272179849,-1.350281716028021,-0.9198500251763512,0.5265619980786169,-0.6827821121166041,0.3459758552265678,-0.7661032089587663,0.4597453316501918,1.2013770827117145,-0.4572822870667251,0.1363290359819434,0.3548761802702574,0.7915968972380761,0.0508444701479753,-0.7058847393713049,-0.9152607856055354,0.648522164777633,-0.5144162527280681,-0.5630976496150587,-0.1477219260539811,-0.0218831401078861,1.0874194714485237,0.9623228724302214,0.5857443829249567,-0.7153816159023613,-0.7869142882095345,-1.3831270853580169,-0.7816441604303862,-0.7491501798847269
SYN3_0561,-0.378269031034848,-0.2447324639237331,1.5220512160319126,0.9625795567100216,1.1890814744270055,0.1327949116487873,-0.3635235957905701,-1.463512195877741,-0.8516284884545489,-1.8365286366689308,-0.8442282425772378,0.698664892352273,1.2596788460481527,0.9062625321780562,0.8376744094483001,0.8895974956762682,0.6329984584158986,1.1093986679908323,0.7746288623710752,1.1204641147680958,-1.211163532120722,-1.7208088972107565,0.5716047082522125,0.8718771176897698,2.0352452960454475,-0.787385125658946,-0.2747849849739518,-0.6754767692785754,0.6022932858984235,0.2237234083147878,0.4574014540440977,0.0366472567903975,-0.8619065731206665,-1.2717663621708903,-0.3048960124777976
SYN3_0562,0.4351729658551064,0.998756644550356,-0.613684105083595,-0.3689275800837457,-0.2186240027591394,0.1687202830715084,0.2289181304306557,-0.5551172169114439,-0.161132001973211,-0.5957915153600466,0.6417839486554212,0.719810024322582,1.365529676907257,-0.3132578890934558,-1.001980021301703,0.0760590304220735,-0.0645636400909638,-0.7053617019070754,1.180271156725582,0.5100010813554291,0.4345152445296693,0.1926532696765793,-0.0780365692196042,-0.3347732432061546,-1.025279902106506,0.4243059991102587,-1.3297500751327336,-1.7633949260624675,-0.0734705481821156,0.1065120178233752,0.0785599131689415,0.9722138483944492,1.0683424739141871,1.0793067767083784,0.5802132046145371
SYN3_0563,0.5864029971311431,1.704621136324432,0.7497967958427676,0.959833893984877,-0.1780714377128776,-0.9887716524030324,0.4439999805918284,0.9018455547048124,1.114123617742425,-0.4433893251075084,-1.8370612344139263,-0.6422172162083996,0.7452154555515837,1.059202797363244,-0.9163354090154234,-0.4838838279245434,-1.423753239577706,-0.1769029915171189,0.8101127027838608,2.049255455219744,-0.34957422503535,-0.1230773014507392,-0.0302934860552045,-1.456814510433769,0.1317450510872866,-0.3271384346342134,0.0694705022063425,-0.1068678956620765,-0.2966839276985179,0.1043707203443497,1.259379487586761,2.7189256548274976,0.7687308806832768,-1.299840794508074,-0.0087766283270816
SYN3_0564,1.4363627493420097,1.523922313120914,0.7515326946624414,0.6874744819419486,0.3840530469631726,-0.0487795046283623,0.7490413782770629,0.4066276016221031,-0.8923954678132469,0.6607671539173275,-0.6156737740190082,-0.9145584316707256,0.6238248102155213,0.1432627221800318,0.6661458777512179,-0.9703450672227,0.8098584479121536,1.2107510437215605,1.2809926744227698,0.7517052023609101,0.1352579838048232,0.4259119380109412,-2.241265272079866,-2.240903637375608,-0.6789771395877469,-0.1230540726551947,1.863157737367461,1.1269356265030566,-0.4145983361757155,0.8750125585473927,0.2095543728109951,-1.90356740206226,-1.2007230810998752,-0.4853247852451924,0.0532099063529651
SYN3_0565,0.464853416574666,-0.8805761163105486,-0.263401199158965,-0.0155905321288787,-0.8640499370853685,-0.9833627455435666,-1.571254705783294,0.4505890851827382,1.9642561006790624,0.1533604951369573,-1.0782159854114255,-0.4485654725856536,-1.4991819298384548,1.5427663214096723,1.903025704583276,-0.2682177130955109,0.206721421130135,0.4411632810164758,-0.204649798234196,0.0624894614985609,1.3848474288377122,0.516847511356971,2.0117702220257403,-0.8569401048215828,1.464736303803443,0.5221617471506881,0.5920665504846927,-0.7973556187147856,0.7845427078631347,-0.0440907486581029,0.2210023532899565,-0.5534240632511717,0.7669038328086456,0.8261498231698491,0.3606967224046553
SYN3_0566,-1.686260651601826,1.3088614537603738,-0.0743867015289458,-1.340266358774138,-1.2177724986918026,0.6169642782194787,-0.5988221387237224,0.4653703304201838,0.4349052040247342,-0.3903822151364484,-1.709163502014828,-0.3841012818296179,-0.5829782080617979,-0.2326774928693069,-0.5284256672422114,-0.031983756129718,-2.8055198825935426,-1.0521297652790222,0.1103075616967642,0.4425508199009069,0.5686842047379272,0.6736482617190567,1.6571137947160517,2.824419529878707,0.6210149875936127,-0.6282243617996854,-1.1375256083263343,0.2929376676989732,0.1318585710045952,0.0829447226328067,-0.9082024584657796,-0.3138155911582517,-0.4105049071978622,0.8951435336798481,0.4037784174383465
SYN3_0567,0.1472623011507371,1.0622404922218698,0.1328608196800669,0.7498791372238736,0.8701775214394715,0.4439884156370932,1.5543596979369754,1.036684412757657,1.1158019501658256,-0.2060286179374963,-1.2404229549181576,-0.4460362373855949,-1.5116940043032974,-1.2374800407985715,0.2148032623474075,-0.867876160878798,-1.1431221920439292,-0.5478277200182037,0.3940459096593685,-1.3879408402378337,-1.1839270081553692,0.4916662622222477,-0.6817521887456001,-0.6995523803697854,1.6871878096932174,-0.4771267303917734,2.1184063132283693,2.3264049861062115,-1.81135199133033,0.8286752161874408,-0.3016440595596723,-1.2475581119408958,-1.1201514978498923,0.1485534469867782,-0.5475383188913249
SYN3_0568,1.3069724452698213,0.7770138624383938,1.8455131780498304,1.4860498415864465,0.3204001325294301,-0.425531517966285,0.7759052174874341,-0.4425793254512315,0.8873521929830194,0.1421055771081623,-0.0072050835545546,0.7768526558853824,1.12569109498275,0.7095730945283689,2.134076325154288,0.6475579233660002,-0.43190656090567,-0.2914271666231441,0.9860660832576392,0.9566645013551014,0.5679620204353241,0.1172446505847096,-0.2065488891081137,-1.034196680701993,0.1457158138063669,-0.7145160919661203,0.5806555270972051,-0.2857794342114751,0.792139300783965,1.5297677916499517,1.0703068730577552,-0.1774386528957188,0.876555352441195,0.021158207677578,-0.5748620092407359
SYN3_0569,0.6863225085888444,-0.6827661798091625,0.8395091707599164,1.064425762784463,1.7394967440701832,-0.0766808815498858,-0.7440223078002651,-1.413681240966395,-0.7718247262094181,-0.9494012107903944,-0.4111194230629738,0.3013643256383991,1.0044658643826,-0.5961401621307215,-0.8381407469811244,-0.311677486827475,-0.6481664656965341,-1.209455622719393,0.0737936984391371,-1.1188639662256936,-1.505187481510334,-1.765925679182137,1.2224230234311952,1.1498377586443116,1.5832642458414927,1.483544152063384,0.2209981452441237,0.9689408291751164,-0.0028733368908855,-0.1492235776706653,-0.0776051977036605,0.0100410580003458,0.6450601914561485,1.396152912322759,1.5124741260237509
SYN3_0570,0.5686589109898502,-0.2656453176284362,-0.4503435512414776,-0.2425582835724762,-0.5330615170106467,0.2154624747014914,0.9002131922448943,0.9695977373578992,-0.2639706801124403,-1.0117337844254606,0.4849884295086178,0.8253596708370367,1.167801509930083,-0.3366838210845079,0.5136044652099496,0.7227266973223322,-0.1952005270033024,-0.3637288326627754,-0.0447912640553659,-0.6898938182382427,0.1988179349386591,-0.5708970552025461,-0.1534739042173943,0.0664580925787576,0.6277791661351554,-1.479992615628856,-2.0544534076162426,1.0440422623169154,0.3014498696601008,0.9468174464558796,0.9124882220874748,-0.8919771476554244,-1.3029554841668816,-0.4339480928168769,-0.617319765448246
SYN3_0571,-0.2234719941843807,-0.0705138149643433,-0.2493145277335291,0.5766049648780144,1.6357004640015,-1.4107654630464848,-0.9875957277634086,0.1485659816136938,0.5075122918556736,1.0647983460595136,0.1374686757979055,-0.623005400053184,-1.2100863966256064,-1.6139030594988206,0.6520482701196554,-0.0518219905781215,0.6786655302699478,-0.2016197635114441,-1.1464471414916126,-0.715509292750301,0.915000023487515,1.0821352065023553,0.9442412098694376,1.302509504583925,0.3910755624756767,-2.764100343332655,-0.1619391800236368,1.6997531925283544,1.34865166786129,0.0895791762694673,-0.6573131166712725,-1.0295326068260715,0.1072967131695141,0.0129964487810588,-0.240944769265645
SYN3_0572,-1.1572809225177771,-1.3083737065830052,-1.213949061417685,-0.7413088543308533,0.6582138077755644,-0.1496722798009619,-0.6829254702178229,-1.5751892972738857,-1.2329151848292486,-1.6437978058811795,-1.7543845637478122,-0.146369367291109,0.6131192713201883,0.6049960422568327,-0.2749509458980687,-0.8167585861945875,0.1599692893541446,0.3883804763747162,-1.1213205127242245,-0.1459997126162955,-0.6394047058966124,-0.9647161655459856,-1.5359936794365088,-0.4990476191056373,0.083327646150584,-0.0806726630748051,-0.7473012463702745,-0.9830901185613804,-1.7072225419011005,0.9601063495543644,-0.0163213076314082,-1.1869782329476095,-0.0217942498541632,-0.3234766830747394,-1.3309141097810648
SYN3_0573,0.7437084860392027,1.2027708218168036,2.094067129438684,0.739835738577928,1.0991598637808189,-1.46454255682522,-0.2467107024972223,-0.0682155216624808,0.3414008031623591,-0.0060268107015947,-1.2934494207472913,-0.6368502749023996,0.4987880945633998,0.829533366330149,0.9965543528307416,1.2418921984720133,-1.5746326917053088,-1.8250172505814115,-0.1655455075713871,-1.631172048991178,-0.5279566640778887,0.4394968690277992,0.9174128870654272,0.4378409918992046,-0.8286447280957211,1.0940922448525126,-0.1055974014763442,-0.7046460744055558,-1.28220442847609,0.4847240124208568,0.6021024791111056,-0.4068303279895093,-0.8699577497242085,0.4598256977982466,-0.1011318974019898
SYN3_0574,-1.1304324657504454,-2.0345730914738,-1.1088924851060775,0.706413409024901,1.109817870764902,0.9686324370779604,0.6308831135412254,1.2193268588787634,1.915612145639928,-1.79030673510334,-1.6695052940997608,-1.3382998741389316,-0.2589716479834614,-2.1631877760995555,-1.3674679998133166,-1.1639301709450596,-1.316031432103069,-1.6790471052871712,-0.616943121378303,0.5493213664934646,-0.2804726856050401,1.7262703674233018,1.393788682248079,0.5911004281783027,-1.6432060346796735,-1.047618375953438,-0.6229847163404441,-0.6662971314806087,-0.7997355083252029,-0.6864204458885331,-0.9057999505606634,-0.2837613951334795,-0.2026366009384336,-0.8872079134969257,-1.833050550829213
SYN3_0575,-2.3902354621849145,-1.2452752949533357,-2.6305931734532573,-1.0160840124744357,-1.56894032076628,0.3280788913009091,-1.234331942072019,2.1625970197112165,-0.3856412216472731,0.343866516917886,-0.1401923031255132,-0.7571747107842591,-1.1770381551666016,-1.8749081915251469,-0.3093628691607661,-0.1680078877219078,1.0815917233247814,0.338447266002009,0.6202392326715195,-1.243657371164349,-1.0845917584353215,0.6969865807147407,-0.9632084609603055,-0.2523945055327204,0.5330746858454224,1.233484821474755,0.5610921352519788,-1.396798309333249,-0.3713666335697494,0.7635213109249279,0.506899872054785,-0.8961935888416196,-1.0824347692665366,1.3113461479002149,1.567514871545736
SYN3_0576,1.6564125944408177,-0.622506589751155,-0.1559884771831276,-0.5301840336139988,0.6766274589093326,0.6150955311542533,0.911618063076006,0.1439241334560267,0.7331665135941817,0.1044463352350839,-0.4625963132620092,-0.2721575518077908,-0.7526699968862125,-0.9893049869660604,-1.5354904895025574,1.940395282196044,1.2600293912750336,-0.626504282973801,1.5445220983084118,0.6263581403476466,-0.5501526476341593,-0.8780348189840894,0.2182867324944459,-0.5491708284318985,-0.9476530058985074,0.6496106487686633,0.4128751350682715,1.564064142710503,-0.3781098198048022,-1.2882571140233172,-1.9067429520291463,0.7177289807627202,0.2219745352571177,0.3365416808190765,-0.656399100903958
SYN3_0577,-1.3182409879754458,0.7219759688320828,-0.3801786404081714,-1.798273207390754,-1.4542936250439449,0.6206544163129085,-1.4183429589149978,0.1569736140565697,0.4560993646862319,-0.1277658293231955,-0.6642011183970102,-0.2433823873559685,-1.2342316897004149,-0.3270987064578193,-1.4424704467584468,-1.7616887553144374,-1.1152753827529631,1.3347253526486833,0.7648982241554694,-0.0110866708649474,0.3861833701343144,0.73188064552699,0.7840565065641476,0.8019816537487707,0.232812703934178,0.6460543372930551,1.0388837793869248,0.0557419412306346,-0.4999916722018758,-1.295904203831579,-0.6212491279239623,0.1828446845606073,-0.9215764079376748,0.8511115606743693,1.7464950144341165
SYN3_0578,-0.321719047260439,-0.1897791383150519,-0.2882214845838083,-0.547533492290642,0.6979196400787374,0.6827841820930265,0.0412410659748662,-0.4292768495751254,-1.3489615418046088,-1.0817701473609036,-0.7388391259845697,2.170090188419363,1.2230050452334853,-1.120493505396288,-0.2814546696144388,0.2506274581948435,0.4611257355947529,0.0711738231400499,-0.4947305955005461,-0.279331920763287,-0.5525838670882708,-1.567672187749643,1.340387570279752,0.1484800214150006,2.2266974113075406,2.1237845386866545,0.9215219390838872,0.0292240388826835,-0.7965320179764637,0.4441552931949942,-1.0261492908817582,-0.7134419009857014,-1.2113380074960496,-0.2365424968275972,-1.2372325366278016
SYN3_0579,-1.5637503535795514,-2.362021678805988,-0.7442450014398302,-1.476282290607275,-0.4876923924419051,-0.22368629170231,0.6143033888992975,1.6458966465430995,-1.0337076028255656,1.2387671549590802,1.3159829740734077,0.5117370953477283,-1.6563790013529711,-0.4209165547984272,0.2900761170173639,-0.2066861113005061,-0.1695123759332004,-0.1036585181072687,-0.9838873777569688,-0.740410245769274,-0.797199918266438,-0.1544993098114707,-0.2115565291312716,0.9979521543741542,-0.0517526535580935,0.4131588280093753,-0.8622019447385817,0.7309871695620789,1.0810107905725264,0.8153659790869878,0.7871289781286004,-0.2031337503341552,0.6013740353001306,0.8536922264875331,1.3373352405842112
SYN3_0580,2.010400224880167,0.0770501178004456,0.3210262311542515,0.4745897665434844,-1.1876738164808065,0.1153711400419945,0.6559646769680841,0.3676748568334259,1.7290308784700428,0.0081448143181698,0.5168898066188486,-0.0987431447845775,1.03647433830791,0.5943215479462458,-1.3795099931416115,-0.9339273370461282,-1.3352497234668983,-1.7965381870666508,-1.7592236343224303,0.2674734222526714,0.680698886594201,0.5178466683889024,0.6883841804395447,0.7429191324821796,0.1349436561199854,0.6943343813017914,0.5897829516649585,0.8103652805941284,-1.0307226025725782,-0.1630697605400627,-1.0275989915526722,-0.0358866921918886,-0.8190008676498791,0.167986678531952,1.197242541714952
SYN3_0581,0.4056199165789032,-0.9333023451285306,0.2171110920835835,-0.6318468002660347,0.9344379108301232,0.1601311727771896,-0.446245576401381,-0.7336982957629378,-0.8438955713345245,-0.459633650362598,1.13719008363711,0.0961883078393275,0.0091452428279046,0.497567167325571,0.4663112730276426,0.8299364474975612,-1.199117869329366,-0.9170063320451564,0.0069647437191685,-0.7757208912844281,0.5508888490388798,0.4219502726277654,0.986367509817864,-0.5067250620779469,-1.1462668672833098,0.2906325213331733,1.2552210842889295,1.3444248250318187,-1.3743511954125172,-0.8221987735900561,-0.2095445962437188,-0.3099659203409021,-0.1118890110074911,-0.7934992151064966,-0.6069791551630548
SYN3_0582,1.277093295740427,-0.2532188642073113,-0.183009575889266,0.0634450953618881,0.6909124916979731,0.546655898581249,1.029232542642344,-1.3696623968538555,-1.1316191093046306,0.8544974593437806,1.0411476542397162,-0.8602138041991991,-0.5602400393891519,-0.9222604327357232,0.6371287728851383,-0.7279460175969824,0.9468307247824632,-0.3470654721815692,-1.0434249734557062,0.7207991318850545,0.2648779897792025,0.1431248453811134,-0.7998075060827677,-0.3840836034043423,-0.997126134109538,1.0140164038001185,1.1419300369699688,0.2888951767130455,0.922194974973622,1.118571461957414,1.9410777180749057,1.641588570037607,0.3562267050410121,1.2766593551532497,0.3960940297520006
SYN3_0583,-0.4721317344862182,1.6283857646912578,-1.1980441078973023,-0.6295020734720871,-0.5457437305959713,0.2467498458865677,-1.3552847936184311,-0.3854361322755041,-0.3019110373694016,-1.118866147202348,-0.8842161996280691,1.918571116396366,1.7142923229557552,0.9972465809411032,0.5500072213237116,-0.0977327168747143,0.89679318652194,1.8618324795599244,0.3180603432452924,1.1265059913605209,-0.4962149172998099,1.1830493895839758,0.2376802372507277,0.4102695677722279,0.6606239332811771,0.5249945584599662,-0.5270948686012779,0.5822334300812385,0.84671116072883,0.6928318114277636,1.2035398595080875,0.1063270038442027,-0.3263001193106194,-0.4808105107731623,-0.3789164018830822
SYN3_0584,0.6936210746774862,0.0828410208944452,1.5403098476396522,0.4083171965553909,-0.6153541609161537,0.3912299677762391,0.0508779176704976,-0.6832562234537671,-0.1537269922829475,-1.1115458851694786,0.0833478369364906,-1.044360691850762,-1.96113944292722,-1.3160625742498853,-1.123206493700787,-0.0150283153521622,0.143568990357377,0.4918501964010612,0.2223885770956325,-1.9888593178230676,0.5013686962897458,0.0845082857469462,0.3624904475292902,-0.2819339201958307,-1.4353559120097474,0.5698587483178548,0.3365606071193643,-0.5267288672112069,0.6742736177357286,1.6931810600555477,0.6271605050625573,1.037962893530329,-0.0693337401347512,-2.0078986370599563,-1.6126782926855887
SYN3_0585,0.0908112254908466,-0.2060099425700254,-0.7244879467426203,-0.689284977515161,-0.3863322404485394,1.4396761717547542,-0.4341434704782962,-0.2656540363219061,-1.0678928652250668,0.6389341509045124,-0.5239447771888807,0.6443842908542079,0.3892965250739759,-0.1660001479420949,-0.1763473245219488,-0.6225267755735673,-1.5197354009441253,-0.5902842564062792,0.5241188152827687,1.553078972665929,-1.1596417750809178,-0.9267768071791972,0.1174575626489558,-1.232451988470292,1.9985835773184368,1.5443082692250356,1.144186682463428,-0.4496183298762073,0.4366056977835226,-1.0070396241358908,-0.9347705328389596,-1.3528640982654343,-0.2094886605431469,-0.2106156975473412,-0.5388004581373474
SYN3_0586,0.5478777236432005,-0.1976844454590564,-1.0462981907748314,-1.1881607078182754,-1.545925993641987,0.1252856249721484,1.197288636816844,1.15518547204963,2.295273732926048,0.3778870136853778,-0.8116438958578795,-0.1254194115047441,0.2866426106752627,-0.1055146465110928,-0.8683055039163607,-0.9817705323422616,-1.3334456130210983,-0.453139322165433,-0.5022451542068371,0.3839358259918812,0.0620886735616598,-0.263741286158958,-0.1978102196803597,-0.3396399828254761,-1.6337955784366949,-0.5556049208297498,-0.3379608218386482,0.9477686985723688,0.5302895578261072,0.4800889113464029,-0.3312311197475335,0.1364222725933031,-1.7317170957585983,0.7916673928999235,0.1883034965555156
SYN3_0587,0.9468914361436288,0.8683243794530482,0.5881805081003474,0.6832268458723761,0.0155980113076583,-0.282093944140222,-0.5041999241213649,0.9092514187019616,1.390131108148865,-0.888381655971323,0.0182502874615077,-0.6505177521205553,0.6699134302179761,0.5094636884637906,1.0837946388435642,0.4286432882952303,0.0357912873570767,1.4865511149509048,-0.1759952957389366,0.8590289400834731,-1.2206468587356711,-0.2812134185559189,-0.9227074018503052,-1.1475448945887226,-1.0945702729963092,-0.0636692863469016,1.361359712380411,0.4283203264619687,-0.4877051061038335,0.5411058713097356,-1.0949168776608331,-0.0001560747116558,1.0365056886274056,-0.0111677270995518,-0.2594097572087356
SYN3_0588,-0.7951922514965409,0.2037688216200499,-0.5410894798285676,0.5482609689600432,0.1327653100650308,0.277889884008993,-1.1805603420179438,-0.3164734866763111,-0.7537004711347064,-0.8448988111024871,0.332497558032426,2.62122752561698,0.8222231148519925,1.0313260074036592,-1.7253635030348862,-0.5815838978615946,-0.0831890754564042,-0.4686421517685585,0.2099757321531239,-0.0715062049443425,1.594746478001375,2.199702965441991,1.5701800791841023,-1.0167690179426283,0.3368921597915753,0.8715316515978458,0.9845383793490624,0.3552419417292705,0.3941256696374955,0.765794300298881,0.2683264255299914,3.530114209725087,-0.2951624277109804,-0.2558187485372979,1.2032901709758033
SYN3_0589,-0.9227059206278586,-2.271212596846141,-0.6031129275358926,0.6691901859967584,2.1171870035958635,-1.442687663711036,-0.47076371298109,-1.0111191854700423,-0.1078409760710524,1.679770753368676,1.931235070414728,1.3941876795360335,-0.2855933656665826,0.2069018447627883,0.1171726095019798,1.167615863445702,0.1491572411216405,1.059333349594119,-0.2911280080874927,-0.6890177155514301,1.8097810702327723,1.9750905485328496,0.6702807417226765,-0.2597983520394104,1.36163902782595,1.6282204349816032,1.599008020420227,-0.5729399426998678,1.4373122413893262,1.8082259148830748,-0.1784956044600025,0.202490516350294,0.4418631116424714,1.3435837495563925,0.5840656594338314
SYN3_0590,0.0982352119544583,2.357672812735814,1.8813706209976169,-0.6565397772524189,1.5983005528644525,-0.1856415084205138,0.3538398849501158,0.3212909066436968,-0.466685504616684,-0.7047695969138358,2.4030559926262405,0.4231015298238059,-0.9209889429380984,0.9058420330789336,1.3345882224213168,-1.309394274497102,0.4924270395537183,0.6659021618813324,1.0370636434414664,-1.0867855799480433,0.2500853866432614,-0.2513894961795014,-0.414265816359177,-0.8496080527027683,-0.3304653583566238,-0.1051588047346039,1.0438046781855552,1.2507702341966425,-0.8839916462657285,-1.4697007058983749,0.4149190542397063,0.6769483472006169,0.5625713965282712,0.3800088169902328,-1.5668986620712022
SYN3_0591,-2.796282530493332,-0.0389003881089446,-2.2731751102745728,-3.626490915301088,-2.611659299457947,-1.0212668336244817,-0.8908410125330942,-1.0333621991456456,0.5172502712186055,0.3209342105289589,0.4444055997722049,-0.6582784928062063,-0.5197493785415996,0.6904525044687072,-0.1828746915717947,1.809360226245205,-0.9765983628092152,-0.9261962144988828,0.12424603337031,0.4053353967402146,1.0589847729878188,-0.3034400947972718,0.0438889307576412,-1.5519708475106695,-1.0830034194606606,-0.4448492496675642,-0.853683306347934,-2.964677889647086,-0.3490089671820203,0.2184866183386705,-0.703684561041294,0.4013579524528778,0.8069978750406286,0.8043646198894377,0.7649237845337998
SYN3_0592,0.9802006551087016,0.1387773882433157,-0.1360848578691577,0.2906377197452951,-0.4570556134631915,-0.3852635234485415,0.3101126258909404,0.2289332203034282,1.4400161604578996,1.4851869412681555,-2.180573529509037,0.1636803659693391,1.7748618196907162,-0.2579977453362022,-0.4908324176754807,-0.1899475689145373,0.606696012844151,0.364949553348797,0.9835106079100372,0.9910852974443491,1.858276107920072,1.1286407979915765,0.9414481035132124,0.3520654429504537,1.1974403073043751,-1.0084383349143966,0.835021395028351,-0.7293445572471143,1.2605031885545088,-1.08319414947545,0.6204634280603454,-0.3795095604575974,-1.1637341755039798,-0.889872719781023,-0.7313814263971551
SYN3_0593,0.1477967884289985,1.8806918041000809,2.392618273725955,1.6865948741476346,1.5006088254343553,1.252253227831668,-0.3168299708296448,0.9809216359780896,-0.3402468265398967,0.1958849114468195,-0.1464671618777413,-0.5123837834876528,-1.0419671108185615,2.048097699697658,0.7581406958448133,1.7691845085875415,1.9368674873497844,1.003204050830032,0.6224886866034431,0.805580296238237,-0.791133662630072,-0.5704093360612803,0.3547927130281988,-0.0774839392557288,-0.0264017489170642,0.4465372875417173,-0.2884791124703652,0.5223142360254744,-0.0508175155088443,0.2161128261601709,0.59477857059168,1.3580933040142018,1.1135266309752636,-0.1029803557535332,-1.0832624459725355
SYN3_0594,1.02222916638346,0.8060799434496307,0.7531453740364034,-0.4300332160455817,-0.6919683092946733,0.0453225266042746,0.776403478228205,1.428951672198287,1.6692261010245564,0.5652811791713233,1.2456364743616988,0.1721066291253883,-0.6391564204683203,0.9996455009222336,-0.181843670186741,0.7100968825635767,1.8003539464724416,1.2684081922430055,0.4508312151053343,0.8190655378098984,-0.2125459999146424,-0.7651350664097666,-0.9171326214966312,0.8780335876866665,-0.5091690584183399,-0.6430560574223806,-1.3787808144703235,0.0544858992941469,-0.0794167374442637,0.4444910067597402,0.7031814517096646,-0.3995039403405847,1.8060215005968328,0.6167896073600697,0.6215461453820675
SYN3_0595,-0.1081355520210474,-0.2106344238110168,0.6925045031177425,1.063083386588253,1.3868613643517005,-0.2442981173752537,-1.5980536349711982,0.2847420079957136,-0.6740018278561887,-1.2005954821667717,-0.5966180846827084,-1.0251279012867551,-0.0017303281984005,-0.9266745725787768,-1.1832596009531833,-0.6628871785237853,-1.0827176465282633,-1.5102438152364472,-1.3571654563164193,-0.8636899212388922,-0.7812207466251483,1.273137466433745,-0.3609721658731229,-0.5547923303145265,-1.7084118155910046,-0.9952090635733264,0.051443800730895,-1.8532172648073209,0.0613746575912311,2.0199598881542817,1.9382385656989067,-0.806835669186203,-1.1103333858400557,-0.4961445745069321,-1.552885276961348
SYN3_0596,0.7220352636040336,-0.8262789427481579,0.0558493081165474,-1.1538382839703982,-0.2817960513791163,1.0706548774923268,-0.2520044884204233,0.2274534231696656,1.3706558686942272,-0.3449658458278256,0.1782235497247414,0.7091261859079669,-1.5219940026225045,-1.527870919113708,-0.9761824608577256,-0.9527331329709884,-0.1820980309133085,-0.8123524886897517,0.6107413659222019,0.2862783595028021,-0.0054925867333401,-0.2005907956412413,1.9818152407629197,-0.7676236004532302,-1.5418003312906785,0.279243246251768,0.0973039405783634,-1.3290115676226877,-0.766340051632019,-0.0179282785879724,-0.1707697429434804,1.6052224868343488,2.223027925236719,-0.6859147874997608,-0.5888863418997868
SYN3_0597,0.6059868104654448,-1.9494206709200488,0.5257827759280513,0.3067951902197799,-0.6825923973912262,0.1562830424682637,0.8004696671636778,0.3885439086823604,1.4698984055393405,1.3400368622204704,-0.3549238571313227,1.625963333189293,1.038966141422096,0.959908837974401,0.3473606674562493,1.0409390738880957,0.990000752240358,0.3160223835130505,-1.1170837707958594,0.0674533683027169,0.0964686678282927,1.4769234906423752,0.7648795936349089,0.0068451722905464,-0.4842937918212256,0.649744148262659,-0.9051779919285412,-0.5044545259801918,-0.6979515269227555,-0.7465404066664034,1.086325340173368,-0.4403037717116908,-2.0414586423110763,-2.215947558805593,-1.1152600116309117
SYN3_0598,-0.9474203536563418,-0.7506594325229952,-1.5130153782778415,-0.9737709206083792,-1.3254919737499615,0.5096707841261273,0.4918764548545214,1.1865213259204548,1.640191898961506,1.5277618770787156,0.0806928148585887,-0.27584025006158,-0.5558657244093644,0.1958937772164616,0.8884567709805762,-1.0410001910470454,-0.7487574581679289,0.4277699052363341,-0.6363024445591314,0.4213178838294629,0.1081701177152539,0.161210921426422,1.6295034888761692,0.0370079995197074,0.2740835523478785,-0.3433049707751528,-1.231855863049844,1.255367765680939,0.1414163436802576,0.5975424365840024,-0.1337608199119738,-0.3509206883870224,0.1173972581639879,2.04409746840212,-0.4728961507864136
SYN3_0599,0.559386958625261,0.1059953503434475,-0.8062253322633157,0.0163772498898875,-0.5427602240108943,-1.315678002268114,-0.4839703513619642,0.5613452845582463,-1.264296465822738,-1.8813471723343385,-0.1873549072402418,-0.3616563434423369,-0.1324900635174711,0.1172330178595022,-0.007769520320991,-0.7231841116324057,-1.4004186194383503,-0.8273360284853303,-1.4220724164366276,0.73958462287404,-0.4450596302696331,-0.6661615089154607,0.2175808636583163,1.131053770582349,-0.1948273123244185,0.0715937767063583,-0.5768303842815531,0.5230709066937129,0.9034157786335236,2.025768218347624,0.9000173360906155,0.3755321884370025,0.5374019742072569,0.6329383723791944,0.3350948674181233
SYN3_0600,0.8288588226738469,-1.308012393818744,0.2221207153860038,1.7564691965236374,1.3443507389980718,1.8443357746362727,-0.1541277974988943,0.4063798994219683,0.1460481622088851,0.4514968249102089,0.8021026279702433,-0.8022895450550144,0.3366923062026524,-1.2524870968168922,-2.483327900170352,-0.980068179815564,0.0763404290786771,0.5504490996493611,-0.4699854232736326,-0.0026970640420481,-0.7282944330113587,-0.3639937742540152,-0.1535845633016102,1.5301913477458022,1.337193719645133,1.0058068897823356,1.639406322792225,-0.8168838049197926,0.5363961303772374,0.8066145460777977,-0.5276960469133747,-0.0591800529173846,1.081941046647133,-0.3088148319461402,-0.6407235968018201
SYN3_0601,-0.421514133280164,1.6038513094638152,0.5058245715208599,-0.2955142707365533,-0.2047623374055319,0.25935095798998,0.4978484867662565,-0.4652166444831656,-1.3346317025758332,-1.5409770873043314,-1.216341582249815,-0.3753367035065121,-0.5047553877702549,-1.7762284061034352,-1.703602651473927,-0.2685851765958028,-1.8129990178735016,-1.5117994440821914,0.003543608872448,1.6787063952107368,-1.1934136562947906,0.3168703421955579,1.19791352332622,0.2466695491977261,0.013756030513086,0.7986978435236731,0.6150874402927836,-1.3065368424533177,-1.9856719808444652,0.1035973849739546,1.1965603381832173,1.963620162219826,1.7866680925289982,1.8798737066249336,0.3381027295109357
SYN3_0602,0.876357849777179,1.6181829292094008,0.9313999585974596,0.2369348305377792,0.2422730637062194,1.196278427445396,-0.1037682792600338,0.659546902346802,1.4425940242007127,2.09308234734798,-0.0146334011194191,0.267066821413864,-0.6975673465607469,0.2859993554548846,-0.2430921528221565,0.7225082312763714,0.6577085449316844,-0.2136703930259727,1.346819994559177,0.0288794921085551,0.9186558763873646,-0.8024184779736706,-1.0741837187300145,-0.778656694074392,-1.6210243623748424,-1.7407760381316977,-1.999851467835984,-1.7548507974049328,-0.0977798372880631,-1.0005083200886389,-0.5211118119224172,-0.0203001657010644,-1.0439858941307971,-0.5310668181613261,0.6309862821211779
SYN3_0603,-0.5188767947580173,-1.4475910286596794,-1.6447857356563818,0.6986355938132551,-0.9127508500793396,0.0937216049368561,-1.0335958804520204,-0.2479810788048915,1.246287058850994,1.25513500621341,2.8445371944851208,-0.747432112792396,-0.8825293159884152,0.4319898804297633,1.628650748187731,1.6812635199721122,0.9998286623222188,-0.0138719186971145,-0.1852832893630599,1.175534242363463,-1.0593781695422166,-0.7558053640228342,0.3987525527879696,1.0575211117013774,2.279436032117716,0.1954389260497383,-0.5413015696158886,-1.5548340163400067,-0.0306385513544575,2.348103020083659,0.3162768276979725,-0.5094095407036086,-1.175702700817847,-1.1178359460915188,0.2364848612904156
SYN3_0604,0.4712662394441754,-0.8624118931712701,0.8936238661300618,-0.4290420818236891,-0.699088527146872,-0.1129973168602989,0.035934205269309,-1.1777518170660244,0.4473968523975688,-0.1548780271424278,0.0757198333214507,0.496015116123621,0.444653110092659,0.3868577553100379,2.455867225887897,0.9549699366866136,0.6053708841892854,0.4747842882316402,1.1337862607228346,-0.2546786069456626,-1.5649303105910644,-0.3332220568326858,0.4741697324468816,1.3913721904585523,0.8693553655812271,-0.349593153567202,-1.3660554480692175,-1.3226212799849493,-0.4534304068909675,-0.1480400066106242,-0.7672593717976106,-0.5003032422010439,-1.254999604330166,-1.2131109629660928,-0.8591062157240654
SYN3_0605,-0.0308214469760818,0.3764104535491444,1.1698459451941978,0.8309410225071987,0.0640223523642324,0.1791297336260932,-1.664635893056021,-1.2865040857567591,-2.1108881922196683,1.0899433808957837,1.016936316271635,0.8864604108767185,0.1873298874064251,0.6229100342282781,-0.8788647605187061,-0.753558653925876,-0.5112522079439764,0.8943599091035697,0.6219493362173573,0.6363291003000827,-0.5083199929256204,-0.3479787957774212,-1.0187469830775455,-0.6119817461186339,-0.7513688018673732,-1.588040004370146,-0.0393457054103405,-1.8094340242472249,1.583166000815161,0.5517954754305492,0.8060659290007023,-0.1220855492955283,-0.1528605608526341,0.5718907112096777,0.2937072010614791
SYN3_0606,1.473322395765669,1.2404386990801546,1.319031513338618,1.8641111470114933,2.555602951504035,1.4902550136946824,1.7309046034532096,-0.0972472933172989,0.3372802318455987,-0.0876986746684504,-0.7775747854977711,-0.4281907281188983,-1.0095482028116682,1.3666136460381575,0.9146230681525797,0.3083643712006001,-0.5977980547263894,0.6929565865143907,-0.1412898419966087,0.0148284201063264,0.5639493573686112,0.9058159353578016,0.4795022591941816,0.9526949500054088,1.5943100210796086,1.4678009827821992,0.9363632342825554,0.176974331130691,-0.4259714021543223,0.5114970022949691,-0.9285743135875568,-1.236792184252664,0.5038250977355873,1.2341670018080346,0.7219420714811791
SYN3_0607,1.1465180519212836,-0.5953251512588724,0.4878350873012638,0.5121363231641899,0.9433333319123202,0.2936284917799761,0.8815355575310112,0.2986414050845355,0.2003737883138686,1.5001335382397154,1.8515933736015884,1.301617392678349,1.2753355617738504,0.8959988890005794,-0.4354994019759162,0.5392161438488223,-0.8411961078335995,-0.3427207126554865,0.4106023745189794,-0.2011965379623573,-1.5368388507768431,0.4251109192177535,-0.8968470283565384,-0.945830989464479,-0.7969654257155808,-0.0091824283985156,-0.2823602382707907,-0.5700099612835693,-0.3738353477454937,0.631268451293159,0.5390097060554015,1.4190771850715171,-0.0987168929494897,-0.2095518212825374,-0.8272690027052146
SYN3_0608,-1.6560914355061918,0.2935513751932091,0.2854305954451853,-1.172747982734449,-0.4789725765392877,-0.6524820917782889,-1.3615335432837978,-1.828331108575288,-3.663313227888012,0.5357028338985921,0.7081572040187253,1.361068485227208,0.229347477170908,0.0608054818667148,-1.8168669722306443,-0.6116483814263781,0.3998286603885393,1.2755701835371884,0.2778692709106695,0.4940314382059918,0.9012915473114452,-0.3647833560092284,-0.160954725145883,0.9195863259771146,0.0873285650597586,1.3724015093818809,0.2646265700093542,-0.740979256372532,-0.6832672188927331,0.128739968394771,-0.5142207194664614,-0.1169715079710819,-0.1925136432057361,0.8364764872688037,-0.6154312418126797
SYN3_0609,0.0917187508259387,1.222725105823475,0.3371225064802849,-0.1311915881601437,-0.3549154028937298,0.0825677776350557,-1.2007513013135138,3.0313405972909195,0.5874068809497213,-0.8390850923960091,1.324601108435091,1.658162377785502,0.6996018014715807,0.4215936727102715,-0.2746916028307949,-1.1463179240102015,-1.166413226517108,-0.5618487452514873,0.932439780233994,0.2791183335156445,0.2175509559011366,-0.0479640449806036,-2.6405895458106072,-0.851188666765273,-1.8333241873232315,-0.4962063479625798,-0.059163874369257,0.4531802770914343,-0.335161546758602,0.5979743999032766,0.4438051833881659,0.0888592684585796,-0.2357520119413616,0.954708758501522,0.8902612697407104
SYN3_0610,1.3551990572586412,-0.273261367765382,1.0492354697421575,1.1489242099436792,0.8076581661557783,0.7485419914150739,0.9288907993328532,-0.2118355519857528,-0.2151257181553584,-1.4355387077842316,1.007724916375897,-0.0323099254776967,0.2406123326752852,1.1187902221029369,0.1365833314091873,0.2188858616511284,1.1039054806598378,-0.261812302542964,-0.9401260687555484,0.6573027778420666,0.0228352236256155,0.3392231988897154,-0.2239759994202093,0.5483049488502565,-0.1675528766378314,0.749738155467341,-0.3138087309311019,-0.2805123058224792,-0.4016198863179712,0.6912393076489933,1.628771997852696,0.6537706271420897,0.8306518807151579,1.0459337796866632,1.269396777331404
SYN3_0611,0.5417756477003094,0.1641369827843045,-0.1475971164460884,-1.0726307915304711,-0.4800957296454269,-0.8907317835237114,0.8184479631857697,1.1238674657317658,1.0170098826471905,-0.0661275332615561,-1.2717720439298668,-0.5112985405058351,-0.1941452599004293,-1.2956186164132668,-0.6360267525293031,-0.2880754183833789,-0.5358752492928405,1.7043237339479778,-0.5478502378546166,-1.2446044546947137,0.8721333204408253,-1.0376291173848324,1.3574846079200684,1.603160466789764,1.4570290469747638,0.9152887980049524,1.6938514685790984,-0.564845378391321,-2.527256069799906,-2.056061264908212,-0.1175432227799352,-0.6129113145996249,0.5925090426169938,2.582909205464896,1.479371349311024
SYN3_0612,0.7950687844372093,-1.3948453256726323,0.723228897984163,0.8122342711607033,-0.0435728820693215,1.832265847719987,0.4268295467240717,0.6119565983404773,0.1060507637692654,0.471860649739685,0.2976494278699532,-1.841541397407247,-1.505484380244338,-0.6805964226517234,1.2827361803859318,0.9568374341161774,1.2554053917466783,0.6474040465436486,-0.0281242676466489,-1.090482475256216,-0.8645107981571152,-0.1694428850949478,-0.9784509223896332,-0.34392334060343,0.254155802581832,1.2102055517998482,1.9067182542212984,1.4958308201509931,1.6389559479914315,0.407056476067672,0.1383283557061923,0.2306504823470018,1.6402542257036603,0.6459891874786695,-0.6781465068716244
SYN3_0613,0.2843362450739788,0.1023674985448349,-0.4944854977590128,-1.3724048433140732,0.2534312188491905,-0.692400430178104,-0.2554357533482706,-0.910224716977518,-0.3436652412046799,0.2149720387125032,-1.2795828151137498,-1.1332670095635324,-0.4902561491768231,-0.2835727853621287,-0.5352326651548952,-0.7853844772798336,0.3951923654973976,1.3270957430655632,0.5618437697756579,0.127501624270332,-0.171407434746169,0.7098299757871523,0.3819982844310693,0.7148611900871428,0.002469239566454,-0.0393745038903551,-1.3374432850076292,-0.5767542339027505,0.9632822880690894,-0.1951574182214006,-0.5691476544727632,0.8019912071847938,0.8310982322071231,0.6071729841790557,0.2524074239077543
SYN3_0614,1.4086074676440397,-0.4589362889372415,1.181720833505468,0.3311715262965337,0.154459328482176,0.6341883736509297,1.4220309649669949,-0.1331298915268217,-0.5996794176281071,-1.167376008179989,-0.4962462299791794,-1.49613403894416,-0.4090547775414201,0.6059252173731672,0.8465633296382182,0.3572557160818478,-1.2560364398915174,0.1419232791601029,0.0355818136529924,0.1367275857937188,-0.200980230411598,-1.4024336107712212,-1.4731686748627562,-1.1232987123513487,1.0873115919309937,-0.3657379346195299,-0.2055030658999078,-1.266276341497755,-2.291928032530033,-1.716873472900567,-0.4061265352352217,-0.5356152201934382,0.0495155892407262,0.6299338564004572,1.7244095364660708
SYN3_0615,0.1886359342112378,-1.22461375547883,0.1796845627447361,-0.2163268824839027,-0.0074768474954878,-1.1404252530196326,-0.0904798119362223,0.0975773390476527,-1.694914891337828,1.0929753705474472,1.5931616777478068,-0.8699552830635725,-1.1779343043054382,0.4248180966267543,1.2614307280164383,0.2753593307274734,-1.6040585855776088,-0.8757299590205637,-0.6966383077257422,0.4989097328236979,1.895420744030817,-0.605093023636121,-0.4425995506418002,-0.6892046989837554,2.01673655745361,0.206141877961607,-0.2823242777773114,-0.2338153150889995,-1.111845732271096,-1.725568855658295,0.93339575529187,0.1501594558233484,1.2206100726814415,1.5029406348914167,1.8012588005655112
SYN3_0616,0.8249745004786336,0.5655490718183583,-0.127779729558202,0.423143108387657,-1.4221991398199287,-1.7205496058111434,-0.3018466819603301,0.6682065885798946,0.2639993323518937,0.2477452930368574,0.3827985336434192,0.0089768651826367,-0.6424350838510724,-0.5378764138649835,1.4118661914129755,-0.4052682832196733,-0.2430475835115373,-0.3908536147112508,0.0456589015125914,-2.928794566243477,-0.9231324582160896,0.9799084969460308,1.2096111814869903,-0.2888523081866392,-0.1130305353921788,-0.4602731795264561,-1.195258342851391,-0.1511788319820564,0.7938055385458697,-0.0719821690469077,-0.2486787555496197,0.1364567089466445,-0.5242710514795796,-1.452074730183058,0.8677221316126706
SYN3_0617,-2.14578062586635,-0.7973971892651756,-0.2945866781910216,-0.2717301981320423,-1.820400091597355,-0.3690590541717308,1.4858827399275438,-0.6838544408595509,-1.5578215474091148,-1.716911983485352,-2.015938429108988,-0.4717409020835566,1.7642729765664575,0.4999405383927368,0.5105692367084436,1.4767053011865052,0.2699068966948689,0.6130239575295997,1.269578016044311,-0.2415418783065689,0.7194941005651168,-0.0544103178859078,0.1337458314293733,-0.0413831154242034,-1.1458772670279886,-0.8511136602198872,-1.5990754522104362,0.0703070516363669,1.1876839652415352,0.0535995370747458,-2.0558388946726827,-2.398278123411759,-1.542308886885666,-0.9778435589668176,0.7324348401372851
SYN3_0618,-1.9522157122914447,0.3888924624501676,-2.139502973073407,0.6619511635807944,-1.181543870447627,-0.3237328200472897,-1.8087692269930955,0.3515961615127115,1.476885889273709,-1.0809541221630588,-0.7914080690650785,-0.3148733072542651,0.8207642317199142,-0.8268729738918085,-0.5669837752699899,-0.1671484461164509,0.2625338213293987,0.9917246150044308,1.4864811329058574,1.8047505154338492,0.037559158553451,0.7946017121519081,-1.5137622663522172,1.2135539676056697,-0.1106304725255167,-1.3098754923143756,-0.4403095443889787,-0.7846718951792784,-0.6923407699856728,-0.9600392216695136,2.011153241458508,-0.653044331941067,-0.9484399872360516,-1.7457204045368786,-1.193492876725551
SYN3_0619,0.5204088189858915,1.0030674554310337,0.9441968052567632,-0.797426997837478,1.084814234287172,2.075879151108513,0.6211803518472298,-1.8609123259742653,-1.6436553599256496,0.1967187146148797,0.9188513900291276,0.7655820035225152,0.653156481611565,1.7645658440590477,0.7011454895987238,0.3743675075114045,0.3901188718687654,2.215464146700958,1.196418134875182,0.5767141809410459,1.2786943222904448,1.944404739614999,-0.6834830652084978,0.1932148059049092,0.2162634653360416,-0.8375130227141473,0.2397513399718586,0.971145982728622,2.0367710658622515,1.1580237947872956,-0.3264562296761042,0.5257272833439609,-0.0337122730140199,-1.3988224128164553,-1.5945448238299025
SYN3_0620,-0.1995767429037848,0.7448895263739119,-0.9156009952896174,-1.328357525129348,-0.3289111170555253,1.7641085913333845,1.5238779465963548,2.676016789666984,-0.3138238945026125,1.1176165569374226,0.6609082642677312,-1.2920053121444508,1.0175993172219178,0.2076150941706749,1.4218663911746938,-0.6582134521001827,-0.1042672175746186,-0.0977187195774273,-1.7485609738264138,-1.109987665599195,-0.5145799841254166,0.6853714575537339,0.7548695993988367,1.335061588756265,0.0727800162162897,1.386199090669251,2.0496309097631245,0.1940497554349532,-0.4748746474223143,1.477841954991272,-0.5057751102612394,0.966413365715636,0.0590488125465127,0.2941236999761376,-1.4289899751732755
SYN3_0621,-0.2887848685982916,-0.782775295541917,-0.212412584355454,1.7819921920607185,3.652892876665402,2.951673148067622,0.4786238679582514,0.2932139500176927,0.3669520390845013,-0.2603422258180891,-1.2380337497209126,-1.1317884100436122,-0.7511241156096157,-1.5042673657253298,0.4994751371097384,0.7065111559103046,0.8549476822347996,1.56679660497698,1.2956071868469885,0.7231232498214398,0.4801441180922203,-0.9547703950106472,0.5728869030938202,-0.8954401479269563,0.90150972185823,-1.0770044639509404,-0.5750714406345999,-0.0246143170799444,0.6266623753173859,0.950331284733785,0.5641460618946812,0.9303284389054386,0.1370806377868323,-1.076674298627468,-0.212179883712184
SYN3_0622,1.6487703739021566,-0.4796535987119013,0.2088570563488268,-1.959563732616317,-0.7027007249004623,-0.0047656471006086,-1.1586738482594974,-0.4968160786175979,-0.0079769128042377,0.1838765774955658,0.0310071688714407,0.8650148781717881,-0.1786671869695417,-0.5566449002691909,-0.4484775663873265,0.1795251694120265,0.2402131991119726,0.9430478512682188,-0.0016297757248541,-1.0458775180578743,-0.434409687042757,0.697590963037889,0.0446197093588063,-0.2341606124875998,-0.7988343016669848,1.452843352715184,-0.131574440758063,-1.8410506855104536,-1.1334432114800754,0.9449757925040292,-0.4700766947041385,0.6156287268351106,0.8932273109411736,0.7515633434364447,2.766268017768486
SYN3_0623,-1.431219537201103,-1.1827268499310062,0.9184823591093216,-0.227807752798319,0.5033949104976019,-0.9868850580693548,-1.2942561577847715,-2.1430641659013143,-0.2759087037796505,0.8490242688247194,0.7043370605006397,-1.1579252766455126,-0.2302138376314097,0.4564391878418738,1.1969997923828026,1.5823097292313182,0.1453091011917475,-1.315510898734539,-0.5509873326527641,-1.0126763130611531,-3.4766062574176426,-4.234884704105611,-2.118839524449961,1.1965675828183335,0.7956966725048397,-0.577143565969614,0.9192573906301494,-0.4825843774875032,0.3078089756486596,1.3337491224961593,0.802198240021814,0.6886723140767043,0.8564281728236914,0.9521705013606492,0.8447873934570932
SYN3_0624,0.2484832049321311,-1.5859827816884702,0.0220070540902463,0.0362111222376274,0.2923829487742281,1.2641945344346428,0.9567324613438228,0.8578403437824921,0.8736159077958011,1.4833924092681448,2.0872834650924914,0.6230475247034942,1.7346879101318529,1.186767097284705,-1.1657062708550494,-1.2259014463772375,-1.5585353015014918,-0.2057990417661958,0.68791633500151,-0.335889231906015,-0.6431613868921778,2.4076311606627865,-0.7186430646672954,0.5791330203315929,-1.013965895450874,-1.2074267267539398,-0.7726447315019972,0.3146068993280086,0.0194387805653291,0.7695669040930275,1.20709600411144,-0.9482643903389212,-0.6362145146996935,-0.6181720356086706,-0.7405486540293074
SYN3_0625,1.339860240229663,-0.3278693356740988,0.6726806901044827,-0.5991760876623485,2.903816256492824,1.3184747877766134,0.0960467950959101,1.926173158041922,0.6874346539929905,0.8165983168161219,0.2654167320212685,1.2044188631192576,0.945117968323789,1.1393635752079263,-0.3730994290756161,-2.267231223291072,-0.229231851839677,-1.0419949274692148,0.5299516654398392,-0.119506780640911,-0.1815621770046902,-2.0693884642955656,0.0066056063391895,0.1226846964277049,0.167228808496099,-0.380614065959045,0.2687289471046164,-0.1464809505739721,-0.2980500939178973,-0.686814547390993,-0.3196354568046142,-0.6737285043530663,-0.0128549976600269,-0.1488330718712057,-1.0167524563007715
SYN3_0626,1.1669287777687565,0.7524276213109578,0.8105034662118847,1.1587155400950162,0.770071581555732,-0.5936931869148314,-0.1002589797783609,-0.3814011023812169,0.1468036125552334,-0.7007222757969435,-0.3370205853311387,0.8792157633195655,-0.8334755587576591,-0.1489272685205609,-0.2015583861281626,0.5271677954456637,0.6792962320837125,0.988621981785777,-0.7102829573584472,0.0879423318871379,-0.3965888361273466,-1.0675892126617694,0.6806171088578337,0.8212792128051036,3.4129671227960245,1.4424894180552217,-0.4729113892257949,-0.3363029760353889,-1.4030967771980478,0.3241597700964596,0.0587918397614904,1.7866423364580606,2.505614343798991,0.7656271456058287,0.7974854235117075
SYN3_0627,0.6112966660437656,1.8884003140777328,1.037560543091652,1.159722100439497,0.4165715458127476,0.7347036212468491,0.5933843854548057,-0.086810538713137,0.4435743874736058,0.8247908729404139,1.3581369133813703,-1.27841901308148,-0.9653217621634096,-0.7187100572260982,1.1308668400001254,-0.3660709981461555,-0.4847322258453694,-0.8042117687118622,0.2568237930562337,0.684872922375448,0.1059767854135253,0.2631780212102926,-1.4549877132423576,0.6207054306884472,-0.0314645336541312,1.7705763148957394,0.0094255088898349,1.0909780136808225,1.1663084788869595,0.2360708027700521,0.7760788809806691,0.5719417440256553,-0.0097616617404263,-2.006410090233167,-1.112883259480279
SYN3_0628,0.3167584208380555,-1.0201542255288736,0.0863418651642543,-2.7232429762056647,0.0297780122404958,0.2878963816707326,1.0784747867880065,0.1224604963706133,0.9431326452739492,1.1477878557053538,-0.3058646818153595,-0.0349150154680213,-0.5899672849449831,-2.769014884705901,0.2453710447230897,0.89678615135732,-0.7592924759091116,0.059626592263033,0.8738921872880718,-0.925799228477324,-0.6714400284871151,-0.5922070675736844,-1.463763121104858,-0.4823026201558093,0.9179640936420836,1.7704636530250786,-1.0676409086144203,-0.4725710676366135,-0.5907791442278534,1.2961330177282884,1.2388080834910893,0.8243942265192831,0.3472341905020322,1.484801449673939,1.205746267791723
SYN3_0629,0.0523716193245739,0.8350071237020346,-0.5594449373495565,-1.410704300793188,-1.4846589855030248,-0.8081724585450483,0.5047765798207914,-0.8214165055266393,-0.0637329029206926,1.755875609201624,0.4676088148157111,0.3470153540414444,1.7603865799756535,0.7910848959308464,0.1773979803638828,-1.0526080507093822,-0.1494386612993294,-2.212482026656155,-1.8124318195167,1.1709435369630423,0.3222100503784622,0.3629849893186081,0.3635938267208801,0.9962902367362112,-0.1966747069353301,1.9901715030949048,1.1934908057360707,0.725555607488269,1.15226032681726,1.6691883239001863,-0.5876207579629183,-1.3490874948945328,-2.092856150435311,-0.6163918601980133,-0.6512477523202983
SYN3_0630,0.1714482122229914,-1.7347361403041144,-1.2798309404630337,-0.6521450128887638,0.5985509693714236,-0.3891655470089356,0.8019237753911573,0.1637019318176484,0.428447966638765,-0.6625552379966679,-1.4041245266134348,-0.2479751482853303,0.9864801843399604,-0.312189759773702,-2.0133412795280887,-1.0160982854055312,-0.2484269386282832,-0.385709393795234,0.1690141519578456,-0.105097969682408,-1.2957743942957018,-0.7569148939719054,-0.2272940886936516,0.870835179404546,1.154637150631999,0.8750141952733568,0.7327223908593012,-0.922647223697863,-1.338976108807781,-1.2595120622174008,0.421277400286817,1.814877993906972,0.7575510793766855,-0.0150482974388396,0.3828347699253177
SYN3_0631,0.9350748906524292,0.100312001052155,-0.8761622725488438,-0.3526558004804918,-0.282284009439023,-1.056034464698658,-0.241638143356499,-1.0864930925073328,2.8153805103509173,0.4575310731448336,0.4659429435773593,0.0722274911008531,1.0222734153067037,0.0122437016768871,-0.6231446515436528,0.7105869947373021,-1.0141242228749872,0.2558312315019911,0.0384340831583933,2.5027128048742986,1.133768006962221,0.0985994380700715,1.3720394677438763,-1.7954694129104585,0.3942639164501539,-1.4979745362555614,-2.4787402330095887,-1.9151513542198189,-1.031361208438526,0.1836385048982898,-0.1879237075836846,0.8710880619882737,0.0729621694455841,-1.7020066042990385,-0.8353691779076698
SYN3_0632,-1.5733782189862382,-1.0717816189970444,-1.26576479703763,-2.0492443969910665,-0.6261670364227856,-1.66602482006112,0.3248251890326565,2.006487485578812,1.109182260590831,1.2211082702425904,0.7782217343005444,1.410033718376399,1.4945362300791358,0.679226998650815,0.0379870683994045,-0.7259831408681713,-0.639151132611419,0.4593852017715209,1.589677648438874,0.605073139082673,-1.6288232064676134,0.186625704662889,0.8515145401486879,1.8597014735941035,1.1946651239590564,-0.1577867544196877,-0.7081569400581521,-0.5156317297742166,1.2098378483876089,-1.0387135948448525,1.5527462873307998,-2.3765963808851973,-1.516708437498092,-1.935990583070012,0.7183905940551301
SYN3_0633,-0.857144177167337,1.2208141222400235,0.4075219910302998,1.2696179504821383,-0.0526055270634781,-0.1260636936060661,1.6747422694504484,0.8301345271955571,-0.393603237898274,0.2457132519500615,-0.695206344848757,-0.9892370790883236,-0.5264669332652832,0.292557900742544,1.0719923578732995,0.9388925116189178,-1.1720210210342166,0.0317067969277884,-0.7813770966201978,-0.6537549338825802,-0.4750118311835164,-0.6159239209711869,1.0176948632044849,0.4944482196467242,0.3393597056323522,-0.6988483508451208,1.0854547717061025,-1.4196459279115738,-1.4229606939196302,-0.8026029684430498,-0.530511569628595,-1.022788315942024,-2.398087230241813,0.2144768207679405,-0.6944794794435027
SYN3_0634,1.435239834561867,1.3533274703574405,0.343054059674022,1.0078059485562405,0.0621094746390607,0.4029152249132804,-0.1213120665744495,1.2072172385973992,0.0126778903267357,0.83850609847219,0.7569783084795355,0.4752148499817032,-0.3166957382602824,-1.480101438623525,-1.4036332073149878,-0.2112296786382748,-0.1371425798019138,-0.4022891728953144,0.9625679608956,-0.4754027402292261,0.6811570105026279,1.1674928587507671,0.4541486177759647,0.7543009049355068,-0.0934098787492715,-0.0077067283829597,0.6561404222176037,0.506265503581972,-0.2612611170455185,-0.2198754228037921,-0.2963382309100469,-0.5442007194780066,-0.2159060498190288,-1.1062128023711206,2.3885621963998447
SYN3_0635,0.1888741830033225,-0.8295469320549327,0.1585707799447017,1.019726960134912,-1.284759948007984,0.314998366733943,1.6521763375535097,0.404883080202697,1.1759654503040913,1.5060709544876474,0.9293391240188228,1.1005563756970371,-0.6781181247556036,0.479205074315263,0.0545113528733559,-0.0683166394382786,0.3447472582231418,0.5809797482802207,1.0797704698461552,0.5253135603160849,1.455112921830149,-1.3878862195453463,-0.1658466266649278,-0.9542677886675582,0.5061256985775366,0.853008675575307,0.5350774243695541,1.102285655273895,1.6937623721902395,1.580025714913649,1.8746086503000647,0.4269525511209908,2.004613617097674,0.9348535100540422,0.0813087696539994
SYN3_0636,0.0685332232362311,0.8507182628724511,-0.2738617137850814,-0.1241294953969909,0.6716809953848907,-1.702651398890938,-0.0845996258015765,1.023221026896011,0.4205382966132819,-0.9330725115245776,0.9866027690120004,-0.1292504134143943,-1.288646519299111,-0.2282601242829217,-0.3444047433014309,-0.3206008745516397,0.0147716299150248,-0.3234633600871767,1.0492886083888784,-1.2600992498488102,0.5842313107851823,-0.1484020866139479,0.1651226128402461,1.8686758903991183,-0.3178839980385923,-0.0857852996671051,-0.5381242930335871,-0.3701514703991406,0.6064891908096062,0.3554433900985948,-0.280497820506366,0.4957057864206289,-0.4742904755345555,-0.4449296569941241,-0.2034330072188714
SYN3_0637,-0.0365253824921483,-0.6714104741780237,0.4377828635246696,-1.182024950076901,1.0522573068736474,-0.5265984382623595,-0.6959213070620852,-0.1865354555054379,1.0283083337790089,0.3573486017324628,1.442815993381935,0.0380500086343223,0.087797368663116,1.088423576355204,-0.6659804827980355,0.0647405198310369,-1.4857643847740891,-0.1255736397729396,0.5214459467466802,-0.5796952028958415,-0.1270259742441877,-0.7681612905883943,1.4678000913503615,-0.4007638475457445,-2.254217195397108,-1.1784618937301572,-1.164241389578261,2.167297893500837,2.217844788484778,1.452431182729389,-0.7638019206843883,-0.3652001413959936,-0.1526337299899866,-1.825571501791096,-0.9777770864303964
SYN3_0638,-0.6215316737767593,1.161966377469042,0.471439546241186,0.7674607925968975,-1.437129186884204,-0.0884091812722628,-0.8965849255191111,0.1693897602984647,-0.7869075137290131,-1.253049486365829,-0.3813580711266311,0.0140197825837992,0.4465374344799993,1.0381896611480783,0.3872630546320249,0.5368035707857454,0.3257887161928214,-2.068929553775529,-1.5805493590164414,-1.7554771269241964,0.6845886964971898,0.6036468076402653,-0.8185141645202132,-0.76041644232352,0.051065292430746,-0.1192202730064404,-0.0545002114179791,0.0906736063450826,-0.1430850395097467,-0.7352346233134109,0.2279113810574624,0.7097853279798899,1.1335848998323914,-0.1384526509651649,-1.470359183608783
SYN3_0639,1.2167770322355544,0.0378786931892011,-1.070647031122138,0.4623236506903925,0.7921592029019208,-0.0733356696383932,1.1825621574045524,-0.5499188474784561,-0.645280607213539,-0.5362094376429175,0.5602668773694507,-0.6162842580028768,0.1633756300310963,0.9896027188800044,-2.046210541175544,-0.6192735432372801,-0.4386343840343146,-0.5216175477073257,-0.8350342721544617,0.534107995456282,-0.2705380725094835,-0.7837973947017608,-0.2191715054729662,-0.3859860147846706,0.2722683301743853,-0.971372537829125,1.3025880896631032,0.6728604090483078,0.6611718661225874,-0.330503965767617,0.1595526580115862,-0.8029155904120542,-1.2909772511438316,-0.3889240966168272,0.1552210547073605
SYN3_0640,-1.8361372427987996,-1.5571362687835884,-0.9786204854069928,0.826383860162228,-0.7365259178795902,1.2528527194949202,0.314279094919098,1.3564406802160751,3.574128691822409,0.763390351616801,0.3462836677038516,-1.1962709894161336,0.3367005160298453,-0.3731214801451751,-1.2593331911506802,-0.4891192320428319,1.4787711175904157,-0.9311621656249792,-1.5851596336993188,0.7966637283845924,0.1005504095065589,-0.0727142169892782,0.2024728377957559,-1.0402666683830326,-0.778072949947124,0.96455284250112,0.9961905949642142,2.1248302030933583,1.9103337904154865,0.3382697292691399,2.817611761086097,2.26964440355394,0.966622621749679,0.7686142243237871,-0.3222654953544221
SYN3_0641,0.4636833654108393,0.96156413918844,0.990428934452802,0.4912571916375884,-0.3653863062337064,0.2266793649890485,-0.9601317758446744,-0.9334383123396272,-0.6832700980878221,-0.1090003078844428,0.1044192978808074,-0.4678109031203557,-1.0473367983625752,0.286303754409154,0.8376045412422953,0.8491539362415546,1.5750337867338249,0.2722984866816271,2.4836998569906736,1.289790392305686,1.223573695806162,1.2892011049163472,0.6329194057428154,1.5928598601253234,0.4195329163290293,0.0797448843630948,1.0053652181920667,1.084555613721974,-0.1832289477455999,1.5865338529428965,0.4305877562470889,-1.1607278686923892,-0.7931001936595875,-1.836116158464288,0.1151605563085171
SYN3_0642,-0.5194462343833732,2.3375445116903744,1.134561395032157,1.6499012846040793,0.3113926024637136,0.1853196579663182,0.2738682755991541,-0.1591666783085959,1.156014100175882,0.1396108703435125,-1.910757076209027,0.0404885151339469,-0.6687590182483566,0.1109218493086904,0.4119260069941355,1.104676466018202,0.0119092176893779,-1.4006465071101966,-0.8601175179714567,0.1855926215841654,0.1643498204944353,-0.3338058302583075,0.9757294622161008,0.40805850948233,0.8192954651570965,1.038766480890816,-0.438971197395647,-0.7132793858697511,1.1655953347398074,0.6347408667311112,1.2537708038964008,0.4845709922098496,-0.767005860804447,-1.684950633785678,-1.820267146064783
SYN3_0643,0.3053268236336539,-0.1646311149957365,-0.9663373526015596,0.0565922680331253,0.5738401861811974,0.1836078990227474,-1.3216067555961597,0.3462155245342461,-1.0603259237771976,-1.005763239819038,-0.6544618204506581,-1.3195729357121415,0.4450192215944712,0.7433154793555027,0.3666240849775203,-0.4942750167221957,-0.540162644893095,0.7875430124143169,-0.7574304196276934,0.0730546868015076,0.7203000119636052,0.5992912337150372,0.3093491487691144,1.947222423419076,1.0288905427192576,-0.2373300586018448,0.0758775917962988,-0.3479501185001879,-0.7627052885350628,-1.330708672211461,0.6655887230492861,-0.3934564379773221,-1.3008963552050337,-0.7553641216090419,-0.6549186979209353
SYN3_0644,-1.9278845802891107,-1.4566858197001868,1.3672892493768571,0.3963946910214926,0.3739353330296469,-0.4592517937721877,-1.5978742885114956,-1.0951536908206572,-0.7287944861139879,-1.1182086561036093,1.3685563581552662,2.579942419752905,0.3445696048786749,-0.630756375283183,-0.2054662508867801,-2.100363549509801,-2.751319639798984,-2.250855676688423,-1.4514490384915992,-0.7988782512403172,-1.019794282108687,-1.105980674535079,-2.151558393740539,-0.0626847447601366,1.0513744359316088,-0.4603267150528505,-0.9275591693960678,-3.159643099588263,-1.2408037766369635,0.4319850496734078,-0.7651892668477966,0.5957629981774163,-0.9701806269683976,-1.0048961380440644,-0.806968396750678
SYN3_0645,-1.0358361692474118,0.4327022603894234,-0.542551365494657,-0.2714952595796957,1.09105942531027,1.2770741248137696,-2.30705975149001,-2.9891177561256,-2.06152860375884,0.3106002580991522,-1.3932145935625144,-0.4037818857664965,-0.0791996654011765,-0.178397069274981,-0.267451702087329,2.3431836809038584,1.494195891632744,-0.0975895435298011,-0.051493479743561,0.7930526256539255,0.354670682695028,-0.0924937226587977,-0.660928187213335,0.0346209707357638,1.3957288974468398,1.6823396927288594,0.8199460083745926,-1.5548717791814894,-0.5579130513720183,1.55098966078657,-0.5778239697901383,-0.0179769810533361,1.4351495076767191,0.4035110325524698,0.9439524528632758
SYN3_0646,-0.6384527458479876,-0.7381241279242985,-0.7283664431957934,0.4580349138901481,1.1388286315582818,1.0278605823752542,0.2351831494442179,-1.3083175652686945,-0.8246633268147834,-0.2530823269373256,-0.3323841682124431,-0.5589995214788327,0.2605040559618316,0.3884151460338462,1.1088486730877722,0.4180169156679644,-0.5472591835986871,-1.4727748171018622,0.7639106329518106,0.4349738099309059,-1.1188306952498528,1.3110046492622005,-0.2145085224462077,0.4267280740924887,-0.3203967191992695,0.2931580274903365,0.667931701707884,0.6145160712355531,1.3087915400831245,0.3973934002957686,1.5963814758444417,1.6351195305309347,-0.1620540573609144,-1.432615357015616,-2.3077991915789404
SYN3_0647,-0.41811660058469,-1.1493662302587246,-0.3491711237098595,-1.2860343439978137,-0.340685946738759,-0.4327894682686433,0.2181543149508958,0.9396165811521392,0.8586682668062985,-0.9118372924860516,0.4144325150713099,-1.0162602459179662,0.0305319222460149,-0.5384515070679844,0.3435537453529111,1.0154218450048282,0.9176113070000412,0.2572929818182071,1.0803691149669006,1.7411710539487235,0.7096992326471898,-1.484954210203013,-0.9038485884791816,-1.279680525810647,-1.0462710309637369,-0.9575842464985674,-1.5419051571550824,-0.956010532604101,0.2487402939823452,1.4342997624436824,0.2725030796917631,1.1893246509740438,2.4554109929882317,3.4698359230227127,1.7415742091708466
SYN3_0648,-0.8037295536336512,0.5901316208051809,1.224601777155712,-0.3755480422337517,0.3144674320525611,0.1261160923752426,-0.8525423225662196,-0.2127225101971745,-1.2510099300639417,-0.960890308521802,-1.58698354980161,-1.392918580706879,1.0538836414497208,1.7893043813604037,0.3713952287793773,0.7372132178537435,-0.5871860327349137,-0.993977025359087,0.3342666950106276,-0.973237325926182,0.3581922290360976,-0.020333673332041,0.4702975280623526,1.633124251670901,-0.633198600828852,-0.5890068713653841,-1.858942542186782,-3.01609859556359,-1.794552847475335,-0.5167047837864793,1.3809581282890988,0.7241903435952604,0.7777723599548871,0.3790489661325092,0.5250120887874941
SYN3_0649,-0.6509248000303649,-1.922957257534379,0.2072704960869993,-0.2940825974137077,-0.3872216555579297,-0.3238719910233746,1.3570506411755752,-0.8185138490203246,-1.7246107258907888,-0.4153539410391732,-1.1228659540809585,-0.2619970655280658,-1.008277439484318,-1.18894914427749,1.028857448088143,-0.0401887915830506,0.708534919428211,-0.0353886991143662,0.3566220554947207,-1.2242306563787282,-0.6829761261143261,-1.865719954766236,-0.2104280544688341,2.4358715708998626,0.2976837648892279,-1.872208960044212,-1.9912158306665548,-1.7652372721294458,-0.051129726566488,-1.4793255546401791,0.1959574815836923,0.1065193487706916,1.4077647726181413,-0.0817112669198498,-1.033124229074502
SYN3_0650,1.0323449654755674,0.6913409230958918,-0.3300170638516481,-0.6979252270841559,1.0356594924881724,0.2498713435573736,-0.8367927867956803,0.9685617388985128,0.338867705596871,0.4060354343319215,1.1636319540136035,1.403281610752784,0.973537253883246,1.002429852568788,-1.5575883609561108,-0.2776573540897766,-1.071535776575409,-1.3203374252636684,1.0699645712302213,0.4158427396916123,0.2979857876039763,1.4005436343922455,1.2592635911063903,0.0868496494684379,-0.6603922931017573,-0.1684711676423238,-0.4842698543251975,1.3619151000155167,0.7667233152647963,2.2061545304818084,0.1111129567036268,0.6964103505218765,-0.3782354075971139,-0.141157512493175,-0.7814627378478032
SYN3_0651,1.9515780027066147,0.557624217435472,2.072322605579173,0.034544159439825,-0.3774755644629184,-0.1466376761663786,0.237669658156493,1.5140943997369234,-0.0927524412132927,1.362163651559516,1.2026085249030214,1.3377060673449392,1.2693718474856712,0.5905620765093714,0.2770098708575587,-0.3642492526561987,-1.3140125553162387,0.016899168859041,-0.0501285662142787,1.0798251249451836,2.907116300709756,1.9282730498872367,-0.5296015692175041,0.7176956921918094,-0.8077295698051261,-0.3918318239450644,0.6900317034198101,0.6497446039956803,-0.028301883852892,1.6809462707109328,0.5747353946208271,0.1572769200713002,1.2664888659017417,-0.4278345593791237,-0.6805963738963448
SYN3_0652,-0.3832320626756518,0.0657139643407177,1.9323618008374184,1.9648531459813527,2.12201198263928,1.5792831006698436,-0.088911274379505,-1.1707539593861296,-0.5141461776670806,-1.2592403116506103,0.109389108332402,0.0402778002340088,-0.1404656781617873,0.0496368955795609,0.1521394613285495,-1.184612517889072,-1.3657870458661856,-0.1176363121769084,-1.2141020976886268,0.3118197972262768,-0.2226050028661962,0.1746724294089638,-0.5811097272355914,0.0051630165550779,-1.8858345633095317,-1.2137530134965662,0.6572141515826186,1.772750860876581,-1.653056047845044,-1.081513829052413,-0.435260185791008,0.5494601484845352,0.5716220813862072,-1.4326059021978577,-0.776731847334857
SYN3_0653,-1.1459492532046485,0.41122147631663,-0.698552200858087,-1.0307327609596089,-0.8320054358011395,-1.3000207931850871,-2.156464200515438,0.5396495226480671,0.4858167096018457,0.1105975518714937,1.0348953110274872,-0.9121910572590356,0.6203676993344396,-0.8159794408022604,-1.8681617003580728,-2.2344064106221904,-0.9089876406927828,0.035862350082364,1.5347401359090078,0.9576786865866392,0.1641102485762961,-0.2253572450286805,-0.742714168766144,0.5168118511656687,-0.5347473037541934,-0.7527367405513823,0.0496286054475662,0.0338864067698433,0.2289449678674546,-1.016724815083281,-0.2284718794895024,-0.8145646055815422,-0.1288218719446466,0.8826024199900541,2.6460657387476463
SYN3_0654,-1.0727692983530488,-0.3926604641915123,-1.4874191463441209,-1.377583477083338,-0.8181980555562322,0.1925946985338459,-0.4585448378359254,-0.9590333424032996,-0.0417234453653539,-0.7185447143562829,-1.4150239342979989,-0.2830847399115868,0.2050190182956844,2.1171366740552964,1.2485775348740684,-0.6331626196011803,0.7964811103325304,1.7907420983458673,-0.1721609260680573,-0.0355081510674158,-1.343663351419541,-0.7205505082237661,-1.3217056257248894,-0.5032480716336067,0.16539647045045,-1.0244029564792745,-1.3568225425075453,-1.913343410371976,-3.4961180770362343,-0.8943309374676447,-0.936319161829619,-0.7421019750133212,-0.4189597589374471,0.0934634754970668,0.1392910190461865
SYN3_0655,1.0696980362288926,1.6670010400106452,-0.1997206571071854,-0.6400492934537444,0.2639769977071294,0.1119346446356661,0.870355167587667,-0.4970771790714464,-1.0090473210661142,-1.1235902836369036,-0.0081497397110259,0.350733372096462,-1.020356982988027,-0.3828549391969235,-0.8624582265451706,-0.4859806178803347,-0.7982372598239365,-0.0469034255966655,-0.774675529716931,0.4674107630460108,0.3825806523673624,-0.5852700744891541,0.1478721928994189,0.1453985173733385,-1.102471126828825,-0.720507531660872,-2.387796557052436,-1.6729831785498048,1.018088306104111,1.8689887418126232,0.8083275952214767,-0.8501219677490963,0.9296912340403848,-0.4533606665701634,-1.6056702760651234
SYN3_0656,-0.0970275448569078,1.7325013913312186,1.1994135113971982,0.3741721759515974,0.1868358190613842,-0.4939594603524448,-0.9752734453405956,-1.2432986116525842,0.2004190443395453,2.723503436391467,0.4629035099870405,-0.36263932131207,-0.6345503084963696,-1.1287123833607553,-0.8087339646604922,0.4768937213974454,0.5340205549191059,-0.8516344948410889,0.4936119373891756,0.5568864962923935,-0.4002684648349434,-2.2174632367215352,0.075138305229915,-0.7730696947682213,-1.0912357676506432,-0.1431289352060096,-0.4804033689800639,-0.7692166793084458,-1.4300962726307307,-0.6539979580498344,-0.0824714609004838,0.8717602150740034,-0.2406678297226859,0.9652997868199984,1.0529945098951965
SYN3_0657,-0.7799832880749411,-1.2946213308726158,-1.5009754874788035,0.0326007477969574,-0.5325143732997395,0.7867269405742735,1.604030768746221,0.9516094544095214,0.3813691799720033,0.2919905991959317,-0.8194336615154924,-0.4186856066181014,-0.6294387046218815,-0.2548189311115283,1.9238901519239875,0.6517865707653012,0.3647256711773461,-0.3738938893913346,0.798212760638629,0.2614350140558955,-0.4276911933305428,-0.3137440372216605,-0.4583613201156993,-1.674379843954893,-0.3725899187204899,1.7323311809517914,0.6595016558723803,-0.4769430637442152,1.0214574644091896,-0.270082095244043,-0.6701593841328521,1.326907840153904,0.4914224068598886,1.9979331066979469,1.07525195517143
SYN3_0658,0.8352982910321776,-0.6260966381393409,-0.1468950365895173,0.8651022297484029,0.3776675391434886,0.4287449398223824,1.9388513558252336,0.3263255864326342,0.8477796281269762,0.5539879682325306,-0.1805222754355139,-0.4787168784014502,-0.478006244080241,-1.2706455455546046,0.4196690511864307,0.5402499401286028,-1.9935259592437056,0.1879916400412355,0.5298651087753239,0.8150555421038116,0.1032383390448111,-0.3395057996480332,2.292061633732222,0.7867266993876214,-0.4732332108568238,-0.5835589364871347,-0.909317659627786,-0.8901631021183554,0.5369856958483382,2.029172650097992,-0.2944750033319379,1.2858429175532171,0.8505773321549188,-0.3350664215799848,0.9871756789367248
SYN3_0659,-0.8530662770081255,0.2901821198711683,-0.6352577604330364,-0.7369206804149728,-0.1279620329428462,0.4793397233882705,-0.8045413252401034,-1.0539827336708198,-0.6148614173759801,-1.3386518167460366,-1.2746352711446414,-1.96637252503282,-0.2113710696769045,0.5121584836179611,-0.164164341470568,0.0380304977703756,-1.0225663757484895,-0.0033524987660219,0.0760569028669145,0.8488267221239942,0.9994914850903796,-0.5188412901860916,-1.0846643559419855,-0.8318436634858469,-0.3327397661038975,0.3725223382948123,0.9012989182479422,0.7967223837049221,1.347078480700368,1.5691024762819938,-2.13523194979631,-1.970145942293963,-1.202489231865723,-1.5716738517706843,-1.7627203602643176
SYN3_0660,-0.4262611931203247,-0.6003352070420972,0.2884399356032301,0.0049492763921531,-0.6157486779423021,-0.3124795995461908,0.6690396397232233,-1.5664329288511312,0.6260816365177008,-0.714292119614712,0.2850337941034915,0.8470867782087868,0.4706834994992338,0.8887544920870744,1.4592474125343036,-0.5020770067326307,0.8849453559015236,-0.1853069798575508,0.4410450640715279,-0.1527405094084484,-0.3001025107864472,-1.066534445789256,-0.4899879264510752,-0.5417908918339536,-1.2415685355727828,-0.5696861688909997,-0.2378206348804614,0.1994833284162106,-0.0391875568118064,-0.5032781676146363,0.8213829904692143,-0.3384990973873059,-1.3128769926565644,-2.013606426886431,-0.7402990346330658
SYN3_0661,-0.6247526822837782,-1.5213084579354754,1.1660862282266653,0.9136979427598422,0.5644443506204124,0.0137107783272935,-0.9813555818116289,-1.281412071713803,-2.0259250239034303,-1.2826349014815492,0.4469988364010073,0.8800401662470171,1.4726165681097212,0.5236805434530737,0.9693330683523882,0.055703375669878,0.0695271328355303,0.1716606159771917,0.7980462514854725,-0.9909317872267908,1.036076579146786,1.2368817817839803,-0.2391638658546401,-0.0808151960309077,-1.3739906273448912,0.227179022618542,0.7005584378428209,-0.5374882835082663,-1.9864836648190876,-1.1426507334144975,-0.2723088325897217,0.7066785913237774,-0.1892376208946876,0.2082236490184181,1.324670567024523
SYN3_0662,1.5591640990830609,1.8816644901433413,1.6568649216135354,0.6737264167677917,0.3591169940043289,0.1525144743399458,1.227394552884446,0.3982339320397294,0.1693099422271072,-0.5775696845115963,0.8908705206168974,0.1179290681039605,-0.764793399616642,0.0757669497769408,0.6350726358231512,-0.0659742994764906,0.3947804654436466,0.5568492054162868,-0.6971683016729278,-1.1301452951164288,-1.9043987896724333,-0.2335207595458528,1.0306767787601503,0.4662106070707782,-1.0591447740865891,1.1648482875064898,-0.9389993905665234,0.943585780707946,0.1213968738166271,-0.2260023712547099,1.982023166383408,1.1192382732337127,1.2235437402716265,0.2196249455203741,0.4301429484628429
SYN3_0663,0.4243705987006969,0.6796010028622917,1.2476528846477146,0.4382488354495645,1.412433220925,-1.8483464632459872,-0.2470713989055623,0.3159264478717172,-0.075634698555004,1.0881415238154315,0.2784941879842247,-0.3856811837948825,-0.838956223843148,-1.0117121529722544,0.580959239115858,-0.2749757424499674,0.7637939890367805,1.2386819971108314,1.2975354679032662,1.085760102776082,0.2174872032589912,-0.0989688575459415,1.0653408270545657,0.1291563613258236,1.5002401115809751,0.0712988919172104,-0.4860603117264219,1.2633809915827272,-0.5753349267467791,-0.5764854065026017,-0.8080594941864072,-1.530416662042626,-0.3591119023083333,-0.012905817455934,-0.157951225810427
SYN3_0664,0.7129088250841253,0.1767464341095073,0.8026738392891656,0.4157478090524957,0.582077183764013,0.7529928482953115,0.7322012974321961,2.9235802461029743,1.447526786953085,3.395064667948473,1.646129094587495,-1.7873583384816705,-0.0571467520583911,-0.1341889440184728,0.5950197590190525,-0.5998310004179913,-1.445463187188143,-1.4990415835634912,-1.409767224217653,0.0558033363749276,0.6452717677642079,1.3728623854140518,-0.3070026161237689,0.9435669105538652,-1.5148901206812062,0.6770838819630225,0.2597678058916162,-0.6435184046544823,-0.9398297565781328,-0.0009314146317476,-0.8877239449917611,-0.7553552391263129,0.9928075447589356,0.8706635755217003,1.7684864488814938
SYN3_0665,-2.178457352960883,1.200318383427693,-0.8692766647217699,-1.768968401298734,-1.5645728867071755,0.7245327105478085,-0.2193091322955754,1.1846513453453291,-0.4752161393098924,0.3100089590044374,-1.3966141837184194,0.0366690537506871,-1.1582894072358096,-1.1588161276285869,1.3766335963069618,-0.0930506656173773,1.1398348379494616,0.6748076793922163,0.5320833210732304,-0.741800570262594,0.6328172308130638,-0.2394741408207696,0.9854132879743308,-0.3022801218964212,-0.7708709787508576,-0.3642135559073493,-1.344731849129801,-0.1452058478128767,-0.2875952234095579,0.1215707731087941,0.5384646951318985,0.3064975470685369,0.8829752980289095,0.5131583070540353,0.8250150709143017
SYN3_0666,0.3076811871380635,-0.9252167822648758,0.5756106811597521,1.564508011748136,-0.0765535885266724,-0.9358730429930858,0.1942648896726524,1.0278728303841298,2.1528800247768856,0.1715496287406021,0.8223134872788893,0.7512512953106346,1.254760847621062,1.6248320821512623,1.1221858534409035,0.9361924505549288,-1.3157957240672662,-1.372018856893484,1.4676285847750172,-1.3687799162399947,-1.609301743486278,-0.1626571953621388,-0.5684988919022448,-0.2054272153682573,-1.370507172251032,0.489135252497189,0.7542595581323609,-0.9336119119228208,0.6133921110055264,0.5963717721622237,-0.1010948802990872,0.0502808894234347,0.3048109054238435,0.5962867789603064,0.0053343340629886
SYN3_0667,0.5917033565894094,-0.9012261443274696,1.5696488589796975,1.7792540851344214,0.5051863654280033,1.0234349404737826,1.4599572064407895,-0.6469832563445594,-0.1431346401527041,0.3368543905157909,-0.2268670179577855,-0.6908862936843777,0.1747602499242264,0.777426019026376,-0.1633470217036497,0.4687780131247467,0.181651918772392,1.2189336884972413,1.1778923636402043,1.0966276454303676,0.5721519267609224,-0.3469566045682334,-0.4833441087930921,-0.9741265936976432,-0.8417077291826862,1.1143856503267382,1.1674274645390936,1.7483109030314434,0.228684377136877,-0.4203456124802378,0.3882663607318438,-0.8088838452358963,0.1611928819028349,-0.4594882786572627,-0.1595760475860047
SYN3_0668,0.5565508864399343,0.9885164368034288,-0.6323257516911094,0.40591064794216,0.2007183735414724,-0.0320912159084654,1.4027272494183889,1.7239287931351777,1.447313412547936,-0.7738148388124746,1.1571519077672905,0.6251524110336003,0.1697433765974879,-0.3328953660572797,-0.7199266326849515,0.5835246600217334,-1.2636472765166968,-2.4299335308203203,-0.2466300448800439,-0.6092000014089851,-0.8174994304615683,-0.3501904163914401,-0.6493367033370044,-0.7325756447814673,0.3316413384769942,-0.0470080922702474,-0.7710784998009873,-0.5602876854934731,0.4544407848611878,-0.4009886322331848,0.4609546826957243,1.0739986619998707,-0.1262588125503092,0.6250976105458343,0.0568648449237423
SYN3_0669,1.2386467682866038,1.3191796109499807,0.0596216774653381,0.981739091260579,0.5997767487080451,0.8962042609029934,0.1212273741595375,0.5976759812933331,0.7594357634010676,-0.1378846217755715,0.1474911208783807,-1.7572895503747084,-0.5982239272243828,0.3359009145672956,-0.8271401842801445,-0.4203949381031538,-1.4323756108314158,-0.7551299067387502,1.3483192849961196,1.1162991362003107,-1.240602808551898,0.2127314136255749,1.3119542110231224,-0.9963207336160996,-1.0601457308239866,-2.3163740074698,-1.0242036210106071,0.9943673138380726,1.2795715673837098,-0.5339031857278058,-0.1515488985175512,-1.006608460464444,0.7294824975083086,0.1859861875724414,-1.1290807128754194
SYN3_0670,-1.6290510008920207,-0.6734875698036862,-1.4976772918799517,-2.1657305602973835,-1.0609082409552226,-0.8113990408267955,-0.1726387092414845,-0.1395907683953046,0.6900025782301377,-0.8277422514600505,-0.4295325243829827,-1.5163537844195505,-1.940803738121852,-1.488512244594833,-1.149190445843561,-1.8238174515538503,1.1235476119685457,2.1887927888298337,2.5188020222440493,0.5318452581216192,0.2510336001647757,0.4058907667773327,-0.5287953963221035,-0.2567519469707591,1.035800531938068,-0.4138403429803172,1.9872310098779813,2.169653069598263,0.050991813129038,0.5971594334262285,0.6030632850751265,0.7273680506967821,1.4381420779494218,0.6107092207866562,0.5673331120588211
SYN3_0671,0.3153086915940686,0.25293997434438,0.6196581468689843,1.3960477979339614,-0.7068008002632487,0.2629583989406386,0.3167356620765,-1.835911162257495,-0.4414623741043563,-0.4416640426772872,-1.5139905501205897,0.1750774823133324,1.462278975513716,1.1194455627907138,0.1885742470122614,1.2978655368854126,1.364512184358591,0.5098682119847308,1.4280186946294666,-0.7177224547463776,0.592828273987485,0.4897976415170121,-0.576646047571744,0.4044618749298907,0.4502057937905344,1.1458766435767591,-0.3150223848506888,-0.4704130083284137,1.1244838384968534,-0.0647748688059093,0.1745052729421937,1.4413100821301812,0.021969782859668,-1.3119901909144147,0.9974118303964578
SYN3_0672,0.4637826627673234,1.0524999113604052,0.936277004721086,0.437915131210936,0.7915427938229241,0.2196140980260483,1.100004997652276,-0.8149927871375744,0.4181206740014191,-0.2435928634257988,-0.5384888210944989,0.4883606497837948,0.3067080242741198,-0.0342734199484439,-0.5049191002898341,0.3162015070486409,-0.696975606338357,-1.4160501713737306,0.8826846020251429,0.7471783140502847,2.1342049114123567,3.2251859104256013,2.1503013947503056,-0.1809246236203069,-1.3788278087565131,-1.3618473952473504,-1.2873305755691764,-0.4148472931374568,-0.0651635403495864,0.9089463021569472,0.2536804689144897,0.4930934624667772,0.947573508454111,0.1073166399417034,2.0204306889706034
SYN3_0673,-2.0480189675529603,0.5035956560996832,-0.6689984917047478,-1.5542856709913369,0.1192677346158946,0.1107798967280402,-1.2658367367295713,-2.130075399225248,0.3146308563082222,0.6438126629875822,-1.520472102238706,-3.209670558135425,-2.338332235744606,-0.8886056359475398,-1.5442131862429764,-0.4480752814700252,0.6290673735038562,-1.7478286841170891,0.5203241442481759,-1.6482314742346331,-1.6496698604697153,0.320185472518208,-0.1054101686864124,0.9967610926505536,-0.137728046591638,1.7854909242576906,-0.5052389630268707,-0.4464241372773966,-1.2231615470319064,-0.2036648037848197,-0.3374592816800698,0.543676682756625,-0.3701126920116536,-2.1210807598613552,-0.4614672495018387
SYN3_0674,0.4033261368837345,-0.2998124009304475,0.3047291236586332,-0.0864565229978074,0.7469018479405735,-1.139546989749124,0.4206542338635095,1.4617226060819508,0.7225490542731869,-2.483193133659161,-0.4637609578460328,-0.5413251273065688,-0.5034830900055712,-0.0108424098491377,-0.1475590127041534,-1.2900721764885672,-1.9215877600434064,-0.0848895710619998,0.1363759608902328,0.7379692036248747,-0.0823799602737036,0.6264506007793127,-0.6164688946168838,0.2692905316048749,0.0020500564832174,-1.0038002925072949,-0.5905856228147154,-0.683944400772155,0.2683003098817462,-1.879238926591396,-0.6565601209860981,0.1092465103095579,-0.5656870549409321,-0.4568802980876996,-0.4418838069348373
SYN3_0675,0.3857886988658208,0.2204852135548544,-1.5378143493245136,0.5749787258728547,-0.1265353542632133,0.5768908775258819,-0.9112565013295408,0.1445870617963217,-0.3983828394326319,-0.4516409082897634,-0.5248165463085694,-0.0681396770740673,-1.3978735387858303,-0.5341605727483364,-0.0543836787770338,-1.4839300324799471,-0.6072721434654625,1.220205528027282,0.4561535673385613,-1.4599025878423877,-0.8560332584945677,-0.1594003941643089,0.6772927618178267,-1.0112663937078186,-0.9696611535933914,-0.5463269838367768,0.244326653343338,0.1905831291668746,-1.1151229409764896,-1.3349034730054292,-2.028313457186904,-3.142700837215485,0.1075143041244799,-0.9176405684924082,-1.1297916638926264
SYN3_0676,0.3032812898865907,2.265910264785599,1.0977252639108044,-1.8204970318752391,0.5771768082260339,-0.7725580498958892,0.0037259802348757,-0.3280224248824814,-0.861140210034658,0.2212017557871703,0.1611185106050436,0.9027455892393622,-0.2299690000443714,-0.0378461446876371,-0.3500500933879595,0.8725589704905118,1.0226820789938798,1.3509738352030658,0.8618787533610776,-1.3620048458259733,0.045604456170734,1.512052400844941,0.5937692059563608,-0.6882511443454953,-1.0345805371393637,-0.1879993408360687,-0.2271444607940914,0.767561401434251,1.3219241155765515,1.5993264501878848,0.387829222385502,0.1372285975699962,1.7819629890504656,1.5265911473930736,0.6518595083344952
SYN3_0677,-0.818961924614369,0.7673594585150136,1.549371840490953,0.6366547650394927,-0.7678423386187359,-0.7732476821352906,-1.2010898258947889,-1.6487182644294125,-0.7438820340732163,-0.9481789727285738,-0.3812234142014198,-0.046458607391572,0.7430810552223823,-1.0828597510913576,0.0822901219261974,0.7523276148534384,-0.1655524958921732,0.2349330416263589,-0.8202003177040289,-0.9836274162349116,-0.6718914037664683,0.1483988497004436,-1.0269588621512815,-1.831155184446685,-1.8225205073118649,-1.5838864910513362,-1.8445821555214796,-0.6519382512713486,-1.6318545683818748,-1.663853480306428,-2.15535109393333,0.7009715470011502,1.069261756095662,0.9145601521268484,1.1040593934741916
SYN3_0678,-1.6867164581862195,1.8777049041576128,1.850700234467332,0.1488435889593932,-1.0499626925227048,-2.78956180898876,-0.4634469573055995,-1.7578329720854258,-1.4381243472615175,-1.116896022955786,-0.8147782173239642,0.7453109968913085,1.7236813174631629,1.3488672739444274,-0.1509525416085572,0.001236594276706,-0.4731085064421757,0.2886593531095128,0.5079012220395455,1.3388417152714072,0.4549477508741386,-0.326907538220927,0.3701840670459269,0.9043075441287094,-0.000494540703796,0.9366387830906356,-0.4892563784199445,-0.494999842208104,0.1543489419152334,0.2086412065863072,-0.8588828137967675,0.2410773572008351,-0.6316287622393598,-0.8824262115454414,0.6196663565600626
SYN3_0679,0.2306674680865653,0.0030767319764992,-1.2005737073869047,1.6341770460608538,-0.0652127125025208,0.5010806622288337,0.8333814920738783,0.8913938509348711,1.4954826281342273,0.9834471683328512,2.0737218146771754,1.0107874127528864,-0.4143229639759253,0.7298804608370735,0.2927224732084868,0.9412205310796588,-0.2300717720192169,1.217303571690873,1.599631168162916,0.8701166070679752,-0.0584330703163315,-1.1724411246696609,-0.6385516652720336,2.954639870801138,2.4977266782543635,-0.896054105534149,1.037132903140657,0.8777329451129213,0.0853810300068626,-0.2607836305589531,1.961237734613026,1.7416017890422295,1.062235468775935,0.6754152439614819,-0.9880496446217626
SYN3_0680,1.3826733289627309,-1.041499045138601,0.2317652958634893,0.7351367757995233,-0.3024157158506393,-1.580704827219315,0.2704188367785659,-0.1831851839922433,0.3171403544494982,-0.1573231760399895,0.7604878306139751,0.2521666840898058,0.1070353322538656,-0.5707565261948705,-0.3245858958554959,1.3053109469854307,0.5300348624099344,-0.6725433910259859,-0.3406815998531835,-0.9754446032766136,-1.1799824179992546,1.180318498517608,2.0880732249227387,0.6389002316887195,1.3751358354357004,0.8706674949857766,1.2749415232039225,-0.7290949316803996,1.0270831490106689,1.5173436097689208,0.195768405210242,0.2119742455133939,0.6175550380258261,-0.907867751369666,0.2004500063810326
SYN3_0681,0.8583800192076612,0.9036230505759196,1.395391539582754,0.1375509724025615,0.2358587294635528,-0.5721142869790173,1.463548460228638,-0.1841608891966965,0.5258684030833859,-0.3992091422380185,-0.6544162637669939,-0.7381616692334437,1.5474724022451904,0.3372008138024412,-2.014333472622469,0.0631338190396997,0.1309839474610492,-0.8473815098482129,0.322182839738288,-1.0451984171724578,-1.3399427913566788,0.6530497499640915,1.6310555457897138,-0.3235089100299923,-1.7459372722929074,-1.7814648721883313,-1.14883537345609,-0.8447808696304143,-1.350380817217041,-1.5719650338057412,-1.5768500615117569,-2.146010106600083,-0.0304745455866964,0.5554769370996425,1.4754659556260274
SYN3_0682,0.4422317449750537,1.9115361097847587,-0.4830935847152444,-0.5038300064310018,-0.235599098280506,1.006994670272367,-0.0682577926388844,0.6598900684906132,-0.2093450736190659,0.7134596669641957,0.6956529248579472,0.0590587167195621,-1.7067996216336785,0.186870702461406,2.4036710493885933,0.3769651036150237,0.1033741405261088,-1.390702694670652,0.6633765170333048,1.4255429971066085,0.9878543053869432,0.3732697494689253,-0.4397157415076319,1.767923740883102,1.1549142958749143,1.2863382895131277,0.7352142661339987,-0.1824330549904859,-0.1863383992442987,-1.6071409019433087,-1.2394561881818784,0.1929510417726655,0.4437145296065946,0.0420928378575892,-1.146450681102296
SYN3_0683,-1.001139071811674,0.1504366140324878,0.518273481003146,0.2583214314467083,1.1866756114022126,-0.4749039736302824,0.8546369257939096,2.5739095014690507,-0.4529429906380212,-0.4847274182399838,-0.2821705390293433,-0.7659803819292988,1.6643456949143434,1.0122188409074715,-1.174534457893025,1.688902969447083,0.0046822400918584,1.2044972073259703,1.35886893094072,1.3070320089043992,0.6944321232650653,1.2483819127713105,-0.2827755706784868,-0.9042355098948758,-1.574151414911211,0.4923321433134839,-1.928542125026821,-1.932031381634476,-0.7983930409354297,0.829456605572727,-0.138448490551273,-0.1405432234626241,-0.6919245739656824,-0.5563488350304039,-1.0051335379351078
SYN3_0684,0.1840255399574681,-0.4095632079227529,-0.4692703255710293,0.5402633084026777,0.5032926916955764,-0.1177377946303103,0.4974211514225432,-0.6189436630971646,-1.0265593340166528,-1.3634719493451848,-0.4259220303710783,-2.2177909462123315,-1.1398554871955129,0.2480294559824484,0.624541557803669,0.858749564538068,1.8200293355911168,0.0978283122151897,0.5259624006740201,-0.8317152871598356,0.3985438896423479,0.2478598697672324,-1.747434685621776,0.0863261113157666,0.2060000587626825,0.1466351479828479,-1.2094379326235194,1.3212440646129606,-0.0140060003510319,0.0745299086990204,-0.063014623580386,-0.8282642914673165,0.196283408477683,0.2089590189785743,-0.3646312289016576
SYN3_0685,0.5545517344817517,0.1377806526374215,0.5901267470275727,1.2779270157501388,0.779954712088794,0.0604308035128557,0.5824306211280698,1.5712778527682598,-1.0354241975212604,0.4484438040735242,0.0561266287964294,-1.1270503445235922,0.8700871716646175,0.8533949235627002,0.3458708335184716,2.2988421316001357,0.2018892973667528,0.0984178950161233,-0.9182410279960698,-0.3172653212990406,-1.715430874359368,-0.4694228571825199,1.2836996014216673,-0.3134980538585833,-1.97991283091099,-0.0331130742841567,0.5653673620036509,-1.00174324656102,0.582241181332621,-0.1201363993077532,1.7512030756808836,0.3732553628666903,-0.6431801943549391,-0.4369975340110809,0.4719461554016618
SYN3_0686,0.9388283106529,1.6465931724795078,-0.9070913373861298,0.2717571135857501,0.912400220798514,-0.3240991328794983,-0.1987044053789269,-0.4397796724405068,0.5268878816126258,1.6025816322578794,-1.1332500024325387,0.2364899098484955,-1.6048977495557304,-0.4094186143755771,1.434885505701974,0.7195790455306595,1.213316808547915,0.845596699585355,0.8851183423022156,-0.3800963631655759,-0.6479571056185242,-1.4279542376362824,0.7949295951952247,1.3276451316144813,-0.6041073698549222,-1.616792709961648,-1.066173976254568,-0.0016294306845185,1.9195532088178089,1.4417053015538857,0.6633414227157484,1.0054635356593489,0.5009627770776351,0.6526616682606237,-0.5006751388931111
SYN3_0687,0.6468628554128609,-1.3487436123432248,-0.5898422901549008,1.1565500323544966,-0.0513996664608041,1.7524892983811453,0.2648309682105069,0.239520235436217,-0.2524160393399727,-1.686123351027625,-0.9609761387744422,-0.2798108523102404,0.2199334595794224,0.1826221853776688,-0.8373789957641222,0.6852845206488547,0.4040156231845583,1.39386432599907,1.0497260706550082,0.1653776725974395,0.2463394785660937,-0.2912374356037901,-0.9612651051049844,-1.2193593501028916,-0.7292642556290105,1.850203884577552,0.796653644304222,0.8592165823032225,-0.7472360634670665,1.6218630081444068,-0.238301059876187,0.209651140213276,0.7342803140568778,1.7693740856964422,0.28628425325276
SYN3_0688,0.1614797543562585,0.0764390776394365,0.8050507485489045,-1.4635982493322712,-1.0146815844494057,-0.0647762775173485,-0.8293052422665826,-0.7714577175956755,1.1479444154606229,0.2555334665318275,0.613464397003096,0.0033681644151872,-0.4620196608966095,0.7679305995504905,2.027286867513056,1.1871378179271872,-0.7035716545674866,-0.8083884435200934,-1.3414229982220611,0.1293422955813854,0.2127727587149697,-0.5268046263542217,0.9677135412359898,-0.4170297681354007,-1.4374856612995273,-1.110586867589744,1.561547764878559,-1.0733594824943082,0.6890258046312994,1.3826739804141317,0.8171960072244523,0.2492495282434968,0.184568144402667,-0.5768707019581866,-1.1791605381398782
SYN3_0689,1.055216603105322,0.6751016483082661,-0.4878727314629625,0.4305281575284282,-0.5633630532074534,0.7773956909051593,0.2145760312651166,-0.6650098717472035,0.7050009481618885,2.072557132514251,0.3318934929753675,-0.032713529204722,1.0020387470525405,0.2291300949270338,0.2242109260833853,0.3059977021235641,2.307789283613204,0.6282965194979816,0.2361842147031013,-1.4528699376907233,-1.465543552017122,-0.8954083137530314,0.0225941311415486,-1.0126528186348964,-1.6836197947053115,-0.4674519208535698,-0.3794217586534537,0.9829524636020917,0.2902149670606381,0.0107791241974797,1.646667490486799,-0.1775750868098872,-1.3461077362461618,-1.5969282857830498,-0.589342798545167
SYN3_0690,-0.5442956433096474,-0.1103291164556876,0.8648828214320278,0.350959375950746,-0.8933411769220644,-0.9727870345940832,-1.2757464486757604,1.0370110049857382,1.9230141269672436,-0.1958123198657206,-1.0248733188040955,1.2112204927939068,-1.2302779344359085,0.3355793195667356,-1.6647981876782687,-0.154367772878069,-1.2784725122252345,0.7481168680914178,1.3328417696363015,0.5379625981522319,-0.1115219147514558,0.1612730805787319,-0.988492353845434,-0.9711013593157252,0.1677338210696115,0.5262434763640677,0.2343838920148168,-0.0738797448091762,1.3135328634394192,1.9106082218275964,1.8336707357675528,1.349731274645373,0.3796068072041452,0.0887843848024931,1.3237077247928917
SYN3_0691,1.0871988033364792,0.2823530381524819,0.3093277780366334,0.0521708384711247,0.0528630188001317,0.9966736915709206,1.7672666980452458,1.911754082809953,-0.4185429659705815,-0.2391307586339415,0.5506716451401829,-0.9579482422011696,0.0873024780818443,0.0345151365858975,-0.14265307255389,0.7685790902528815,1.4910044288580315,0.5555174359615426,0.9061447078686852,1.2055872741039726,0.2682694479960795,-0.1206477495871626,0.3494815742423603,-1.9347058888406987,0.6050195511481299,-0.8937394862142742,-0.911798907385398,-0.1930516163260934,1.9630926006008425,-0.0714270726727865,-0.9782986542490372,-0.3625999299336557,-0.725570531317169,1.0277948671284085,-0.9151741714442018
SYN3_0692,-0.0355116896638636,0.9625816798621398,2.0550593898944998,2.232821644684808,-0.3306885820860477,-2.2011816215966684,-0.0981563515171487,0.8551398924606879,0.4548616908482366,0.7290496566872464,-1.1270564307652495,-0.9362211933085168,0.8266274170401227,-0.8629121161050549,-0.4404888688127949,0.189832105450937,0.7895974752347241,-0.6055078386591949,0.4227220038990193,0.0893554681390195,-1.84529042308272,-0.1955280479237957,0.5233805760158422,-0.436572055259099,-0.4818993088384485,1.1680342572436309,0.9234723588985256,-0.4731920409247258,-0.746230296327112,1.0900436192265024,0.0271561042699191,-0.2225836531363482,0.0269616717097238,-1.4999966123268778,0.8797629508100915
SYN3_0693,1.00392405131085,0.6319574086106334,1.765913246208297,-0.833736013903047,-0.2222769485663497,0.539112296632723,-0.6306053131232274,-0.5348984886558267,0.1552255793499461,-0.5507214573582121,0.71582527559177,-0.5892596701490657,0.5841551118813739,1.1974634679213536,-0.177981124118272,-0.4309073869446181,-1.0130591341974422,0.3453579898694982,0.8244104723360138,-0.8092653298122632,-1.1777973862560471,-0.0082180024962575,-0.2646634029595447,-1.4708209422560414,0.3461573104741768,-1.4706577483789132,1.5253634214974303,1.2146139959173217,0.3652303070359378,0.9879214568556992,0.9268767260289736,0.9010415045287749,-0.3087265836244091,0.4518663780451949,1.4998789345052093
SYN3_0694,-0.6931545594032736,-0.274966346504818,0.0990072260077472,-1.4721598918951304,-2.255264789248125,-0.2506926224726787,-1.0420717655954954,1.4079535472446227,-0.3286374620411477,0.4444316564811317,1.0529720064742805,-0.1180456303316042,1.0805804681445843,0.8832958588142652,-0.3916058434896928,-1.7988837938445932,-1.0126206658345065,-0.0192762347541979,0.6179194426876494,0.7771258092261796,-0.3902537071691576,0.7872092009248058,-0.484191350195148,0.6309608137498457,0.468265569256075,-0.0863385316795032,-2.123502311660592,-1.7596176477570695,0.2481808866020416,0.733526535700442,0.7861230174239825,-0.4526213261829301,1.0976763401369918,-0.7050807507860639,0.4728091741551266
SYN3_0695,0.7263060915413961,1.1148383792862555,1.0056510361299384,-1.1995384967366514,-0.2794387903611949,0.5618147917561238,2.1879078104729768,0.5752731397951996,0.0504979258530699,-0.3078015248386661,-0.3281336189555773,1.02130493535301,0.2800387560839867,0.2085846765708263,1.1324156674265289,0.6591159909424816,0.1160426500903298,0.2110171632086205,1.120565968190429,0.5499431061582308,-0.101771547276305,-0.6358760772589697,-0.529627347485537,0.2533351413322651,-1.8549984076915456,-1.431450633401224,-0.2647699421729912,-2.507218767836405,0.2547689811693982,1.4477023555328965,0.0850548507122605,-0.7477495582756116,-1.262156100273622,-0.5073384879577356,-1.6011153044658788
SYN3_0696,-0.7372481054203311,-0.1106592819430611,-0.8088635079681498,-0.9012476729453204,-1.5639496716856165,-0.795065169871404,-0.6468541587724519,-0.0867286512812177,-0.0119361867947797,0.2197461500060294,-0.5891031552296824,0.5324782106180851,-1.069767582261655,-2.294354062595929,-0.2750812784725086,-0.2829422595242163,-0.0507114692064003,0.724176870629548,-0.3320541296064042,0.9226384925114776,0.1115144606575843,-0.5483942368117757,0.0419513015445078,0.4250695532239761,0.5756057215416862,-0.9695275418393712,-1.208501052386709,0.3877509377326774,-0.6188911276712196,-0.0883652706845492,-0.0064813069698093,0.8649172043728388,-0.117266782471982,-0.5860781468255896,-0.9697139378753992
SYN3_0697,0.4448218416808361,0.94166171333138,0.6599219186710008,0.305676151160239,-1.2906999539186064,-0.307788738009346,-1.2087967010165577,-0.0067091689202165,0.2000908470555703,-1.0840888831071518,-0.3353654547916559,0.7236637957376736,-0.0171519876873259,-0.5755787337869156,0.0056743242394763,-0.690760687515418,0.2666063038116584,-1.1826998642606,0.493014373083966,0.3180932809737055,0.695417891945026,1.0320061479217302,1.0386041787610076,0.5193246922970068,0.4293492027530715,1.91782138704448,1.208594767557046,0.5517555517682764,0.1609725029775137,-0.913014775634954,-0.0138364753814243,0.8006069915633992,0.8708198377905204,2.1673812965519685,-0.0569991141154763
SYN3_0698,0.9364668612756474,-0.3302892661176235,-0.9234860977769316,-0.1891290287169901,0.1436044375021474,0.0809849774215008,-0.8339323719810435,-0.1772465239158692,0.7737655315191361,1.2066734586155448,0.2349754666417211,1.9498243287694212,-0.0143646645587368,1.1177690163844487,0.2519069378494617,1.4393305894265724,-0.1931933422342667,-0.5422755670806839,-0.705236275235238,0.52349128296591,0.3592808667121784,-0.2567843118657586,-0.4892431367301224,-1.1151421760561744,-0.3923232344652461,0.6858032947503496,0.2147973999842047,-0.3444378544341605,0.0900642461376638,-1.3086545085919226,-2.0541897167994057,0.5661336534627592,0.2539219322536708,0.0303017316907019,-0.9568238242988902
SYN3_0699,-1.5913936916336815,0.6246196324983564,-1.5489922190152368,0.1207489796862034,-1.2148097538444749,-1.360640069521299,-2.486178567073534,-0.2990937016777375,0.3605053507899966,-1.5361041914689686,-1.2314163129399027,0.2683072492953986,1.3228082510013386,-0.5376378263126229,0.6897603814940785,1.6461255066371023,0.5784767243309226,0.946326670799086,-1.247790734614815,-0.190667504515462,-2.5046505732708426,-2.65637121110875,-1.085173878665655,-0.1998399422797068,0.914158552255708,0.9377886330664652,-0.0009243315742991,0.1266390102222284,1.9133227600618337,-0.1670700085470756,-0.8740273419153569,0.7707109818318068,0.4360410694250026,0.3604276984656447,-0.5821558890076829
SYN3_0700,-0.4787399156273842,0.1173005964581545,-0.6889265073162323,-0.7148072553576409,-1.1329065064732302,-0.6524209567402783,-0.4847768305014741,0.3084878984151931,0.0309441320026611,-0.1938098389321775,-0.3455099012216392,-1.05161753865644,0.7802994125943098,1.250690336933614,-0.5198860971347475,-0.6974835241622281,1.3619400649913014,-0.4118535491759301,-2.3204197479693414,-0.2174100826998066,0.2769068579329266,0.1263518063263722,-1.7405878051741352,-0.2741184712717029,-1.4700048479594543,-0.5033035066206073,-0.6596489585535387,0.3360989915986893,-0.4295992999720608,1.524989543062589,0.0516271858498192,1.0721092006837196,-0.6243620630021768,-0.7377518514604182,0.6314552237668433
SYN3_0701,-1.0245331611886896,0.4150113178390798,-0.2546615010321915,-2.7094683143792246,-2.354746624779761,-0.8251457071888921,0.7184397492218547,0.6996112543293401,1.2906825854520552,0.1689463165546491,0.557883526081215,-1.129369161525541,0.0290681767366457,0.437448792927181,1.3907320717547254,0.4604452600065489,-0.4155914560760077,0.4440689685674692,-0.2848982223322695,-1.5781872848178728,0.1161934787179801,-1.0088929667325202,-1.8152037404692805,0.0859020917923177,0.1545288387487599,0.3390053387306834,1.2165132708058857,0.1811691843257087,1.4616848946474934,0.2286034805436551,-0.0625925350851752,-0.5206671069600642,-0.317516670962533,-0.2859187534366307,0.7401596125299045
SYN3_0702,-1.9907144438719704,-1.46546389460976,-0.6941231896546723,0.8086071868000669,-0.0318671358903043,1.028323416849758,-1.7455189348680853,-1.8233076533812191,-0.6099754226734315,0.4372816542963558,0.2944513755168085,-1.0249478730012629,-0.9257784011341982,0.5558674167069745,-0.9887921396367212,-0.6620518382556095,0.2848434375335318,-1.0273965691390907,-0.8061235653423464,-1.51073354558846,0.3749546495673155,0.4621493874745224,0.7639401499452486,-1.4016880672825387,-0.3136732496657317,-0.405902490762675,0.412765041650626,-0.1616816011065967,0.0771109692626161,-0.022696843506285,-0.1837868055626685,1.2253421121693926,-0.2556295898749608,-0.561790978344483,-0.385715502564241
SYN3_0703,-0.4881396103127254,-1.6680794259648564,-0.996376024382826,1.2268679469082555,1.1365315205517064,0.4148167156676944,-0.258758861355645,-0.2209762466781624,1.1216526367352384,0.9167358202982252,0.9653640988236591,1.5758205215971186,-0.4678117554580865,-1.6634058665537044,-0.7298845486790341,-0.1571134137429514,1.1539636967924003,0.3004174732117063,-1.5917418272714012,-1.4255204645491484,-0.6715431580662258,0.1358480445628228,-0.7372902354872427,-0.3925343518394719,-0.2760622115559205,-1.353325767866849,-1.2508156215242825,1.0458481967697693,-0.3506067607184119,-2.364484206828912,-1.127426166035375,-0.8137733068551035,-1.2824887944751595,-1.0458694874305945,-0.2912111085702871
SYN3_0704,-0.0067421806780832,1.3300823191271784,-0.1998756107622553,0.9152294567317224,-0.7380266097963998,0.3473275072122097,1.3255188998947982,-1.2968910194070975,-0.7997819408520136,0.3945423723569882,-0.3908501685168415,-0.1358141278708605,-0.167660774827517,-0.1214192733767061,0.765757706036721,0.0553125020194298,0.8752498823727844,0.067988322550113,1.3269836788702791,1.549802803085248,0.641143391003032,0.1955114510159328,-1.310338831515107,-0.251274013286223,0.1638747260870026,0.1263544283749476,-0.2094264326035729,-0.7390094019402423,-0.2683757389244838,-2.8437390668257256,-2.5740457552443714,-0.5474524299991582,-1.3708978932870604,-0.0454366429815096,-0.4548252462737453
SYN3_0705,-0.4250163257608662,-1.2263981605358814,-0.5318739287315146,0.7111056027570043,-0.2594877680904515,0.2638912644558259,1.0283743242170376,1.4608065963775707,-0.0187162376448846,0.6285182971787375,-0.3641414182183765,-0.413186574045836,-0.8514168900444716,0.0407286110669253,0.6692517142188562,1.0325747937634662,1.7427612938310268,-1.0915910489678913,-1.685048765230182,-0.7797265368888954,1.2165689327696392,1.49876181928966,1.0835824505336324,0.109516451286589,1.8344179435890264,1.921408047901917,2.239926492856549,0.9103015222995924,-0.5115113865324739,-0.8343946983200368,-1.926168169724701,-0.6842730208414276,-0.4006641045520326,0.0756242793459781,1.0458293994397891
SYN3_0706,0.5762108593270624,0.069536783253288,-0.5317248339454912,-1.7546636795165942,0.131936213341524,0.3604493111512727,-0.3210286718784167,0.2578545511368803,0.1362756258881039,0.388262744275998,0.334669747941106,-3.141871999324204,-1.3449508630850158,-2.474398389282264,2.3014383164328995,2.2083101435462984,1.0898152265374066,0.2462099705882857,-0.0850324070525701,-0.3541364458739215,0.0086242886134215,-1.1449113326883091,1.028674531219678,0.045964848544411,0.3975666127434747,-1.174892889725892,-0.3685754481602223,-0.9979333066586206,-0.3162832438143004,0.2926478235468759,-1.1185360635563733,0.0665655161180908,1.1463857594987985,1.1846295762057475,0.5105446357962884
SYN3_0707,0.6229715934788891,-0.6650412650806853,-1.0622011756531664,0.1310207750954932,0.0634885313768111,-0.2251860956715261,0.6293537249352587,0.8683225840811692,0.6415337400375611,0.9558305004079972,0.3566043017126151,0.6117677413146553,0.2663494925629878,0.6191422582176559,-1.841562502295711,-0.6853435473958527,0.2341789373766027,1.239322675090977,-1.390142582300954,0.1150732833170853,-0.0322976126378293,0.8497591665429797,-0.0855657686486536,-0.2321887490520622,0.0914651828967075,0.7612328915418088,0.9803704715242496,0.3486732293162485,1.676252820308382,1.6715794006804237,1.973301635577131,0.1992204796318379,0.8696851449024482,0.8092043368481703,1.573516472665613
SYN3_0708,-0.6994642201955003,1.3208497906874572,-0.1130990968180711,1.2897406465227068,1.1306421149294914,0.2813469730583807,-0.5243466561467609,-0.2129154713362043,-1.095069941796095,-0.6361971179805579,0.373827890794439,-1.2252429338397397,-1.3158553075150508,-1.2663178354932063,-0.4012778900932653,0.4522440235934171,1.4814089835980122,-0.2650677522200634,-1.4261497883602527,0.5055475978657664,-0.7561395626818118,-0.505405688006854,-2.0627750358745,-0.3879754307994634,-0.4834536343946172,0.3476143813794526,-1.0748775478200927,-1.2508620491866242,-0.8264713974154153,-2.848582124324808,-0.9708491881234592,-0.7278606711497924,-0.4975288226744743,-0.6404577265489129,1.130676765396405
SYN3_0709,1.5480196749426038,0.5491440711082273,0.0242735594050696,0.3856019172015488,1.283520476912409,1.226221511958524,-0.0725465465741133,-0.2927790114980743,0.0429239004096228,0.152649757158636,1.1081672039752468,1.3749588317751786,0.7187714151866119,0.1484724493004211,-0.6378369051285451,-2.04871559724998,-1.0786615174318737,0.1049032343461736,-1.9523099276007367,0.5599565392945244,1.4089298958175496,-1.723063632717627,-1.1049228085822531,-1.355970303246492,-1.6760895953128254,-0.5880714894124002,-0.6791750558668344,-0.3865098577795823,-0.8464044762278939,0.7994512294668488,-0.121259787784855,-2.166162376399205,-1.9181487939178372,-2.672109768072585,-1.8103312873598016
SYN3_0710,-0.8128806025922914,-0.7565517126663845,-0.4190599171010951,-0.7595051379562753,-0.6844384833813674,-1.3848381770128824,0.0249743156647939,-1.8470747807993324,-1.9142328978870384,0.2716311129000837,-1.102041587239193,-0.5976025380685693,-0.4766936991690265,0.9268293212182508,1.2306881148819613,1.3399380064361968,0.6660669097773607,1.2451102141509545,0.1757375347403724,-0.0113134565695859,0.5032368560229085,0.8358479050899759,1.4286772538914647,0.9612229382452347,0.2744233682485447,-0.99230182013704,-0.8363876978359862,-0.1783473908483349,0.8013869538331532,0.6294735580794448,-0.7684446848524428,-0.9302512040333818,-1.6377303314705194,0.9640718484345936,0.833107325898748
SYN3_0711,-1.3518983980922032,1.5399080315871263,1.7327329299034,1.9367632885305064,-1.448880014142932,-2.9912197958338016,-0.4741353384635283,-0.8599186471278835,-0.7712056295619032,-0.5813326292662452,0.2377768943627179,-0.2532488480897866,0.0888670448418018,-0.6203033176663003,-0.8320226841444122,-0.131110369052188,0.3369546907147966,0.7709761883284203,1.4545863531123806,0.9328926887044272,1.3206845790551078,-0.0343541389130218,0.0772244264950513,0.869036477329436,0.9677790832079032,-0.0212012896381629,-0.9285854489754302,0.2076246425442676,1.479270247759572,0.8413121607502896,-0.5431288158544558,0.4825295003217167,-0.8894656400046959,-1.3107554758720013,-0.7086561726547321
SYN3_0712,0.8087499872979828,0.8574042446298126,0.1579197782665421,0.3848820404700107,0.2120608374701009,0.88564046445706,0.4633441449507592,0.0614171191643468,0.3217988170569908,-0.4469884511867212,0.692391054637344,0.1955925970962047,1.7725342370644002,0.8005850574618755,0.5362757763639199,1.135841344349381,-0.7198985265940807,0.3481798068131315,0.2085371194116371,-0.5372579979192392,-0.1210209209481864,0.1792993181376105,0.6864871297108053,-0.0360774173412343,-0.7224567821679465,0.8629116182532515,-0.1519446413709235,-0.2036414153136023,1.2693067235857336,-0.816340602405467,1.121401663405974,-1.7529474403330438,0.369614929178744,-0.1261940825812912,0.0387892469768642
SYN3_0713,-0.0662030060410069,0.6780228461261344,1.6631322167470852,-0.5766039608621364,-1.1288178368507846,0.9422376776658816,0.537704354286768,-0.0135526817657876,-0.4479342819657713,1.8201889654441663,2.7770273842538966,0.5924513601305378,0.7116125331695485,0.7044353321210028,-0.2175207051662665,-0.1773135547068248,-0.809512198222605,-0.0443420254549541,0.7724748180115114,-1.5128454227121173,0.9868917211275672,1.0644907421271308,-0.0363326982656859,-0.8647486194913836,0.8207007616776419,-0.3106496350859218,-0.0955933144964398,0.271439741147238,-1.1704984747846223,-1.092558143061666,-0.8767207221568738,0.1955640740014893,-1.1193674247886587,-1.7349638513004644,0.3476615681963779
SYN3_0714,1.2011621639556918,-0.3310027004005604,0.7722711653430977,1.3759385812549436,0.0088070294473587,0.0629868589046718,1.5576022908610485,0.2117819200189499,1.1975013106732666,-0.4277831103528092,-0.8147282928428147,-1.2940264369057453,-2.7125484598293803,-1.9284204469573427,-1.4056081704701795,-1.7012499286024998,-1.3164983351105075,0.1164558221521445,0.366669858539067,0.9422307204069328,-0.6883737082046464,0.1614072367402174,2.9488593890751216,0.8361778399796147,1.7975916857876404,-1.3072744965497425,-0.9802350222586512,-1.0174414646724823,0.7811490618846854,0.5978273393695815,0.9460774172277108,0.2038202468192017,1.6910069400504613,0.2957152159157402,-1.621622606504039
SYN3_0715,0.9761617193490362,-0.7212794569276076,-0.9482089108608528,0.7947993625997195,-0.4116496987241754,0.2047589253777292,0.2355903758006909,-0.5241717872921278,0.0255117309151529,-0.4191390310236457,-1.2672375711504722,-1.006478924510508,-0.4826833686082467,-1.096751907580288,-0.8025838621791367,0.2407686656539164,-0.0992528781842436,-1.319935373717792,-0.7619028981717166,-0.4305021560557231,-0.8126670557587156,-0.8409360319151721,0.6002101372590514,0.1905740469315104,1.3423073823765674,0.7235180322204561,0.246176950863614,0.109169556996781,1.0052280109996177,1.2418710881761694,1.0161400123767257,0.5081692738849636,0.7663632583822807,0.0875714698443327,0.480218450892249
SYN3_0716,1.5743634793827912,0.0442728316421762,-0.7484288539888581,0.7314055536934008,-0.0401043007360383,0.6680480046088877,2.0444978255757134,1.113343329147948,1.4907327388800875,0.451752837523631,-0.760792323853029,1.8559040623629812,0.6905388785852423,2.344978391701139,0.7784542879056845,1.633102758017643,0.0227012468939975,-1.3764977150918134,-0.4376187042007024,-2.3026459294507617,-0.8788402600842393,1.3044116357160476,-0.002272479110604,0.5753581319057001,-0.4514543346178707,-0.3244860849805548,0.3939656928858778,0.3820962564432256,0.0661008965236664,0.5396594274329543,-1.921629217518068,0.2551827905634915,1.225017126161337,0.3453062422300783,-0.9378417979277218
SYN3_0717,-0.5470234702692789,-0.95597942751101,-0.0057773071135256,-0.4719384726439151,-1.4580808683762536,-0.2912752794374447,-0.2162884236902557,-0.5156422643161624,0.7463747669481201,0.0615140179326593,-1.8001514909535878,-1.1180172454834445,0.2986992322014216,1.0289878822352705,0.5317750188796095,0.9792264660561882,0.5554350826278592,1.051470184120146,-0.7557637773990554,-0.4434525138060289,-1.0171027288831644,0.0970644842127057,1.136159657164625,1.2242501724552772,1.294766950542141,-0.4780336430362981,-1.4091478283484573,-0.9697923280097,-0.7356332896538514,0.7010759644765019,1.039777070026105,1.058820268885492,2.38810493073201,-0.9023063850604184,-0.9105016828522998
SYN3_0718,-0.4410148346019746,0.9166812361409792,-0.652208470430343,2.9650520784693883,0.1555479713851832,-0.2754411367126466,1.058999529921022,-1.1758113590213275,-0.5997762205173605,-0.9800230936701562,-0.1774858078062575,-0.384409346748219,-1.287600056454395,0.2023815568780166,1.378093925204743,1.79017332344256,-0.492726558859174,-1.1416019713931964,-0.5077047513773323,-1.4513777348339916,0.0118498295289911,0.2177895321845121,-0.5033267332939936,-2.769953021964343,-1.6073037101682393,-0.9677948648218138,-1.129948586320676,-1.4681009183511893,-1.0995804852635938,-1.468793324350928,-0.6017874464631778,-0.6037808375872687,-1.1893708979837256,-0.2267086066321602,0.0900991518963925
SYN3_0719,-0.1769338659971361,-1.33798248992729,-0.6411513924326475,-0.3490769792030845,0.0499959773688755,-0.9282129561002864,-0.090500393833627,-0.3803215340373563,0.5840745679407416,1.2631842879416584,1.487314801214319,-0.2662780468625478,0.1454574168294737,-1.790965124032624,0.5706196027033348,2.0280505406957667,0.1008267674331279,-1.2667188069349768,-0.158899400953499,-0.4626123919675711,-0.3912939593824582,0.5702294222767177,-0.0303254476151528,-0.3937781149610858,-0.4691824914766482,0.3225527046674394,1.7044641518515435,0.3382285182262831,1.274428211454529,-0.8020267889611944,-1.0188542447047957,1.143459262920749,0.795690552883182,-0.7297665219008023,1.4550181794254031
SYN3_0720,1.528562224523765,0.0228854892569487,0.310196718612269,0.4292025041290777,0.276076479974383,-0.0658089419527175,-1.929672853310598,0.9337191004284044,0.6960846770014277,0.0180916429585305,1.2048344823742918,2.0851877614105003,1.5874086641256309,0.4037910986118434,-0.2766564706371684,0.4351139656866699,1.3499667895614675,0.3603837873198233,-1.1700832202060476,-1.8751520856971804,0.5039760865616224,-0.6130143713735603,1.7973075483340932,1.5245452149456102,1.1346293997194536,-0.830395031473659,0.8353917451504632,-1.0002827580231746,0.9684704112580818,0.6852370787925409,3.025954332611964,1.8790172912859608,1.2301950819665888,-0.1449107945788919,-0.404943809961181
SYN3_0721,0.4782472368799621,-1.1440345526325364,0.1897329071432769,0.8305206667119908,-0.1013962749880969,-0.1247313474770842,1.211090725106619,-0.8297409997220735,0.153738672977179,0.4803346124087864,0.0041822157331014,0.336926472589019,-0.4334090850148274,-1.6942647390294134,0.5992506725131274,-0.3298477864045293,-0.3299250649000855,-1.4030527359680942,-0.6090993201960418,1.1231472457684402,0.5516730244021064,1.4490079932877424,-0.1006962184234069,-0.5944760189754446,0.1764530560848348,-0.0632878077583532,0.7345135972423017,-0.3394767440433653,1.4741953876020333,1.4324014277818775,-0.0013807337482885,-0.4822591311904585,-0.2049493686388717,0.1983332446858773,0.342456628048343
SYN3_0722,0.023331818296927,1.1607865795637204,1.4679804541673678,-0.7359225094555198,-0.0125551189972202,-0.0734063501361679,0.887065513513108,0.1006223266674883,1.1459993359329814,0.0882724483210208,0.6682512809384926,-0.531152988819054,0.2386494681319613,-0.9552332238925452,-2.1149804705109494,-0.450632979849934,-0.2805073119084211,0.7473301375168171,1.1591824507975983,0.1650152798699909,-0.8023663988526702,-1.1024387151116648,0.5387251153614446,0.0264702673101706,-0.4299749750301864,-0.6477087638918659,-0.257793589369056,-0.4739676367710653,0.3522202396207936,-0.5166449151468346,-3.4666036088768704,-1.9824050158348727,-1.5850280161788206,1.762651880025616,0.598456211808601
SYN3_0723,2.087798269381177,-0.1598039727041658,0.5670493715549251,0.902746155272934,-1.0169798247365744,0.5200274635668504,-0.7026910377980414,-0.0097716396738573,1.6449749123963653,-0.1005907038618415,1.0167661630257938,0.5485848806090257,-1.391728246760551,-0.6282509152451466,-0.1872358445978353,0.1724644435676987,0.9371232082205904,2.6000868680286904,1.6958795858872606,0.7804819702393664,-0.4169455877596061,-0.8478836754854057,0.3386075375958304,-0.9704925641492926,-1.7749981988976018,-0.9657744403845168,-0.7729756534918159,0.0127412753045938,-0.8770302884153085,-0.7779742321342933,-1.9036729626084008,-2.5003840240863746,-0.1919377315478285,0.4712247882118581,1.374118033821977
SYN3_0724,0.988732364523359,0.5125426806636428,-0.0812932692773988,-1.1882576613255755,0.1196980144471359,0.0734769300818636,0.0086828655699654,0.4230809784474165,-0.3043935410841047,-0.0962877970511701,0.0586084653585377,-1.4067985661677516,0.8861430527141251,0.1168898251163777,-0.6798822610890626,0.5664140132927489,0.1269910134013397,-0.1271846880412823,-0.2099265012525739,0.3270675370149267,-0.6339550116580133,-1.55782839900565,-0.8170337811724633,-1.9778860344770808,-1.5573160479052282,0.1450507226407309,2.0371267934051573,-0.657953650208762,0.491096964246949,-1.0149116168510424,0.0652062622864154,1.4578944376344316,0.6391516294959478,-0.6737436940739928,2.508429190965742
SYN3_0725,1.4545686520273156,2.4802793712390656,0.8314872960771101,0.3441043594347523,1.239992770390909,-1.155882398632318,-0.2206277546808018,0.2679880758896789,-1.0310392540569684,-0.2943180438817829,-0.2082994600425378,-0.8278875797594594,0.3748951610804449,-0.030062288835141,-0.920604357876004,-0.5495229145963071,-0.1148323203891118,-0.7036574019044957,-2.109558684589849,-0.7892117638613185,1.4631287771339725,0.4116535115156691,1.12468617058281,1.2687106898382077,-0.9398202404203952,-2.102391540481102,-0.4833928276069347,-1.0691551780283122,-0.1327548649744257,-1.4839803232986768,-0.0805271801467451,0.2300928811200567,0.6739443124123412,0.9098723387685088,-0.0807759425343321
SYN3_0726,-1.1806729160430116,-0.2572086083152117,-0.6215109245398734,-0.0686388744019548,-1.0296448662840718,0.6389955131966485,-0.2346608072190276,-1.5329126148118246,-2.9146209729221635,-0.4861537423018418,-0.4967107413064508,-2.927318760803476,-3.044660106109956,-0.7162897225592878,-0.3272832522257543,-0.9492915102144924,-2.569781907462714,-0.1231995572739595,0.3297749082073267,-0.4238313592466532,0.6182322069845925,-1.7162660961268283,0.2099689121214499,1.458749436090497,0.6599143133058082,0.2417238891886535,-0.6740574063234377,-1.6791733133239384,0.8804427272646419,2.3136919318676417,1.5732366276136542,-0.784941466689333,0.4568016590501396,1.040455768461635,-0.2624412957255154
SYN3_0727,0.4160674253862898,0.5319476565381724,-0.7191262890926263,-0.5277734232874938,-0.0152469976957327,1.0884082306703868,1.4166396339393648,1.2923056021223982,-0.88222857419873,-1.2327797543458925,-0.2445747069140461,0.4497708291646643,0.7387251947214851,0.067387663965757,-1.0789299926657172,-0.5376482797438693,-0.0227366692828667,0.2831801514077126,0.5308441987636261,1.7916151634842123,1.868925571299222,0.7632093302227936,1.3154279714328014,0.1085429524050319,-2.7834551060809254,-3.1194793654290303,0.8199914821103655,0.3415687876870746,-0.4510897007403273,1.165083905689846,1.23879467311114,-0.9520613407057404,-1.0993267008019263,0.0219321581653277,0.3951800572420528
SYN3_0728,1.3909561560125556,1.9340954695533847,0.116480078117142,0.6564152290194616,0.8582608942487798,0.5499802008209158,-1.1503444204677955,-1.9909585441131843,-0.4748054029318267,2.055034567816822,1.1835861224141182,1.2492687388886414,0.3405352774077916,-0.5037278695432579,0.5947237661733094,0.0648572960516545,-2.121379815816121,-1.4688574274160426,1.818012993837388,-0.3152953191017685,0.8873293113272744,1.492956176393183,-0.0232287311405865,-1.4392235815196264,0.3509579516058201,0.1186887355366341,-0.8420049818017658,-1.7178043508017211,-0.6255153717907647,0.1697517387910699,-0.4127772862853144,0.6999737599004748,0.9504630259176062,1.1505776562020544,0.2089727103922946
SYN3_0729,-1.057139223629786,-0.0811748258886529,-0.3247456282408702,0.0422433796445873,-0.7042056587160953,0.751683787054814,0.2699326003765837,-1.246160471010424,-1.9846325314297604,-1.1487751754319646,-1.1134155639492531,0.6963237476601009,0.5140704825927849,2.32264192078906,0.8931969717070423,0.7395082620939168,0.4887143968363422,0.5487249708357943,0.7061217656901014,-1.713679345155003,-0.5837433698486144,-0.0214967985106816,1.095511188105944,0.7711876625136007,1.103976515206487,0.863490747078884,0.1353565191469456,-0.6441680142980573,0.0201441296080872,-1.3314595118176182,-0.8165773399554729,1.1257554046947358,-0.0325753472406818,0.6394818855192027,-0.3908111973932988
SYN3_0730,1.5823529839297783,0.5158169971029153,0.3657682006302163,0.1840192471596712,0.5036376049455463,1.1090631943606075,0.7927717290214337,-0.7084578400279263,-0.4740842975900951,0.0254670656853282,1.2497727080226586,0.8438891701627822,0.7418344957423129,0.4928251018391422,0.2268627551366213,1.186933342809558,-1.1041846449346813,0.2596528635235925,-0.3350421919794932,-0.7228818866029563,-1.3983123295786246,-2.258589188687616,-0.3368714290770929,-0.2940278649958025,0.1586201497540449,0.1650691811363122,0.780042084245593,-1.5853531206849905,-1.0916996401211592,0.3829777174411929,1.9784103811204865,1.700665343137567,-0.1499063076172122,0.7153689959565476,0.8703786876762218
SYN3_0731,-1.147553495955934,-2.129487058616635,-1.2874964505952555,-0.1171418693694748,-0.6232563515458488,0.5895011165486835,1.70359459542992,-1.0717813119107171,0.3708922443268047,0.6683882916408871,1.1911219244717426,0.3707797864871611,-0.0223617125890292,0.791583257024354,1.1448929865857342,1.0987077031304655,0.5565450332935228,0.6283436301881091,1.416512342782304,0.9052138881892496,0.9186984481744088,0.1682623364602268,-0.3335934410947748,0.8757370350939219,-0.7546935876636915,-0.9552467319739004,-0.4969508896547302,0.1531851625253248,-1.1448861563996116,0.1836753645462792,0.3368890554633864,-0.6695485185150859,-0.4792230677126325,1.5329481775098428,-0.5949488279129812
SYN3_0732,0.2560922351275105,-0.3988798903234508,0.7585051476834526,1.6356506864730462,2.15263458373255,0.0820621258209287,-0.0949753821125171,-0.176103080635213,0.6674095660636133,-0.4411890573583181,0.0614790772574617,0.4610338000746168,1.0825690877926668,0.4262838723515237,-0.3429292616931215,-0.8145624770726113,-0.7172832245264767,1.445799684488013,2.099282262452601,-0.2372990989660484,-0.3965648131245834,0.2452080267438983,-0.2002243409814595,-0.6465511678131675,-0.3749318400282586,0.0401336494928982,1.459512807417453,1.8818971791827817,-0.3455180535434392,0.6199994392875796,-0.0468198022617775,0.4991998149716387,0.3298650977469038,-0.2864818091138725,0.7490769384400381
SYN3_0733,-4.116966719504371,0.3421403553098971,0.9536545776070215,-0.6555893445335761,-2.495538789097075,-2.945137636072411,-0.971980666951653,-2.53076260631012,-1.2435423851517535,-1.774522314625982,-2.2400500218046524,-0.8048029494338887,-0.5985256588937945,0.4555442517506661,-1.320299308398376,-0.5392006453929276,-0.0254299465069555,-0.2974378016359419,0.2705754377507555,1.5776512593120264,1.3843652225967755,-0.0236329405221019,-0.8846517515602249,-0.7084470257830883,2.348691116626807,-1.0411883584214807,-0.6268515406671462,-0.7275607408533286,-0.3694204753950431,0.4130107040127242,-1.5087560319620383,-1.371954548049815,-0.9179174025126412,0.8959569841746875,1.6403536275645672
SYN3_0734,-0.1820950238246216,-0.6397705619141963,-0.4237478211875081,1.8884658660457465,1.2460523702306632,0.8033278563285935,0.0336315697345473,-1.6570637169055196,-1.3197828037723809,0.4520937316082824,0.280944515062368,1.7074267993469234,0.3749672960939361,-1.4852547732001398,0.483250504552084,1.287470972840058,-0.662035306773986,0.4670221872989991,0.0104950700363227,-0.2766233172958998,1.1667498623189247,-0.9457106019710037,-0.6471729639983219,-0.0159509290810487,1.4156944907990785,-0.0906292891445814,-1.1524759426068465,0.8150140893330192,2.494449345992727,2.108950265617942,0.958946954575174,0.8309249362481557,0.3459937430607166,1.9254255475308348,0.1920085804171589
SYN3_0735,-0.9395278856905654,-2.201833480389977,-0.7546578749583595,0.5789257316295445,-0.2940921798240036,1.4022484345432098,0.8973471091586172,0.9784768596811528,1.297617553593252,-1.077629948479114,-1.3387505042213148,0.8870251380808286,0.076738777291612,-0.9876623512963058,-1.2352304071387143,0.8211918001439403,-2.417239843027987,-0.1289363126785297,-1.2575691390093788,-1.4020948273285063,-0.5197882864146636,-0.4090105080107592,-1.357967039534154,-0.1391161551991787,-0.2844988859324365,0.6654758017883347,0.1053311474305323,-0.3094254271464374,0.1840203026214246,0.365761739747779,1.9213348819340383,2.3083066586500336,2.489194732984431,0.3999778065253255,-0.4640161822322469
SYN3_0736,-1.6878342502553243,-0.9696577106578012,0.8438919175209876,-1.0761371091369634,-1.3750178080273856,-3.237280288258544,-1.6307142318473054,0.0788759673785517,-1.0210671965036322,0.3346139139908056,0.9728192192260396,-0.4565829858193565,0.4883666637596337,-0.9304294058279138,-0.0728867776038962,-0.8000195322012363,0.5441585537606367,-1.3797456491677456,-0.085804476104316,0.0829221778094752,-0.1113334500293916,0.6747578578510437,1.4650417931129165,0.3428600792693204,-0.6659369493509029,-0.3710764885539594,0.3821832574846857,-1.6523180877394916,-1.3879031294802642,-1.7153862965718378,-0.2657573642739848,0.1863725823890087,-2.081350622845528,-1.1024431681903506,0.0114453490142555
SYN3_0737,-0.1909931426922953,1.457743433781438,0.6816125975469066,1.5393199324539335,-1.368159876833864,-1.9928613322912996,-0.8197461040401729,0.6017088366262696,-1.137052449082251,-0.0802480086909779,-0.9102216200411852,-1.844112969500729,-0.1908770182674669,0.0112966867453936,0.6353999981073832,1.5578629403008772,1.228281684354355,-0.8893385059510195,-1.250122452081385,-0.6270350189443145,-1.431122977582525,0.2870832472181585,-0.3058265468793585,0.5322151233263861,-1.1596339243408769,-1.3013614482910507,1.930367789941712,1.0714716122046617,0.6376821985259756,0.0377720936493879,-1.059957968951058,-1.354325670408217,-2.6124336186474157,-0.6305322399627223,1.050118003711171
SYN3_0738,-0.61286047391906,0.4240555421041946,1.145865079082698,0.5951319323978458,-0.2603451606759948,1.1093338615711543,-1.1004375399101491,-1.1976897521518632,-1.5650822456604736,-1.6713979266119492,0.8791384293827943,1.1370726909473745,1.2659030469253478,0.4163737720720254,-1.6886962952192637,-2.4751103472750864,-0.6767069858445686,0.2415979563872454,0.8763650485612963,-1.7656763323842912,-0.0406434057413052,-0.3701076668506785,0.5985494014726176,0.9224931399760896,0.4937780255069833,-0.0768992986618441,-1.0565716301927155,-0.4961638127963257,-0.1365133448682595,2.0283692455246127,-0.4306337125303741,-0.7852264995467915,0.3094483189923258,-0.1628486001800231,-0.6346360129989078
SYN3_0739,-0.5922890141796486,0.4005055180349045,0.2052808534062955,0.4580968226610722,1.0078521202708826,2.1171662681035484,2.107638726385229,1.2537174359161642,-2.2441037321862627,-0.0126493955274997,0.8020190929447993,-0.3624206942923303,0.3334740067982474,0.2696063123491755,1.0839384060115964,-0.9904166515976772,-1.2815796291990391,-1.529930403924193,-1.3646839774392594,-0.4294394877290062,0.3591776668916011,-1.4644398672369163,0.993680131415106,1.4118645989039809,0.8909926368080636,-0.5505219290627339,0.4765251573824541,0.6262908027313508,-0.7949163178067897,0.1221213356119989,2.503032572787951,2.0500525412262496,-0.4820739968304569,-0.3649909210138112,1.4236692487829123
SYN3_0740,0.7341638542957668,2.49214679710409,0.0139190978252287,-0.3034115125700752,-0.1131801679528075,-0.6168469263885848,-0.1210785627107435,-0.7770896887636042,0.0478650635226823,-0.906982885045446,-0.4166121899053051,0.2649549189704486,1.004036690849758,-0.4643495769219921,-0.0907989783859088,0.3145863879200692,-0.9536481380996096,0.4372423728452896,1.2001085531305358,-0.487635876672331,0.6636966900914997,1.2113707492772816,-0.2122890314217247,-0.2699317971822733,-0.2911484817155025,-0.8468455247857801,0.1401430103170823,0.4582127081713285,-0.2049215394600444,0.708179501775821,0.6287862490039631,-0.0848037052844156,-1.0186711103901511,-1.4798769363403443,0.0168946076855236
SYN3_0741,0.3129634477547137,-1.2807044956614373,-0.7642542437536016,0.9216479012940468,-0.4886506734968628,1.0415747564450717,0.6919285231103436,0.0611548501029574,-0.8266043432443008,0.0213644625530554,0.2723795361378834,1.1752644645989092,1.229045937849372,1.7151473813435616,0.4509358635906827,0.7779484356093525,0.2862764691749771,-0.2946953248522703,-0.576694350576589,-0.1523906821752263,-0.4419313198851757,0.2882320419395335,-0.7758723032079898,0.2980566310256837,-0.4121189452694153,-1.1916782158279868,-0.1406128607850544,1.338936592030956,0.4191635841955493,0.8854311953953066,-0.4410167001946215,0.28517127585927,1.0366928003357736,-0.1626447262452245,1.5932022260965513
SYN3_0742,-1.445669082781033,0.528724223117633,-0.0676813319976393,-2.0015428552644936,-2.161825632318879,-1.1981389819699488,-0.881865187751006,0.5066015416776338,2.5041082204307474,0.6845772563621846,0.1270741176534165,1.073100875725754,1.6039559339401162,-0.5407924218388938,0.5293469847917278,0.121054687211445,-0.3601666566975665,1.184268704125548,1.955674788654,-0.0672719036764859,0.3955807552091315,0.0948373375202952,-1.7467503053074522,-0.2378477022191839,-0.5845717551546296,-0.3476270354065978,-0.6275646518583747,-0.6734526649652433,0.1440031493596449,0.821106886559064,1.4537724191971273,1.5479139844809586,0.4789016396584549,1.0091061704211777,-0.2202760498529543
SYN3_0743,0.0149302257770207,-0.218890923423996,0.4303525780207612,-0.8244460937520945,-0.9379059318117132,-0.1212103835678334,-0.6399314674483217,0.6790899288453424,-0.4200718915711324,0.8943504292225389,-0.1986854036717945,-0.9189349159195616,-0.5833953630908384,0.0792843805409582,0.7299607582903894,-0.132249742846622,0.8949204346779225,0.8835641240270775,0.2159221762502458,-0.3775819628879561,-0.3122008088386219,-1.476541424694877,-0.4301319046232649,0.0847558009982525,0.593025776693622,-0.5043128387908781,-0.5266399892870816,-0.6507869504230737,0.0567617091445649,0.1703519201285853,0.1427263760711896,-0.0348302732066784,0.5182957632659535,0.8516577702587533,0.6777148520890302
SYN3_0744,0.1338052622502664,0.8798327867783265,-0.2556453684688035,-0.7308808454021466,-0.3497519287498921,-0.1832202220128686,0.3536032424752155,0.7719686827419604,-1.650536144165701,-0.6884008030661483,1.2345075745681888,0.3999678483934173,-0.6582595697882181,-0.7768804135423623,-0.1627767255425784,-0.5683161401777577,0.6738572769308014,0.3109177988608974,-0.4547387990894095,-0.654785939035616,0.3360162334815176,1.3811132539317903,0.6583212802330616,1.6637993971459113,0.0798300653587377,-0.4743876341798653,0.6099134976616745,-0.0609324213851487,-0.4177197504581053,-0.0500985865397136,0.1435625743579724,1.3994371478924046,-1.9785099213811952,0.2765156697116375,-0.2916357698768088
SYN3_0745,0.0215739546672843,0.1631645356050647,1.3679568350619749,-1.0062436953615752,0.4904896420318196,-0.2193775887051433,-0.0898884056086894,0.0324618363176603,-2.053660729758892,-0.2982052036966817,0.5172424645451473,1.192213109843866,1.252609602435576,-0.2220222765009193,-0.311938332200411,0.842059290379144,-1.1387534444510317,0.3128257698956813,0.1544505881431143,-0.4889826648651759,0.2489161394198507,1.484574785125998,-0.2804493010947284,-1.3119480707763542,0.4683927579488773,0.3349254822476075,-0.4106524336251577,0.8682420818942073,0.2526003570720656,0.2819869692543592,-0.745947031638762,-1.6092325973240529,0.1028552512753003,-1.8232675913949277,-1.5256616874279365
SYN3_0746,-0.1099447798273987,-1.063810822738371,-1.5450437038120777,-0.7355390628781536,0.4104389676819375,0.2729722691360912,1.2075458115054871,0.8085579496247532,0.5886388665738203,1.2206937811015914,-1.072573045908495,-0.170599805133263,-1.0430243246257027,-0.5096958701718622,-1.3390532742682746,-1.1413453763084531,-0.3648667928461406,0.1045620417855225,0.5923186707748501,1.0960466336519317,0.6651012318080722,0.5234585005230514,-1.1165757352708578,0.8610837397473057,1.0792909399245112,-0.5980118145948093,0.2712375809920333,0.5830205425324434,0.0479668639841222,0.428344605998586,-0.2723559020658589,-0.4520450021780477,-1.405678628324997,-0.3244571533839616,0.6405837965515656
SYN3_0747,-0.680686893961588,-0.0247899012851492,-0.4417721912716632,-1.052858848579327,-2.574680676206512,-1.3592537013834367,-1.2421705885700047,-0.3189500986185923,-0.1997487489381838,0.7884365076103292,0.4307326145174509,1.7929790153567426,-0.2483965281809217,-0.4071452874200361,0.7351667445808702,0.3081886385920411,-0.9060795157849012,0.2883787679721517,-0.6070210114901086,0.399233729756292,0.4870032842973265,-1.3998016909414046,-0.8233758883612587,-0.4200074216469326,0.6702522381862454,0.98138466905838,-1.164736356829595,-0.8589934062046519,0.361108238510009,-1.2733437949380304,1.593853812104295,0.4249947753856767,1.8560513041357904,0.3413135385791225,0.0680928954454402
SYN3_0748,0.6313130445373342,0.590904492437602,-0.7799702036850681,-0.010135222438302,-0.6344759755754934,-0.8939550195315781,0.4343349570342893,-0.1313371449571169,-0.6483359679759483,-0.2139696941033181,-0.3924956199687732,-0.5808207401532272,-0.5569954381179223,-0.230452674877614,2.2072154185096835,0.8243288065879052,-0.790038899291581,0.304837110228644,-1.2847884206556408,-1.2972348173138613,1.4214992392068295,1.2990900975481248,-0.1445937880248877,0.8288775359796869,0.1191391048679459,0.741969460684619,-0.7353436581696454,-2.677557578982139,-0.469145981827369,0.8471311112211646,0.8840110236469955,1.0596121486777053,0.9952277578343665,-0.5829066746927619,-0.1117963167777806
SYN3_0749,0.6713131737703533,1.8351415373946824,1.4504261810082355,-0.3584519191977822,0.9305925405243136,0.5209210857635983,-0.9165187284056124,-0.6722076462300727,-0.6055582003083466,0.1890541415078016,-1.1761776284536256,0.9375319493398692,0.1449555399031816,0.934990259042754,1.2188867755607624,-0.2947091736927503,-1.100961530700663,0.4529872515440054,0.9218834300215925,0.2134050362969932,1.6354487992987476,0.8269335586405243,0.3263323737474237,1.3955169500350104,0.4075075607605145,0.8364984621133137,1.3159022634090074,-0.2137954105183126,0.955948180577058,-0.057532144310568,0.4314359590213968,0.1830080768513191,0.7602447787696948,0.1200711641652132,1.4157404558617128
SYN3_0750,-0.146262924184522,2.29188192483132,0.5238368325816789,0.2331725728291714,0.2112608449323879,0.5160585851721876,-0.2365950277977854,-0.1000117599288557,0.1685443184862542,0.673434605183859,-0.163999760951915,-0.0356698661154277,-1.752151846624748,-0.6752350996182916,-0.9524701941036398,1.0497104474647665,0.0034933228886765,0.0874744694468413,0.1004243081688987,0.8561552515778942,1.1822801471940376,0.0217432919375921,0.3250357530714182,1.1977657437049891,-0.0845509602367768,-2.176719376071784,-1.1191232016572386,0.4726700605010765,-1.538305837708972,0.6258736722048426,1.9391682424065595,-0.4252885719394306,-0.3896628091717078,-1.7329649797926805,-0.0340629692110306
SYN3_0751,-0.861642630317269,0.4705629936747026,0.1507947065124312,0.7255618082997847,-1.4565610350453435,-0.6013688031473801,0.7859474884650844,1.332838374553354,-0.2607764692600283,1.9773900840102847,0.0990048312701885,1.3566953390876602,1.1796812757198034,0.2870758504766053,2.5358400169999755,1.2861911125313,-1.2076404878672875,0.3795005890641151,-0.0679089416179919,-1.424660254480188,-1.0780143323054292,0.3273864438153909,0.7697069434325822,0.2563235767095574,0.0685899932420614,2.303440379550567,1.1924342606729392,0.3395885440874138,-0.2564343112128391,-1.4732217036470303,-0.1661636113585616,-0.3990922000968461,-0.2611247601761916,-1.5068778313223157,-0.7357906180087174
SYN3_0752,0.200917280296233,-1.741100296729161,1.2216868022555265,-1.5425850606493543,-0.7029297652616723,0.7413235242630674,-0.4528761182706454,-0.0789778820833579,0.5562779128582057,0.629548445998074,-0.2735335125318787,-0.2701439924445985,0.2555170921317576,0.5428809922459299,0.0841170277430919,1.079601369210481,1.567385050450513,-0.1360113705058735,0.226089568138776,-0.2735758526577612,-0.8661504052810632,-0.0115871432866361,-0.1630229211785325,0.5134119669463528,-0.9910459489994022,-0.1352991445771339,-1.179469187983656,-0.4444458573322925,-0.729423787884803,-0.6905016517173211,-1.0473222877771786,-1.0418576193985598,-1.5034772321343868,-0.991463546888262,-0.1512490169856558
SYN3_0753,-1.0202708247497196,-1.653632623971019,-1.47057550748159,-0.8417682495887734,-0.340872669517936,0.7324811312212728,1.082834992535069,-0.2400747996202857,-0.5171214695551087,0.5504605383637023,0.6133005718967459,0.959917015196947,0.9600180904988452,0.5589073271637793,1.0710706144048618,-0.2279978684434448,-0.0853745773610187,1.1103233534523131,0.6471534347918048,-0.3451639567865628,-0.7475614631687167,-0.0803468641939373,-0.074006065735327,0.4508089000161791,1.2367260010516248,0.0960079105234981,0.5150050119372349,-1.062598777764677,-0.2632662358880176,-0.4226334283551553,1.2348376830932506,0.5009771713621244,0.9653059590665556,1.2166225021442034,0.5991837884714329
SYN3_0754,1.2369437013372306,-0.2591644484788131,-1.2432691839238572,-0.194764850816839,-0.8888059337946643,-0.7685207103873137,0.2179854958513628,0.6652800054632385,0.5095817297283994,0.952410488966862,0.0431358003499792,0.1202025163221422,0.5387149429601995,0.0376454997476572,-0.432442589979653,1.2487847863015449,1.0338437440515138,0.7639234737258994,0.2904376811798952,-1.1219592597063728,0.8665329388463819,-0.4204308940612492,-0.7263762428943319,1.1467553015898486,-0.2740384387796341,-0.3574870675897634,0.1407892566622148,0.1957829630983968,1.867273430908575,0.2824996502128466,-0.3512271552842433,0.1978685267225817,1.6706786755811462,1.2241593814044531,-0.7661177001274749
SYN3_0755,-0.1569645362707231,-1.446687219176673,0.4642138113994266,0.4721365191504783,0.2634007958535967,-0.2030180824011394,-0.871143500253285,0.9462141043336644,-1.5501308992233331,-0.385752033983723,-0.4665254185656431,0.7149750959175567,-0.1782699051365181,0.9832723617215302,-0.7111192133390262,0.8311358104356952,-1.1956311290516155,-1.4524801953835036,-0.9441936846453598,0.2372507382012995,-0.9548349116370584,-1.363932121299574,1.365917826270472,1.0227602946412468,1.169967139850122,0.0272199479353084,-0.4779688587706192,-0.0576288912945915,1.1017726362067843,0.8273638257460185,-0.6480678733839044,-1.7165572622500265,-1.1266828791104389,0.6889000043277174,0.309878301887563
SYN3_0756,0.1736204214892413,-0.3288440841265703,-0.144203202790762,-0.8748930415562953,-0.4340010569742724,0.1125344253655689,-1.357326897455436,0.1826042453037385,0.041786290752608,-0.9310549897870154,-1.2417064368414348,-0.5071648972929522,-0.4280924749566158,-0.571647836641608,-0.6413769922193816,-1.425283367120924,-1.551371379077608,-0.8580980326364528,-0.716846502699629,0.8276458601283482,-0.840691799248842,1.277020327271635,2.722383919296133,1.4446186361928155,0.4993300623070827,0.8930368886875343,0.1105552976446729,-0.0188022430471098,0.0256644172499173,-0.4027757097111142,0.4397979467813673,0.5376277239706573,0.8551882765503492,-0.1538932860821492,-0.4865211317557421
SYN3_0757,0.0993410667159526,-0.8600475276696921,0.1076455898992676,-0.8666705696884873,1.6078220547631543,0.8396403135519386,0.5537684307491594,0.0699302163939901,0.593193236368982,0.1967253916292356,-1.4437072830726254,0.0889775848356466,1.088400961623207,1.1600514302991929,0.0781765601938232,0.2995982175708533,0.2101472120139857,0.6882290074517623,0.2725296456598368,-0.4158955908566772,0.868613531884372,-0.0887233749214626,0.2216884187975984,-0.2432880531010726,-1.9529493335010972,-0.6150690319074624,-1.07078538775982,-0.6602079761905927,-1.4852722341978568,0.8865865343896328,-0.1735989976959764,-0.3754635901966267,-1.167838935677187,0.5629996431035437,-0.2339404934493093
SYN3_0758,-0.2723241464887253,2.292641760485765,0.6091400455342639,-1.3569245764921638,-0.5611980624324203,1.0341995609362888,-1.3716036359080754,0.0342991068891626,0.9892676261766948,-0.3731659514289663,-0.9124410001924094,0.8385469081218078,0.6267011769727214,-0.268264061076162,-0.052271930001709,0.0315974996094301,0.5542834189916821,-1.816729281226344,1.247903720223526,1.775860044527077,1.985810049235168,1.339924109086784,0.7542760025523633,0.2731250214177804,0.5299011330133586,-0.3814002133198698,-0.6456755541929893,-0.1657923638958257,0.3007019157403875,-1.4701569665453165,0.5966789320878384,-0.6675114262886513,-1.367717169703868,-0.0460871273188933,-0.1681709808164214
SYN3_0759,0.3491359256057159,1.7161248078318925,0.2504719574682442,0.0327797511198345,0.022725098457775,-0.5269013961774722,-0.6853199900246864,-0.7770100436502152,0.5383696485566477,0.6382270405126155,-0.1630927178594655,-0.3508978438643068,1.599723590281313,-1.2244519766496778,-0.4891781359866297,-0.4009432028257984,-1.069304410726863,-2.0714349722677143,-0.0461095589972555,0.2696420083856449,-0.6859167672489328,-0.0680454710635071,-0.044809927887656,-0.5930663118642663,-0.4678316526323627,-0.9161584151161204,-0.9322238138111466,-0.978097056723562,-1.11771587373708,-0.5935088723342336,1.30594958785129,-0.1188531135234476,-0.0089080804582997,-1.1535413342695509,-0.6052904744721321
SYN3_0760,-1.2053936286730946,-1.714058876139091,2.7803227215254283,1.3972856775415363,1.7336176051282244,-0.2897516813636615,0.4035530342624724,0.9395199564877652,-0.5189439914151002,-1.0843964306683276,-1.0296446004400457,-0.7282903771832274,-0.4589369860671105,-0.053981039741379,-0.2277194023809873,-0.0237790906766566,-1.1169498904504434,-0.1467427776696138,-0.6221921940954268,-0.0118330174832829,-1.238063366569689,-1.3093739658197163,-1.4348467222840489,-0.8729652412575,-0.0091283012329996,2.1524881052215465,-1.1797723774771438,-0.8153327468554364,0.3873819775910739,-0.1277592668287677,1.1613603437539253,-0.2313549387536791,0.4720928905121647,-0.0405651349686244,1.1780079695372834
SYN3_0761,0.4995676865616119,0.0929395177996911,-0.5157799618387302,-1.2710467108643926,-0.4416404765332383,-1.1775098485937627,-0.6334969963705284,0.3196029110616241,-0.2586356093744296,-0.415890603935102,-0.7443395661917941,-0.1299255092255835,-0.8436959566188754,-1.0965038127588125,-0.6778738257603912,1.1520759002147885,0.9344757501667654,1.2758682606443643,-0.1255828892592439,-0.5480966671876855,-0.9261696983368112,-0.6729689797874991,-0.2448950687252428,0.562568707268633,0.0854394810500859,1.435720033792075,0.2391215082839131,-1.1253972727008146,-1.0668005793367257,-0.1463210253664704,1.6320585442085374,1.4391297708266504,0.2393284941529621,0.2522776231526476,0.2731248752118695
SYN3_0762,-0.7794486604412799,0.855920011938774,1.2869048161023269,-1.5589006649424866,-0.9978743037946568,-0.6677835287953768,-0.98428024866358,-0.5847975087255213,0.8276221557327954,-0.0324177137801774,-0.8745502986198216,-0.2931490254447392,0.0064467444495701,-0.8094966446920441,-0.7764896719511412,-0.2914519483907294,-0.3060877895231745,1.3007129280431544,0.1110984254597661,0.3436634141496341,-1.4327093468769363,0.338501749821006,-0.1350930436569188,0.5609921212328697,0.5871274264318714,0.397268314662312,2.06295840504671,1.0776024283355057,1.3914872287561446,0.5688022809157748,0.0133830138815569,1.2790109507558465,-0.2734020668837334,-0.7531733709451123,-1.051032206002993
SYN3_0763,-1.0213785674442812,-1.4130449108236751,-1.473516548360699,-0.3781192495899912,-1.832071399714388,-0.5124325797613426,-0.3017907586351569,-0.7559125467473646,0.3920979831537191,-0.0009823236418282,-1.3342960599889409,0.1846800220758344,-0.571506079180967,-0.8821051219973126,-1.1145137096702251,-0.1078940484162017,0.3776582209075894,0.4685084015452725,-1.0356296018616544,-0.8217766347690888,-2.475065710970776,0.2159999014160087,0.2177668338159053,-0.2513977866354053,-0.9528873354734956,-1.223838518877646,-0.9814965399004344,0.4928051255820597,0.4803495074779244,0.0483955957756141,0.1840780011369806,0.4311416341118912,0.4412397904506699,0.3291078892417632,-0.3157528945932875
SYN3_0764,0.3041497306063347,0.1400311693385601,1.7779331682096633,-0.5254280843463089,-0.8054339109350257,1.2575454861752453,-0.2476609270701948,-0.2190376399236476,-0.366947022280281,0.6091482928545418,-0.1836307209057785,-0.8855606136706189,-0.7703147789937026,-1.3241792099830465,0.688581797371699,-0.2481729231694437,1.3628440099688237,0.993397904280934,-0.4255798249045786,-0.2190549811257754,0.9547496763202352,0.391771362547472,-0.6229411251420095,-0.8287447978694641,-1.5491372908374823,-0.048514465811932,-0.9159951816495288,1.345069451329093,0.4915387694820888,0.762644395889202,0.62865370851157,1.512536569069205,-0.169729623529886,0.017037762108134,-1.1683768777458805
SYN3_0765,-0.6851468429732708,-0.1046313714660514,-0.5230185501268195,0.5054192117238645,0.3275671151372495,0.8103617439519408,-0.7321419573953948,-0.8884311516595556,-1.2687897705261868,-0.282693298048127,1.801267827304034,-0.1746059518656316,0.1397329752249427,0.5510276564615862,0.5403535681680147,0.8929872577498252,0.3328016335128659,0.2149945478701029,0.032890642950621,-0.2273321914075903,-0.5773017203737705,0.5327051570223598,0.0563837339361151,-0.4295894256275207,-0.438040016786022,-1.5323211556604286,0.0978055274165298,0.3503588061884632,0.0655479008725101,1.1363819729639306,1.6905398177011617,0.2718759167882648,0.5144922999884073,-0.434240416849152,-0.000367085592004
SYN3_0766,0.5231920108682242,-0.4586605151859936,-0.0376488710188709,-1.1425323078629646,0.8388598973295779,1.4358320498003363,-1.3680762126661663,0.7367345179540393,0.172395580555484,1.7518864586781078,-0.2180116345783187,1.3449627401944373,-0.8371125462064314,-1.8940415146870555,1.397859781130015,-0.0781018001862999,0.5006199158751404,0.2169462857277679,1.1214303804752408,0.3008864081538157,1.913180895261295,1.052754587838033,-1.3103824812052742,0.2354822079154726,-0.2063793511694581,0.7253164549339106,0.2309763565342063,-0.4634583876873889,-1.4752711438286137,-0.0079763629442649,0.2968725168553342,0.8330080468981508,0.7017857206503805,0.5832218426477276,-0.7515594332543598
SYN3_0767,0.036034145286982,-1.488607808506069,1.261800876788995,-0.5760905709518871,1.218716660261442,1.4941449607898587,1.502992312187335,-0.9369047907092112,-1.0586626692790893,0.7045086550537296,1.2315768012368211,-0.4189600579854226,-1.957093482019678,-0.5410209684994448,-1.883644880335224,-2.144034970788595,-0.5000068186980587,-1.576051044913826,-1.2697894404057408,-1.2879759696977695,-1.1134383387902902,0.3629546079588783,0.9023777446238864,1.754527335465086,0.824861535552921,-0.8816311440236868,0.588370141491859,0.98151242421148,-1.817399834387104,-0.7965208867527254,-0.2151456640653577,1.8267738039481445,1.5579367492685603,1.1314420266773777,1.231308345706167
SYN3_0768,0.6982457124508715,0.8208276785154659,-0.4978089653349298,1.199648628266902,0.0645274905182349,1.572377103263016,0.0100033277763963,-0.1358095290895477,1.194847524363279,0.4279917046614004,0.6936163185733032,-0.5027507181940292,-0.4609799981095848,-0.8688358502326019,-0.4341341706516494,0.4289631327323406,0.5255929984561631,-1.070322254259356,-0.2184319133683619,0.6588141711556008,-0.0125853289946824,0.3246870186734198,-1.4756914360382734,0.4431085495428224,0.6772388954977538,-0.2200611878842844,0.8301353422853921,0.8859019234436274,0.748707131187853,0.6346976375065165,2.246583925437591,-0.9025862923425992,-1.5440895488786652,0.5121509629847452,0.2413286649231566
SYN3_0769,0.1911836379453792,-1.3450804162493573,0.4528830805728596,-0.1001141834729057,0.2879725964426973,1.0895444072963822,0.1790231850741556,-1.5088498165924138,-1.4465698767935251,-0.8327428221697212,0.7065856830262397,1.07945428572144,2.197383585051245,0.9017033965867692,-1.0089382398524842,-1.3113778767885715,-1.3764649437669405,2.132282147074003,1.174372486520303,0.0164997716713423,0.612221530534045,-0.1135229855815359,-0.7517130086659651,-0.5581570408397085,-1.3394283096379174,0.0373842527830837,-0.2748264460338917,1.1352192171998896,0.9241592758712308,-1.246378881431541,0.8935701573716981,0.3365169508150362,0.9229615622918008,0.6614534875676716,-0.8544430793965394
SYN3_0770,0.606552088864872,0.9553567695748492,0.4506361064282887,0.6433586152012958,0.4790063752287911,0.0029676603635848,-0.2511271233412644,0.937145735116922,0.7454828667460529,-0.3398355254076047,0.7425558359956544,1.6969860626952566,0.4890626111379456,0.8164555755774259,1.3683423560956185,2.127960446139858,1.253622048801454,0.934933387757305,0.1883006007545816,-0.5652517702144342,-0.0576499027458584,-1.4619025893903332,-1.364117609746468,1.2003611710263948,-0.0001737509762823,1.2122567998845697,0.732682353190961,2.8939278393885264,1.5144907776088263,0.1493152296362241,-0.2321288741450086,-0.5615858391565938,-0.5708210290217542,0.1067061770330239,-0.760179902917798
SYN3_0771,0.0868238010723946,-0.566509938724764,-1.7368048678979695,-0.208064284956403,-0.1129686380183044,0.5108929063316024,-0.6601985927855856,-1.177844232834675,-0.608446635334043,-0.373237342867276,-1.4727238570327827,-1.593179223256704,1.8270794113003603,0.7252826156559758,-0.2266298226931264,0.431285019419738,0.6531749944007228,1.2837328048029095,0.5604986403827829,0.7522274094769088,0.2197409536969209,0.5809530767565493,-0.4076225145117421,-1.0745770221660376,-2.828147329969063,0.001606694168923,-0.5947843238323219,-0.6482046963160834,-1.4625206446666683,0.7740304207269211,1.6205460799805496,0.5900235404712469,0.5051509130619766,0.284634936008071,-0.94038060942272
SYN3_0772,-0.0707770542055758,1.6399255886741315,-0.1309026588540336,-1.2140621377925014,0.4132640587493733,-0.9245873972379326,-1.1361685111830009,-0.2373817608897705,-1.0745686812510935,-0.7762884257661116,-1.097533031354703,0.3146584438699072,-0.0347687487254434,0.0127984978332765,0.7271917697673655,0.9168800022404716,-0.2679033911152151,0.3937877569096105,0.964806562344662,-0.8585587043853288,-1.5575294576401648,0.1515045977385367,0.3649816322882716,0.0872448118977172,1.6485354957570642,-0.0705402778542819,-0.050470306100917,0.3726055172096414,-1.346177228642727,-1.3078551540424532,-0.9493260845330002,-0.6136284435171625,-0.3125684564158765,-0.2594851824718451,-1.2616404412182396
SYN3_0773,-1.0992419828779745,2.3536882831446047,1.7976370458316413,-0.0876955074162213,-0.1520798843396583,-1.2652582724021386,-0.9570726975446864,1.2474539866440248,-1.311930140841375,-0.3923465527580552,-1.169578682975207,-0.9335943115941772,1.7942856967990108,-0.2809650837812731,1.258495355616189,1.216735315868655,-1.436552710158941,1.150183000778781,1.066344992807512,-0.8707874447636644,-2.0570789188998253,-0.8758475339331409,-0.7435346433091207,-1.6500591015631283,0.6152292403699076,-0.4793046558555244,-1.637974293154597,-1.0971676308217326,-0.9158124131588222,-1.0856524364716371,1.5405580957074625,0.486231483076438,-0.8656420945459544,1.557354432876942,0.6538246135770516
SYN3_0774,0.0214184614813042,-0.1628626532199336,-1.789858302352112,1.741178112494777,0.2455421061199678,1.1741259905220487,-0.7472180528267736,-1.123934497681054,0.1549601834410369,0.5516987734950133,0.0894286091523569,0.2506022102702144,-0.1717210837698522,-0.1586990644089134,-1.4608731841084373,-1.5807919784019246,-1.9987830694130817,-2.239054246352576,0.1814146677136077,-0.1466810233836492,-0.312293811936263,0.4050570575467656,-0.4946261957430216,0.8096211815711966,0.7451534099134841,0.2015521214992822,-1.067877480858039,-0.320292562888348,-2.773615052037199,-0.1650806718227641,-1.7332717770444026,-1.4477799801432645,-1.5992607764943207,-0.7449722168995928,-0.0329811316772292
SYN3_0775,0.8187229460706882,-0.9482412836412264,0.3410490702708338,0.0075018676581861,-0.8916436858045946,0.6335950224050186,-0.1983099282652901,0.2466122803495199,-0.3654797866959375,-0.7936822587256401,-1.521117820404601,-0.4249296860490989,0.1154845394166799,0.2210044273014957,-0.6487207744735501,-0.5021602274470186,-0.9315607788169188,-0.6046610154767059,-0.540069315669553,-1.069346929265489,-1.1253572785277075,-0.0383196097215056,-0.2782348094939231,-0.0071335520116062,-0.1340450462191668,-0.2730000956019445,-0.4292550657289262,0.2238165672085482,1.4575198832507397,0.0641902944056472,1.4473060979616308,1.7138183650583287,1.3800725277903076,1.6626005651186553,-1.4311306557376686
SYN3_0776,0.2711459039304636,0.3093547081853847,-1.3713364010805416,-0.2078238089279315,0.2788262511390758,1.5154154989577686,2.073660671107365,1.1988495306026392,1.2944310062709092,-0.4055172121480133,0.2066151362659856,0.3861516339976568,1.1680461009739949,0.1528800398872664,-1.39343728434965,-0.0172918395743375,0.4396373878616245,1.3273634679725912,1.7185697014163397,0.3539032769195493,0.2325863800772075,0.1004687553052316,0.8390318766709789,-1.152018796735376,-1.843286858947204,0.0475916512308098,0.6614065459503556,-0.7514352340843019,0.880240742662401,1.0682981836811996,1.8051112766304804,0.2623008874149322,-0.7943825672153337,0.4090161649512754,-0.5505880919954835
SYN3_0777,-4.744459331479433,-1.0139026220511351,-1.9472403153610207,-2.438065037739191,-1.1426631750792515,-3.156012897632901,-2.53406930666622,-1.4096473786012305,-0.7292088588319449,-0.3468763944674568,-0.9578950966692084,-1.6110050016297115,0.573114407511567,-0.3694985293412915,-2.456136446272361,0.0580863577794678,0.3146443014010389,1.6724767763922248,-0.2500779144772572,-0.4697141314385143,-0.9427338253082058,-0.6653688408290209,-1.911312526898324,-0.5407786783128047,0.8595044276805612,0.1082930563109071,0.4545409727921129,-0.5683559212858379,-0.8273689186223163,-1.1525915563574023,0.1314341832201144,-0.9379573245990978,0.4054300494761237,-0.2710101940052529,-1.0812754088870358
SYN3_0778,-0.6273107198544817,-0.8315707384823701,0.4947144944175465,0.4847733428856108,-1.168064283655834,-0.3394630216736743,-1.3866778535647424,-0.2481417670617952,-1.0346202313720103,-1.4415376885593725,-0.8446903105856971,-0.1994255868766161,-1.6849097037756822,-1.3926276738577297,-1.2038576573813289,0.0138285875959269,-1.127432223980651,-1.771632265509768,-0.6654428443978972,3.906308164729614,0.9491056019776476,0.8371799707729513,0.8435707990687703,1.9769596078864795,0.1047653642198814,-0.6161462009998802,0.6976592620144829,-0.1354181652868578,2.039524795131498,-0.679656611445541,-0.4141530146565673,0.3723833168011164,0.346916185641378,0.5990977391031574,0.6190018017541098
SYN3_0779,0.300133006736602,-0.4685086109292876,0.5582448565346497,-0.0771148351417764,1.4517042522471366,-1.227096480658559,-1.2451005929060144,-0.1538300095153198,-1.1575162922668418,-0.7303500024262485,-0.4406890424047683,-0.3652473453744473,0.4201689426095573,-0.3738688409741968,-0.7873152471511284,-1.4079151414334323,1.2352737423310456,0.4455652302317963,-1.4151314170162397,-1.470457644022782,0.4566892177417415,-0.6091436079193185,0.8394992983856695,-1.0816552013172471,-0.350593751516412,0.4752415171682356,-0.7085920696433349,-0.2720143369191709,0.0893872351780764,0.0007731221598488,-1.328801156856581,-1.468813566825758,-1.8682546561229827,1.094699069322317,0.3342673078099733
SYN3_0780,-0.2565229160567773,-0.6693063655761994,-0.2429785898140173,-0.42624362941159,-0.2792559817069578,-1.2962779774737154,0.5319283478721281,0.0498803185834559,-0.2117235799681657,-0.7539533919099662,0.6638786991756774,0.1008384595119408,1.441824325720172,1.7713360499291135,1.6645367201896228,1.5194391083743464,-0.2082674360712961,-0.6264271225100054,1.1729421199945618,0.5461176790808765,-0.6257069745956743,-1.0557388968622183,2.876147936355627,0.3559986071536098,0.2396985176151948,0.1648271815174495,1.4779978151641588,0.4890072889925941,0.5181936186403537,2.4963394096177907,2.2194056030912024,1.626276787897268,1.1606595708438687,0.4042477639526746,-0.3953973033774011
SYN3_0781,-0.4126868354195722,2.005626699434546,1.2223152902577992,0.2016920013072178,-0.8856676462211942,-0.6234791430034129,-1.1849901449984253,-1.0184906798625637,0.1275410434549991,1.466553343815794,2.189919601988528,-1.124054759201591,-0.2510181278930531,-1.5412334047606295,-0.0212632963427253,0.7905594084005495,1.3971482110965392,0.7743907968927856,0.5544008802985366,1.6622133709268594,0.6407562947119932,1.9799664919918945,0.0906122252266625,-0.223369703047215,-0.9016752001734044,-0.9936795038238904,-0.6716344421218693,1.4950754214092838,2.350062532107887,1.6360307694952605,1.6226269942218443,-0.3816974302625668,-0.4121634445437307,-0.5993752062190932,-0.8980359268678196
SYN3_0782,0.4300714667889134,-1.7482196970809432,-0.2160148152262318,-0.4337279763729807,-1.1767699037327488,0.7832836925834865,0.2276557824127636,-0.4096409465737232,-0.993214054273082,-1.7015806717857478,0.9074833347750526,1.0543072894746983,0.079001583856676,0.0697119877607844,-0.8997935170621649,-0.6436165803884537,-1.8448634830902344,0.0701859773981681,-1.524872687989463,1.359849690136271,1.1032903580441344,1.2115130411311903,1.1836257449682936,-0.2646862452138535,-0.3609564007263157,0.2690250466803811,0.3134652710084137,0.5140095232514734,-0.5722247753685387,1.0386944714509057,-0.9255127625687978,-0.053740450761701,-0.9208458666254984,-1.1273759058516513,0.2847531339637188
SYN3_0783,1.7210820859653426,1.181111770735493,0.8683039643223991,-0.8833699732732297,0.6743607827303142,0.1817350461461297,0.8074202878434288,0.7874863279770995,0.0806432253607767,0.2174599826170808,0.7413677687512529,0.028890677467513,-0.4835262053761979,1.701548569363509,0.7131483894767087,0.2164560724642316,-1.2498593818401291,-0.7437881351238794,0.2335095250181394,1.6318590035695884,0.516522508631344,1.3404514836266903,-1.370722360245354,-0.1337019201599942,0.2241035311630031,0.7156756190486048,1.131891251169979,-0.3653695996203691,-0.8740641687771217,-0.075937897741309,0.0233404106999891,-0.6996785952066693,-1.924372190718857,-0.4786068191380694,-1.925146122875348
SYN3_0784,-1.323182361193226,-0.4491140115368023,0.4507059916021647,0.0319711402592916,-1.769986334017174,-1.4993257489145368,-0.2069902352597639,-1.692386446581133,-1.04339961879081,-1.8130276864672317,0.856954272366481,0.5508193059918666,0.6371231764873927,-0.1982436829607351,-0.407679037562734,1.5933742708252514,0.6908300587131583,0.7545277848582697,-0.5677980879472718,-0.819826238993079,1.5732569705581236,1.970910845521733,1.1402365103486245,-0.3389167246485074,1.099194539849146,0.6846783828232427,-0.4312568444718044,-1.125343056006405,-1.1193235156022845,-1.0031861074123642,-1.2211748068049988,-1.365739354739011,-1.0785199563151653,0.0482002592379923,-1.888454902390576
SYN3_0785,1.119870022953341,0.4506211756600116,-1.0087650880145833,0.289542083549914,-0.6727990304577128,-0.1738321179691742,0.7828699260595325,0.9623394490815572,0.2074779470436564,-0.7103529458385484,0.0163475290110248,1.851496222804262,0.7753398377863412,-1.3870909995619902,-1.0231629922471144,-0.6070229086135882,-1.5956446513401796,0.1525896086675638,0.8771827958638966,-0.3145812121549305,0.4701075489049959,-0.1113429126232628,-0.5219300446328419,-0.432369732273538,0.970397654355368,1.0571604504306005,2.500532459196867,0.6787327255745593,0.216251018446034,0.4434099034209242,-0.0875989969573701,0.2259620764586856,1.579354070342849,1.53994412548808,-0.071597560549883
SYN3_0786,0.7712834601960101,-0.5462433953759019,-0.0933195662713584,-0.4592300413775766,-0.8943833353343991,-1.2745816085114736,0.7430233804569779,1.1745547794398508,-0.6394225368673675,-0.22175175915201,0.9137472183723622,-0.5415257764733065,-0.3858787335760451,0.3860178681833897,0.3057319967354616,0.8934512380863598,-2.3156265965727107,1.233256872901509,0.284622481937725,0.9289648917120944,0.3963064366861784,0.8593584977160393,-1.1394582134290232,-2.802285963068832,0.2265247662801237,0.0779202323519098,0.5434122614551853,0.4936966777143473,0.2305833686785423,0.5771091032803778,0.1448655288986181,1.1926175976204718,1.9153826729582657,0.6676410187070675,-0.1225375714608125
SYN3_0787,1.0610754350469815,0.2505547056254112,-1.482829018644783,0.5304181446638984,-0.0541817945881484,0.4171302112542173,1.6941624135022155,-1.3599843298439902,1.2851875189592743,1.6741074554805586,1.0453936926816612,0.4649258493803787,0.1543294547475282,-1.2032231663078217,-1.1652560086985275,-0.5382648022219755,-1.2655820692339688,-0.5703752076175723,-1.7678355349507784,-1.2943665091316232,0.5305453114972489,1.0449827056363683,0.5138057767586103,-0.5547377489880286,-0.7576732695490158,0.052765615700959,0.0184723277444964,0.9204975287678288,-0.9817176438207174,-0.6947496873425806,0.0500083034738729,1.3540780855112418,0.154595447288166,0.5944096135774689,0.9024585041720204
SYN3_0788,1.1013932991665314,-0.6150103662603008,-0.3678471022872211,0.4655746033588514,-0.3304676048648645,-0.5048474700497693,1.4602848917790878,1.2678404116715978,1.0259705691863252,-0.5850043753598375,1.1599495311615815,2.3362423892107214,3.0468126960860733,0.6495521946882092,-0.6843959314121992,-0.800541524104805,-1.5259760312496962,-1.4018842022270346,-1.480893171714315,0.8051835717654653,0.756346062899947,-0.1049139080148674,-1.563074500468121,-0.8904366588347916,0.1912102505644419,-0.5329409045456907,0.1105708561955247,0.8687208907357771,0.0564570653352295,-0.7284649659086337,-1.977441006661907,-1.9633006954754533,0.9038960677343064,-0.9420678844356468,-0.5745402410920861
SYN3_0789,0.6012928614696204,-1.6470059072218883,0.8483713341461138,0.3064671592407513,-0.6266868923063069,-0.1733946482305562,0.2399318912527907,1.018335443798135,0.5294316642532414,-0.0368129022959699,2.5009314115859,2.0926037123071746,0.5223724818810359,-0.7659116499841735,-0.154924353982816,0.6257349819442869,1.2317693272321375,-0.9367757629458788,-0.7990630483603532,-0.9978261724745598,-1.0172419043092868,-0.1197357876598601,1.2180649705450606,1.387027075189008,0.408972652014976,1.0735490656435034,-0.4120382864153233,-0.5999055634372986,0.3012851920516364,0.2617759777114848,0.5891234261159788,-1.0236359434238802,0.3088990339833818,0.531454921662822,1.0961087367930145
SYN3_0790,-0.5129936238135182,0.1365506491218391,0.6599189578059637,1.2712936477938614,2.0365601630512025,1.6411057786600909,1.766136357128105,-0.586904510061692,1.1703980617569414,2.116111332563648,1.4590852528063711,-0.0283122816114675,-0.3810415306126364,1.3053887325666529,-0.3602412264277285,1.49107370147485,1.2176262754427007,0.4977170978781687,-0.7898349709560181,-0.9883861099622576,-1.0050931565592025,0.9116551209181089,0.2361770987862266,-0.7663823804949412,-0.1414537609194255,0.7936358539219932,1.8375652712678143,-0.2642523004938801,0.9360465921707192,-0.9220016993782824,-1.0068947339071563,-0.1763555072080399,-0.3355752835505323,-1.9294543449309176,-2.2932335313001797
SYN3_0791,0.7108602338882818,0.2998746309020647,-0.4428574279733404,0.89176084729586,0.6828488115842649,-0.7635233487144161,-2.087575534992649,0.020915306708781,0.5519619415326084,-0.6369569343155397,0.3320728888717038,0.929876076142972,0.6809786479725579,0.2319960122171085,-1.1863236376167372,-1.6889662679428012,-1.4741939355009437,0.7260800628507875,-1.3177489628624377,0.1168117898332518,0.4419076832167414,2.0903818414512263,-0.7206384090536596,-0.0324615698532658,0.0568239968740761,0.4265085954823602,-0.431422229848508,0.3747027185284477,-2.136545110980004,1.8083706051113717,1.6649499830120582,1.030220770109728,0.3241815205928833,0.2944580300488676,-0.1264163928895401
SYN3_0792,-0.3411508901697707,1.223427834116093,0.3958769214136073,1.1480496611669977,1.523418716932068,0.306915953784255,-0.5976549349116989,0.5525976184742597,-0.6802222123182736,1.2902439691120895,0.3475633160101601,-0.119828459675645,0.0214394555907583,0.482947553137016,-1.6996142624370674,-0.895320710227986,-0.1707625669520306,-0.9203407120616738,-1.1311283584428065,-0.5080221393691233,-0.2072400267299727,-0.7544984761553617,0.205836823432909,0.579511599340993,0.4905469822015637,-0.0915798734345745,-0.3557931228928533,-1.884049879342333,-0.6790592374020613,0.2057155541235394,-0.2555643544700371,0.8103810282016741,-0.0666011155875559,-0.1094892609551332,1.0673532601286204
SYN3_0793,0.0618549944934553,1.8016247497248292,-0.0130953466883295,0.5040650224719463,-0.7539863160912355,-0.1240989505592095,-0.3025123287717273,-1.8571560365568067,-1.6203846168492595,-0.4234757064621141,-0.2785985651650709,-1.1114809221039,-1.3993097457478116,-2.0129114066910603,0.0966720405608102,-0.3127198930515855,-0.9296663618654838,-0.117429719461134,0.847887952298599,0.5710025245030982,1.3246397706727209,-0.4790133044398519,2.360346636734419,1.2259588162905757,-0.07053846942605,-1.6033457774196802,-2.80633312733886,-0.6969572632258169,-0.2286227400329775,1.0674297765600018,0.9156814004073676,0.046270754269943,-1.3173506694786703,-0.4781174288897509,-0.4227808352452336
SYN3_0794,0.3914568673243658,0.0774698585581921,0.7607032926539276,0.0953247298777432,1.5908319568835616,0.1957733783642521,-0.0658881041854906,1.2127150815658394,0.9475733154350136,0.5973621751421392,0.6155218837701267,-1.2539810244932197,0.3039762754027415,0.8040528652467439,0.9127311132902718,-0.0657804099156442,0.6580446079244843,0.6568568066003052,0.1236631989775932,-0.1999904846436901,-0.0536775085168687,-0.034683068112238,1.426874409382318,0.8104360667918157,0.4910302927582934,0.4149053568336652,1.4540024784116945,1.5397429014462154,0.8731095500685706,2.017138305074913,1.3579847499476352,-0.0753702829828462,0.9372887172604653,-0.0829771579879734,-1.63871240590051
SYN3_0795,-0.3617550930588427,-0.7566328665921905,0.3849250987257788,1.463983666762848,1.0770069462786636,2.418140050148036,-0.4523979064849431,-2.1271835110570803,-0.5891198271057176,-1.3607451279245852,-0.1782741292368373,-1.0740578555892073,-0.8320029824659168,-2.005142334933541,-1.1409329233195689,-0.422115264087971,-0.2194029032623191,-0.2561557983412184,-0.7261322413143797,-0.1879633582244248,-1.9519003104511188,0.1300765315406022,-1.0699367899111785,0.478641420058945,-0.0781372655757789,-0.3622844050341819,-1.0008090945036674,-1.2062637372927965,-0.023201806610136,1.6631279518456747,-0.961276314632876,-0.2800825970080162,0.166755149789607,2.2141926522851274,-0.038328556628811
SYN3_0796,-0.9849340396795292,-1.1408011124139352,-0.5426932222936824,-1.0322626742884398,-1.9240437396309369,0.3886532939288412,0.7324138851393301,0.3361284481435757,0.1369690927014876,-1.683116900627915,-0.8806314981132582,0.7382584714173748,0.8139605384957963,0.1329005526590962,-1.1501722269581622,-0.7078579815486313,-0.3991045872774822,0.2827380560139824,0.5177122305213471,-0.0079416670776187,0.7198166092623702,0.0251883585869831,0.0609475580088267,-0.6947024229050033,-1.9387614503135828,-0.4054014505923984,0.0800426863269403,1.073477527169293,-1.5882373720437666,-1.0496893275943695,-0.7764171867830891,-2.219962138450518,0.5282618305472574,-0.3864539448087169,-2.352507210773921
SYN3_0797,-0.3881343678251507,-0.8745658929179868,-1.2285094363631874,-2.1478698190950056,-0.7065027681224089,-0.2844094717236305,-0.572344493474502,0.2129021478774642,-0.8682632834952929,0.4685614246094388,1.2333037090636396,0.3063641120497878,-0.145698117947829,1.1886359585098276,1.1086258862991014,1.0309216333635869,-0.5380900903024187,-0.1039715064779785,0.9993609394812772,0.955954890551131,1.960717327017788,2.1800686480530564,-0.4521944428670822,1.359926782076775,1.013320696284152,1.749403638767291,1.140145667857441,1.15003420951146,0.351704553522755,0.7895859731540323,0.7995695503159043,-0.390855049559123,0.0473208413063086,0.1921555217259548,-0.8521610093433628
SYN3_0798,1.3172008705456586,0.1054727283649724,-0.9925273614125129,0.7240698979241582,0.1712851751171465,0.0593370820276949,-0.8437511132684608,0.1890187762078501,0.4734975673587846,-0.2229465716528402,-0.1644851519858258,0.7303639646721254,-0.4272692799550904,-1.292669135158643,-0.5253076937528275,-0.0927360903048317,0.5323106524103194,0.1311858329567377,0.549432111215287,2.5710304792207124,0.783437517319636,-1.3098979522311212,1.3967922869511944,0.1616275972485374,0.6746457212735105,0.0768356031416438,0.407821978696792,1.3075095537635464,-0.3765077805696601,-0.3814297570840375,0.6087566659763567,0.4053330504572794,1.0621308015198925,0.0042936583249636,0.1820424747685395
SYN3_0799,-0.6701321307846843,-0.8558235922364558,-0.0752798562832922,1.3585599273261022,0.4658932326299025,1.3687041576716472,0.1271645716792474,-0.0531645193020633,-1.793231359123065,-1.2207008962269368,-0.2940522570094174,-0.8955610893912644,-0.4405662443414935,2.169989695080001,0.58817001056464,0.1716462645682998,-0.2599736390542863,0.2919151691194043,1.107026971654732,-0.0979387729981478,0.1798547233548345,-0.6937498379524967,-2.252019636587528,-0.3288718825121491,0.4533123384614733,1.1233649238939265,-0.0063026832301403,-2.1349310671099326,-0.489019189309511,0.3530219590859821,-0.5812527075073752,0.0641948979108313,-2.205135331270745,0.8074948017012312,0.0756239868558815
SYN3_0800,-0.8485461521255746,0.1178148035421991,0.0851142971079247,0.7600883237322494,-0.1789742817927641,-0.1760273397478146,0.7586597562712686,-0.6643285864166513,-3.01805309252608,-1.8485467652310488,-1.536402287289092,-1.1693310026525707,-1.7834821137211383,-1.1014146810760044,-0.7235378332430303,-0.5392691377157888,-0.8295106735129066,0.411344229729657,-1.3083878066529784,0.7902364914218508,-1.9082670212420405,-1.3184740352104962,-1.5010659749152944,-2.3273463851985654,-2.2159810845397288,-1.2713157828765926,-0.3153414975891585,-0.8774004854976429,0.7493759377023943,0.3009520636060557,-1.2174512234452488,-2.067344338572334,-0.8653228807697572,-0.3130720170246401,0.2486746117639321
SYN3_0801,0.6723179098913298,0.4259388191270064,1.753793774473423,0.091387761117852,0.8988814312834146,0.6397486146990381,-0.6805775189002456,-0.211818773539838,0.8610708348943524,1.3401958904890952,-1.3851317967784045,-0.6197144420439218,0.2548425655593129,-1.2451705438349536,-0.7967756661327012,0.08073845368592,1.0659401204951082,-1.3530706837065272,-0.5735922235163406,0.3425873372626128,0.7725528715589243,0.9673412874097506,0.2044747858390148,0.0062220396062139,-1.46942232112187,0.0061270179076819,-1.067197573773801,-1.7134122224902406,0.4532610571408829,0.0989297282615635,-0.0203411951999895,0.1184198594752399,-0.654869874880778,-1.2372524018588662,0.4384893158024088
SYN3_0802,1.6991588075669282,0.326594614506531,-0.0624063293485175,0.2123358334420435,1.184052345711583,2.9024951870988875,1.5472429491133195,-0.3178356999935421,-0.5776347835277981,-0.1328598696006723,0.9782866864208144,-0.111152886495022,-0.5718086317590939,-1.2066067235891222,0.3251381357034552,-1.1059588686982469,-0.5114114859947847,-0.2055244137520637,0.985260703483649,-0.1880547850549348,-0.2938762972352509,-0.1777786039336304,-1.142597959550808,-0.1128460340977667,0.2687033319631771,0.4580814715079897,1.120887709504169,0.8827335733082082,1.6961930253022055,0.9942431006828524,0.4621075145483,0.0025038300986216,-1.020556969821261,0.4091774165968594,0.4072075185664871
SYN3_0803,0.3521666190247915,0.0418338305728348,-0.5831386788463656,-0.96442620360016,0.2052973807589371,0.5487384344650235,-0.559083651403673,0.1734726474876401,1.1169414121376664,-0.1108315446965109,1.0031215446707158,-0.52184923418212,0.4214399666764511,-0.28612995387539,-0.627690537931527,-1.439712788717903,-0.1454128805669974,-0.815496680217283,-0.0848931203719719,-1.4892219089609355,-0.935275084165218,0.5503008160879794,-0.2737710155448625,-0.6260585254874496,0.8131521297453429,1.0208638393046083,1.1530774520872171,0.1917045038266093,-0.4926365814526099,0.932645850895784,2.686210805585786,1.9032130168403063,-0.0262157441549075,-0.8960442123380629,0.6330593439312555
SYN3_0804,-0.084206340356657,-1.7123813412857558,-1.7165392063754197,-0.6702521799626368,-0.70997703396013,0.5491947652776433,1.5714405263306717,0.9868216977776602,-0.6461720900869414,-0.3604701420649032,0.2642535213241524,-1.9652423231300693,-2.019191190516174,-0.811621800941244,-0.0705281545472862,-0.1279927019283371,-1.4966064693423806,0.946976967601484,-0.1413860254505352,-0.4195913839761595,0.4642955671557426,1.3161851486516944,1.2834874723244714,0.7797693157764894,0.3639075960734729,-0.1635361668749727,0.8900618407061266,1.525619857100336,0.8391957499021876,0.7296273587321516,0.1458473100689937,-0.6903720261935656,1.2222235547542617,0.975168500736332,0.2196130701158046
SYN3_0805,-1.4272819407869082,0.0808733390140651,-0.8999006825817092,0.860428673107273,-1.893349414181564,-2.3521585508353584,-0.2814305501511393,-0.3788919928745909,0.0618114401568666,-1.1088322757728917,-0.2538960940043482,0.459347213861542,-1.2475319110501353,-0.7727641794479552,-2.0186098571730806,0.47862670109633,-0.736752999497182,0.660056189372258,-0.2051388520059608,-0.1391186723902902,0.8901747856200107,1.4290285741336872,0.0165550945532785,3.1729293361743696,0.1780622756430569,0.4596135721782617,1.569047737975087,-0.6139752241137892,-0.3155230503773463,-1.6444052744407818,-1.1855758024301006,-0.3040126187371978,-0.1753140722135779,-1.0676922063522456,0.2441757545788783
SYN3_0806,-0.3743849793109746,-0.8735625167268616,-0.8928650740571595,-1.546006034288458,0.429564243460774,0.4160873744113705,0.5623276874231101,0.5961644009011458,-1.832206906281003,0.1172168282417562,-0.5252049514425721,0.4391823956249431,-0.1851828973593816,1.9656684325667415,0.2624053764668687,1.4073950180174688,0.376962346022573,-0.285130596663168,0.8438668875770196,0.271726655645349,-1.6344584517790697,-1.7410717521196644,-0.4354206306161209,-1.3944033000872755,-1.5214210936738466,0.2614029402311619,-1.6212198634758694,-2.0401782089440816,0.913114703970176,-0.4009186721842114,-0.2996322099298512,-0.6793758188354223,0.2131932569800341,1.0946051225284514,-0.7730479660571644
SYN3_0807,2.2698659894027107,-0.4439439285317749,1.474798047135435,-0.6816937151225396,0.1269658519451202,-0.2990467514258673,-0.2958206958029014,0.7001879233315121,-0.987301520497595,-0.1630675855912625,0.1226707436984944,0.6122963843763631,1.1646139430359737,0.4537900721648097,-1.7651015783311288,-0.5522839845011001,-1.0611862471160485,2.131408645488976,-0.2155459439683488,0.5481190753623227,-1.1082168265047267,1.5532003164349129,0.3431639355689285,-1.6833879040376103,0.2478681967091683,1.393263962514027,-0.993359787570332,-1.070110904863813,-1.8985536264340408,0.660926062982918,0.3624613077056801,0.4181006481907407,-0.2574576784176626,-0.7197071384695491,-1.029589632568358
SYN3_0808,0.199958573710521,0.4566564205022336,0.0914744691176595,1.5872803685081702,-1.6417281055209714,0.4678254471720818,0.1027893250451693,-0.9419794512929768,0.0221228734566917,1.905060846236668,-1.1837876840385146,-0.4500972410312144,-0.379740303847405,-0.8401955833053418,-0.3374378893615459,0.5603526115293367,1.7026924527696836,1.398617098452744,0.700259773488675,-0.5993770393970801,1.4349233318629029,-0.5372310239681891,-0.6558029186915043,-0.5323331824931228,-1.3087629259162763,0.1630567684966904,-0.2825624549971331,-2.0920713792463643,-2.858586788044693,-1.0340234967671116,-0.7548971735971178,-0.7213293485140511,-0.8866341796699553,0.3282411804641048,-1.3641666238115655
SYN3_0809,0.4763298992232153,0.8984712501915889,0.8249634382494808,2.126891803419653,1.6919812562792946,0.0210882379081872,0.7114448857674212,2.491834031490281,-0.0293689610289788,-0.9084971301032216,-0.8917786611474942,0.201743469686295,-0.7206534439752288,0.1493243037060338,-0.4238274790768222,0.6675019662797244,0.2915611610716674,-0.5876604937389575,0.1525256534940548,-0.3963785442924333,-0.3920115300037759,0.1639268411974054,-0.1274398258780962,0.6601605598276531,0.3052539410283085,0.0899732225218832,-0.8351598922033785,-0.3397912537651725,1.0042311366391403,1.381741407216464,0.5595077495918852,0.8706067488580058,0.090069013944683,0.4906047934412806,0.4572117233567264
SYN3_0810,1.383667441635502,0.5973932367389152,0.976379305847228,0.1419327617531324,-0.0512478895957238,-1.086437715013438,-1.033876336130822,1.6398193452400862,0.3988944795877994,2.1104908769419573,0.098053531376295,-0.3614251252349258,0.8323382936201111,-0.6822247092495772,-0.2718362372067847,0.0459156209047354,0.6866006064102128,-0.4251892682224868,-1.7468265787255255,-0.0184610310384817,0.0732321897454101,0.213943060629923,-0.777014098365825,0.8016875934857365,-1.663896724425273,0.0867551461869827,-0.1663253611009287,-0.017466088766567,1.0711753571833629,0.5235798453015631,1.035490935945415,-1.4544425003609722,0.3915897933851989,-0.5599191760195962,-1.2433177407411409
SYN3_0811,-4.903258609219021,1.1689424876574614,-0.3988026949376798,-1.9398066034971344,-1.3840642811170658,-2.697333431178235,-2.785718517620956,-2.510435810489888,-1.4556882267314892,0.2837109596432389,-0.5404139738096777,0.7546092467547468,1.2869265791226596,1.191299053959504,0.0015325906242412,-1.166236070938011,-0.7613282743636226,1.416007864265146,0.7561769873840619,0.9118848691120612,-0.204040476819992,-0.1629217938343164,-0.3699453127007479,-0.4201675537470971,-2.671816941363232,-0.546381735851441,-0.9637788300955352,0.1851580957409344,-0.133471255067412,-0.5246293403167781,0.6799154737924293,-0.5109380077625051,0.3565982862799795,1.365507654933701,0.2204384554354315
SYN3_0812,-0.2877987989173355,0.9735123289870112,0.728778174124807,-0.4493625394187296,-0.6454679053966635,0.8501986484884755,1.1974148357490977,0.4032945209540161,1.266203605709484,-0.5883088622481958,-0.1430078829591877,-1.3127562854638486,0.9724617843500928,0.1022973059547843,0.0186229841882066,-0.367540774788115,2.445668262696672,1.4900888849539973,-0.95528263138333,-0.2742251726774265,1.2272281813819683,0.1357979187712779,0.75329038747104,0.8402125181634983,0.5514293218728482,-1.0204230785262107,0.6115979756815183,-1.8089398405913288,-1.444968826076655,-1.2976651757098574,-0.0393543724503735,1.3543383112634113,1.0463254076955857,1.492225133699041,1.574554544916166
SYN3_0813,1.0446709513763612,1.1451442836777048,0.0109293178236133,0.892259073845184,0.0837745038667182,0.7687401891099163,0.5750876658918729,-1.3615375131678045,-0.1716384780726555,-1.0284242986768255,-2.4529717770363275,2.122272679909847,0.5189060897411006,0.8614636998936576,1.0450601527939032,0.3468167536580514,0.6938839225051748,0.8336030278555124,0.481022054212649,-0.8502014981955405,-1.2199075633563174,-0.3921932717242554,-0.955505901858838,-2.649775748114596,-0.5445085166438113,-0.3250005881781677,-0.2247435258465981,-0.3428623198338168,-0.3395674606164707,-0.4305299402570305,-0.0257906818861563,-0.341623591490086,-0.4051900177681279,0.1984730236831799,-0.1684209139438512
SYN3_0814,-0.3153866156020559,0.1144511094203507,0.8901939840054471,0.5037801126997624,1.1424672660946062,-0.6240948349486649,-1.6662853592774476,-0.5608986306298672,0.7149737996843386,-1.5573323605673557,-0.4554001013439215,0.212257834040408,-0.4321816495887409,1.0400897909081697,1.8382587705876456,1.160879512088361,0.7711496207760472,-0.4817250498676746,-0.0544687439660437,-1.1829874538324443,-0.4073150490356741,-1.4534631823900814,-0.8135714649242086,0.6739947682912785,0.372463367736572,0.2753779588704855,-0.0584242390085594,0.0509980837399267,-1.334057530327891,0.8800274133774826,0.3114575406969402,0.2755593066665887,1.0522483898415906,-1.205278469677376,-0.4068205842409526
SYN3_0815,0.5355999509070355,1.3873953126217968,-0.5843850503919145,0.92623817027336,1.4299634377587296,-0.3502824159359421,1.7470324317731096,2.632725933687058,0.1180107265555835,-0.3509327069715309,-1.796557232640114,-1.1169094532813542,0.3926613843829637,0.1171522816298973,0.213323882654858,0.0006999979721961,0.8523825816025606,0.362439501202499,1.297693679580046,0.0370608686140646,-0.1870674502560831,0.891553198172189,0.5412801719383911,0.9975000204772688,1.3050039762479095,-0.3974818054442431,-1.0167488801694275,-2.1026993256458884,-1.0386391871336522,-0.2679352534756951,-1.0570808127944529,0.3981394138898126,0.8699984958236319,0.6709876106144442,-0.245257153022385
SYN3_0816,0.3080839773792146,0.4021255355506161,1.733520693941924,-0.1724942574170243,-0.3311603025070941,-0.4756108554280571,1.222952675852093,-0.1397621289264541,-1.043624710221913,-0.3365224826835184,0.5757717809526464,-0.3457047839017305,-0.8116780133270849,0.2320406812500087,0.050411928953858,0.7393627013753241,-0.5515123382812972,-0.9532151288873852,1.9740152054633928,0.6567319476119772,1.8098601230270748,0.2577889612747032,0.3083223166381587,1.2560802334260657,0.821454754815231,-0.2589920097096111,-1.370637543116803,0.2169222547696037,-2.0487266877833155,-2.184834341174914,-0.8264528409943906,0.2010092734993435,0.6542915642909921,-1.076097289884247,0.1427807061955897
SYN3_0817,-0.3079104722775336,0.7805207502513071,0.9140592903541463,-0.123974348588919,0.950954666223132,0.3204641994835667,0.3540934511067651,0.5970482584809335,0.4146237613433764,-1.661725231665815,-0.7454129195995723,-0.7054816735823027,1.3648143624780142,1.5500039355064574,0.8486058618909363,1.3230180016490447,0.4476424553669692,-1.2536164604577331,-2.3686886308610418,-1.1111496710272375,0.9501232127897994,1.1121954707715698,0.7454379259295841,0.6771343213587122,0.0360112828243649,0.3807590560678742,-2.0172367927837844,-2.908579406680774,-2.827163999366091,-0.2962541820117302,1.9207699685971529,1.9419067775441323,0.6475051471693353,0.9650965630584072,-0.344224033944983
SYN3_0818,1.0902706142999952,0.1268832879424081,-0.2297988959082276,-1.3515442855351614,-0.3903542902718106,-1.2064112460090937,-0.479456688182295,0.7198829799641332,-0.2099855600121789,1.0694062850365107,1.7721563214352274,0.4140833816716614,0.7320300276774463,1.8255644705973333,-0.6876670390415937,-0.3548072791942928,0.6435820811638592,1.400778700770992,0.6593675828662556,1.4010375366434715,1.81703355529175,0.3788479573739413,-0.1282178965930714,-0.9974334576460308,-0.3369713857829319,0.0346588737708915,-0.8139223797103541,-0.4251957637867203,-0.4110711600615349,-0.2417753081242282,0.4814622127843493,-0.1453888884990965,-0.0472012106802544,0.8463316367196314,0.6042627550678404
SYN3_0819,-0.5091989213524089,0.2987476281108475,0.4823118673397963,-0.358723690616694,-1.2058622731171873,-1.1631786117778349,-0.3067858381659925,-0.7815371809782549,-1.6607174402060267,1.5141095295569256,0.6715926918617147,0.8289748979815248,-1.0377198398170415,-0.6053238094179753,-0.197169992588342,0.3001989048899001,0.5440409884498381,0.3946778095963054,0.7066803457799005,-0.1398331493839865,-1.5731854565330652,0.6807194716137149,-0.5445338065132573,0.1873118711172553,0.0673941887224185,0.3905923942062187,-0.9571916919726516,0.3589312492766334,-0.5904382837447165,-0.7822593145119179,-0.5488099403807445,-0.3326081970934359,-0.4449878787640686,-0.9129354635773484,-1.6263731189757362
SYN3_0820,0.6577617462334113,-0.5424012699979426,-1.8854824293611885,0.1795238641654208,0.9748334070706964,0.8125209253754889,2.512141816624725,1.043255994371851,0.3715829948057198,0.4204871775752729,0.1050640054746519,1.2016028936946237,1.140866476634403,-0.0855438807621125,0.6475531155540506,0.2318627450890492,-0.0498050851489784,-1.517050079847908,0.8231912964199314,0.1797569946414438,-0.2947943088780967,-0.2368536722560052,0.0800789369803771,-1.228595162621462,-2.2641350730405025,0.2124639493591704,-0.0249532695016951,-1.2057602914330898,-2.135861426326394,0.6539380833488652,-0.6316296985119382,0.8605711130912912,-0.1908259250980577,0.0884930376241745,-0.7046552176289341
SYN3_0821,0.7046736180044275,-0.7595438443583147,-0.8083436520868665,0.7785497693495241,1.0480091531647702,0.4154282831564858,0.5116287721828477,-0.4785361662662305,-0.9278894476712408,1.364417042381654,1.7399405574528624,0.5454432864753147,0.7325642001814725,-0.649561978712017,0.3912254568112501,1.0526537995777745,0.8672023090994839,0.6193460461876003,-0.2218125718697988,0.9850728006095996,-0.3403525154160727,-0.7149941446923614,-0.6477959576740502,-1.0268006339945246,-1.113545001354225,-0.81349943767219,1.8649598812745445,1.1363708500602634,0.6837995900768287,-0.1278091833395781,-0.7486420502300923,-0.2392822310891026,0.8449968424463532,0.5075999936986119,0.000544522089677
SYN3_0822,-1.315078622546355,-3.549985266952575,-1.4563377850539907,-0.8759973911619251,-1.3729584778271182,-1.3305203662429403,-1.415695573481384,0.6093459036047951,0.0364402745168165,-0.1298272915258508,0.6526930321170092,0.4462834163350963,-0.2512888978671694,-0.26496524566285,0.6171352364387269,0.5653350873418128,-0.1455947467721688,-1.5737845475842305,-1.435978827879696,-1.6471224246801224,-0.0375835956862563,0.6249686888520335,1.879979404868419,2.71784198555678,0.9031290480158882,-0.6090895922668262,-1.3264567897133837,-0.2187921450535256,0.4500654743948236,-0.5802598989094379,0.331294641672642,0.9090233414720652,0.4087631348403465,1.1320772623806885,0.1701428150176594
SYN3_0823,-1.2870161629122057,-1.340501979954125,-1.797466300090921,-0.1938797533093093,-1.6941057242822075,-1.6887863336428894,-0.5488849222452394,0.5396645923969172,-0.74660122759675,0.1480054201708722,0.4386061114136059,0.1463882569806587,0.2226699500220749,0.5572977451542205,-1.451129645058514,-0.905182040737496,0.122866732462963,0.9122920626525453,-0.2084345771270704,-0.1604040951317165,0.0025258936612419,-0.7716344982929786,-0.2135585025425196,-0.7599479285419614,0.1215617290969116,1.003172155704808,-0.2339545830535997,-1.137991704410819,0.778210835848757,0.388008485661267,-0.5882615154866317,-0.9872028481240848,-1.856844030129616,-0.9408493737269864,-0.7389385513797786
SYN3_0824,1.6817381434111829,-0.073711917224887,0.6143171176533341,-0.9840632664534624,0.6560095475068551,1.29973342965121,-0.3570456570107617,0.0702896725309666,0.2579050276612249,-0.5066442610413329,0.7081344657523847,-2.066071589510797,-1.494387970270436,-0.2259820630842517,-0.3325886670755223,0.1543131469087342,0.4690614339807959,-1.7264161247682328,-0.8870746331033957,-0.2704656292135003,-0.8012409582638801,-0.8493415854159341,0.2319898837222403,-0.39656089964147,-0.9574677410060162,0.0052252945284063,-1.4750577918317076,0.4012613718613866,-0.5773451297887032,-1.267246328807952,-1.8076808836186429,1.1777716671957466,-0.0376284192392168,-0.0435053586431485,0.1985461962742261
SYN3_0825,0.4788126147360219,0.3579915601866179,1.6049595990475554,-1.174535735521429,-0.455116400010104,-1.4357258050750037,1.070325304825846,0.8888377203738117,0.8039471617810295,1.2779973753927518,0.2591321279779485,1.2900856879488098,0.8834777474106165,0.0673839308583798,0.0021299849079807,0.3723750400522793,-0.1671503149884568,0.8336409916862245,1.0516468007867463,0.4597193153207545,0.5662432349118643,-0.0816610865064852,-0.3102429480251955,-0.3463745818878656,0.1383125208720107,0.7393409272431672,-0.354090259620916,0.6519397411611274,0.9854353950865774,0.252750295101119,-1.6918981170402352,-1.4517288687345369,-2.168350222475881,-1.971027407144368,-0.7973564562273667
SYN3_0826,0.3924012361065059,-0.2087717990490532,-0.9271363670200596,-0.75323398180158,-1.0969983421820435,-0.465113651876109,2.903919045267796,1.3181065291453922,-0.0304191979293325,0.0257830897901954,0.4317858293471774,-0.6197169806956871,0.2193182716278723,-0.4571055810300263,2.446537640802142,1.326311968392982,1.0805866086129752,-0.0560025952792276,-1.6477931270364226,0.1652621111810375,-1.1669666944270338,0.1998121020747378,0.3466673614747076,1.136317842107768,-0.1900401647890874,-0.6455503576070305,1.2810901141585225,0.6251868456223708,-1.0485688815522838,1.6435007352778936,0.3871624040648482,0.0602790921721545,0.0800027889665924,-0.758986671904073,-1.5093526225478655
SYN3_0827,-1.7407074794326045,-0.0672690798166252,3.1421358786565743,0.4142254555851698,0.8511479096238096,1.998307956249415,-1.1542484893404854,-1.2045555189315722,-1.2740272488611597,0.6596786786863352,-0.2158594234716076,-1.7833829397755396,-1.335878274205745,0.3028865132469953,0.1834465968988014,-0.6081081703799138,-0.4213981617538949,0.5931470237329268,-1.3959020230207004,-0.6915798616347631,1.3602409154202135,1.576601324278487,0.4835595726174456,1.3281315437664365,-1.2554871655816426,-1.310010952524723,-1.41077996840206,-0.6494557365061709,-1.22514139323245,-0.943372121505027,-1.6364965127361757,-0.5226686824817834,-0.2718701898913719,0.2112498590467738,1.2435972068512424
SYN3_0828,1.7857432645530678,1.084544530785727,0.7583161529475185,0.0006701622292347,0.3190228932732322,1.1737910919156929,1.935436949459542,0.3318285370972797,-0.0079008241756966,0.8539174678236271,0.1315609591840021,0.8076367626994546,1.4684465775418098,1.1189437058784095,0.1577171212443736,-0.8098757680100667,0.3868214803104702,1.021510455875751,0.930290215864643,-0.8630668312835436,-0.3894194764060912,0.0400576700379491,0.1039747938165055,-0.7123133148848378,0.4922594440633536,0.0965401823837911,-0.469214319347982,-1.2974461827242607,0.3823177709880286,1.1885483071299328,0.4806862367362995,-0.6151767327105814,1.0866052086867992,0.9141723891735648,-0.5376263367215078
SYN3_0829,-0.6457599572490371,-0.4737439391343384,-0.9306615629608476,-0.9629091609218507,-0.0863061511367418,0.1964911187699451,-0.6018349472771074,0.8947762528873808,-0.4452729459054145,-1.484878716970392,-0.9486519364124554,-0.63086690604028,-0.1049461196338868,0.9191057207493776,-1.2828991693879317,-1.1173956326306504,0.8142529980183031,0.6463706041341655,1.023899673354904,-0.6213542522573056,-0.553515639092477,-0.4093600046023034,-0.2225178924813092,-0.8186392288913416,-0.5401684930023113,0.0151183660974122,0.1945809605347122,0.9054692133337456,0.3223963519647869,-1.3365508683940046,-0.6968033613520863,-0.0180308231018832,-0.8012978224015502,-1.6738265274300466,-1.560460532122412
SYN3_0830,0.2017332489528512,-0.9255780807451052,-0.7456090209907523,0.6979635283308392,-0.5666645808049878,-2.230504707606741,-0.8050951965569609,-0.7392153289874603,-0.3766165605437759,-0.3180674606640267,0.6639452775844908,-0.2934097483853424,-1.0623270794472195,-1.849337554581278,-1.384714038740442,-1.3079683043920587,-0.7419460946125199,0.1818081140377279,1.1688874633146815,1.6700046203619652,0.130183659520316,-1.6869480339164766,0.4841467904039464,-0.5435160629097636,0.0001590537510575,0.4939700870167167,0.0179961130074839,0.9415415733828962,-1.0900384984218476,-0.5869683259617997,2.002186058041918,0.1906196862431862,0.179136548561685,0.5980916238661311,0.0288900437085814
SYN3_0831,0.3787289362004679,-0.0174943893863258,0.7625486938941627,-0.0185960192090099,-0.7978386014805046,-1.6262085088283569,-0.54068992407264,-0.8053480970581295,1.065245564742702,-0.3616492607526604,1.4498186120811387,0.6880555817295727,-0.3187999874810467,-1.0253502064841684,-1.318541799683549,-0.3828143848323497,-0.917878098566819,-1.1429003988833362,-1.7753155734882522,-1.1943890308164673,-0.5869675581882311,0.1502088528294496,-1.0603809049617006,-1.342794580457853,1.234220988228618,0.6333014871680931,-0.9301712948128176,-0.2616259653374062,0.1428886520515772,0.3348481937842621,-0.0652280906318543,0.7450244389645051,0.0196878557903786,0.6878948637674154,-0.0846919685703673
SYN3_0832,-1.837157924137332,-1.8467666929298936,-0.8973722583629765,0.2082673037222653,1.1575561761453637,-0.9726526075740648,-0.972640570265626,-1.0783894880938398,0.8862321991357451,1.9792748519997376,-0.1252099020042472,0.5268776871452281,-1.489460203369278,-0.889996188754571,0.2441286920284629,0.1933518529010838,0.7622585667805443,-0.6976208754914263,0.3454011340206191,-0.4718346346795736,-3.580292898216675,-0.7002537109851777,0.0522413077091891,0.1106991441736784,-0.039855615103449,-0.943570126462477,-0.0332576328247832,0.3324382061086817,0.1811891002124445,1.2183754805195863,-0.0361326212088868,1.2865090434076685,1.9301615701195196,0.0921074162725805,-0.5968479578198044
SYN3_0833,-0.82619683791835,-0.4309959176511177,-0.6240682634958856,-1.3741718770576534,-1.5796219072844069,-0.8826049995242462,-1.756457205437736,-1.2451845875684182,1.30095704921499,0.9853245702815936,0.5860568119854561,0.6146340405897525,-0.5335840883484471,0.0727803036456387,-0.5813041429812894,-0.2752907473468157,1.3424086360940393,-0.4178258946624561,-0.6750155628699954,-1.067925804130578,0.3729351236289046,0.2139534585668943,0.0961293530362402,-0.304046568084717,0.7631193032192901,2.345668418354022,0.7556826478804392,-0.6764498900354067,-2.445972819411464,-3.1612905163491005,-1.168751600082702,1.060192227463363,0.7663466639808519,-1.117527723665836,-0.5607257693330104
SYN3_0834,-3.984265223164151,-1.4361672764431783,-1.8935354397261317,-3.007326259619374,-3.9124401485281535,-1.288370212717951,0.2221725316798623,-0.3644494561368033,-0.7196567914043042,-1.602227964472154,0.5770147427180335,0.511851468629745,0.8787826630361381,-0.2292775934891679,0.2078814494130417,0.086627683407168,0.1944584012842732,-0.6259185391587829,-2.5746241876786438,-1.4423630708512687,0.8232432677483178,0.3748780205091604,0.9779086379763754,-0.2400700482954914,1.2698939259029622,2.3096504480708915,0.1712325579849185,0.121710685875102,0.9485620851370372,0.2223039581077437,-0.2787293160060973,0.2466793574793003,1.6054342643734405,-0.145529799743162,-1.2644365763417584
SYN3_0835,-0.3842191536860359,0.013050739093619,0.4299493790834961,0.2570496287735263,-0.9854748176588318,-0.6901198717156943,-0.8026097000320589,-0.5629804249850043,-0.219603852784211,-0.3066792058220022,1.0289009945584842,2.1161848774026955,1.2910540302123974,2.0855446936966486,1.3073103609556658,0.8780030348546307,0.5102273849451395,-0.8499175065961239,-0.3716195225598986,0.3648901146853398,-0.1372517195071546,0.5320278865724364,2.3063646567490714,1.849155119635569,1.017241322779414,-0.5167248105630284,-0.5363369322658785,0.212068549434053,-1.360941067760662,-0.912580723909372,-0.1321677682979933,-0.3088951994107465,-0.3401827982742642,0.1324087476595227,1.4217347039130157
SYN3_0836,-1.053132710887481,-0.9920729958173818,0.1131430757990464,0.4817936960342921,1.072763710795268,0.6665571130067363,0.0289459609164163,-0.0779646755982248,-1.839900930938717,-0.7659589272138086,-0.5764453840722336,-1.824482779838654,-0.2615953986128853,-0.2945411352273169,-1.028664153415965,1.0992734320576316,-0.5732400955879711,1.4942228745597876,0.399917792623254,-0.3605107600536199,1.7576600234467992,2.862162038097162,1.178462192642744,1.0374917093380496,-1.1510558197528349,-0.984675637243518,0.1117459428984972,1.0634894888159,0.8881051629708966,0.6414803364015781,-1.6555098354931337,-1.8153117980510765,-1.3138419275330333,1.3388516915030066,-1.372218730149162
SYN3_0837,-0.5404769412078311,-1.8598377787168905,-1.1939273269944848,0.5814716212600558,-0.2180490144229042,-0.976080799103745,-0.3288076319612586,0.929691401138686,1.82146177907402,0.1602498656892469,-0.0163183322698301,0.6078549587409678,-1.687261853933824,-0.6608807542643578,-0.9685442916820762,0.0282109997857299,0.4783188674452708,0.4664964624626439,0.1716235005865494,0.4464706249562557,-1.2156450108018086,1.018803246277241,0.5273701875979259,0.5914589206827775,-1.4811599437164311,-1.200282016386902,0.6895485325019701,-0.0532137021669714,0.6628020874233139,-0.4285370913437693,0.1694967899203852,-0.1325551021555478,-0.2208386496895762,2.005409323284235,2.2392210135508392
SYN3_0838,-0.3587513691858481,-0.1185141434950017,-0.1821146386868397,0.5606328505887431,-0.5156950065561361,-0.7628048625571783,0.5167875574874273,0.3846199825733926,0.108791409287107,0.3364285609859528,0.4252393715351432,-2.46346980102854,-1.8872220722079127,-0.926528236537288,-0.1610205547494927,-0.0924799530814255,3.2278139428381656,1.7778770881682138,2.075005168330477,-0.465912124259415,1.209280842666078,0.6317176556193739,0.3571919657743023,0.3410142875734289,-0.7362157619479512,0.5888872070309753,-0.0611900844752621,-0.0157908589048634,0.6041109904048225,-0.4072701074773426,1.7572068175894724,0.0063964110413888,1.3731198080914933,0.5591730439781146,0.7012533783831795
SYN3_0839,0.5641312363497913,-0.929558886915435,-1.041028983312836,0.9508174280721212,-0.0059453526644469,-0.3324056535121464,1.9752763798634705,0.7937565389842308,2.842158196835176,0.8140239930976552,0.4385543325804506,-1.7728407879721084,-0.8479125129608797,0.6415556881460863,0.0262664696461913,0.6629493518768881,0.9268962309080924,1.1606038058067936,-0.2476182431935278,-0.0209771480768294,0.8833082022917915,2.785160342890488,-0.4837381634226069,-1.1826358680597762,-0.5163603752642872,-0.5466829114808535,-0.2180020325013352,0.1560254215329096,-0.4533819632878338,0.1281117747404584,0.1387257099557047,-0.2145415730004308,1.2707602236220146,0.3617793157229214,-0.9152128438394708
SYN3_0840,0.7828181653366538,0.1332899149834513,-0.0433255126873111,-0.0719800726157799,-0.2318557526513757,0.5668102677707333,-0.287556349749308,-0.1417886119334535,1.4673832359490455,-0.0610461788842898,-0.5869773784921409,-1.2147450878783526,-1.3403449075379954,-1.2338454850668477,1.604252362413537,1.7000959058523066,2.794861944511393,-0.6831542261953455,-0.1710698398968976,0.7481462639405163,0.8056588020781782,1.0374020768033088,0.5754799325011317,0.5947014259128355,-0.3073296469617596,-1.363898662427079,0.478513938766773,0.8941751898287067,-1.3575392416329417,0.6813348847667642,-0.2784938502995516,-0.5296454730708152,0.6219647719784952,0.8459840403389938,0.534308612112627
SYN3_0841,1.5965224590313798,0.4906117488221014,1.839319562891168,1.0635912731430683,0.3449765847236024,1.021928874733013,-0.1696822495821224,-0.077121736522346,0.0195091394113942,-0.348609902447677,0.7996261050808626,-0.1964350563747017,-1.0584362456878402,-0.2688677751674704,0.3973029713173707,1.4852371327555738,1.1723772049564702,2.1330410501680377,0.8538629185423828,0.5468604668120305,0.6856185469957318,-0.7960920894738344,1.3475144820153842,2.119216433727109,1.2080669836210902,-0.800188031154951,-1.3096437401974372,-1.340783853778005,-1.2743608113578415,-1.5180109834505742,0.8839436612310642,1.5618239252986017,0.5237494361809366,0.4351336674008054,1.7043249181959814
SYN3_0842,-1.2353987009032286,0.5326185659620992,0.1806461799847621,-0.6824291331405973,-1.0760810112789478,-0.4174781879649017,-0.2096734827219269,-0.5328601584094613,-2.24777137005481,-2.3447957135026183,-0.7372230788893587,1.6475327565811142,0.2879217107003514,1.3908417150636752,-1.2506840881410883,-0.4961291831907236,1.522026155318042,0.6711661908947457,0.9878447664316948,-0.8307948460862249,-1.95482009081839,-0.3163685939286446,-1.2324210084891127,-0.3522577334001344,-0.0169154688185744,-0.8725306173000815,0.2318998988019313,0.6377257805643488,1.5496505283729385,1.8543092256937204,-0.0132477779710199,0.1420840441277758,0.4689695809663357,-0.3939635552175023,2.098419826827272
SYN3_0843,1.0512668485818133,-0.1973220180478767,1.0815211686557795,0.8545424942486357,-0.1016645500664878,-0.6749507215543293,0.0285832242323746,0.9955772925979304,1.3473704197833505,-1.3863960137292202,-0.3497667126482169,-1.630375185868623,-0.3463488290432035,0.1831843937796966,-1.728256351644287,-0.7326207353633782,-0.6207785732530583,1.192329202707291,-0.6110744053130139,0.0310564746085296,0.2982939723607314,0.4170612600564963,-1.8109884262253535,-0.4358749311431088,-0.6401444523944964,-0.1126644698384623,-0.7131805251579632,-0.4471750385115075,0.5021289970749897,0.568308198545452,0.8973138762858458,0.951595040883419,1.8029454621799368,0.1267943528734665,1.1371758073188625
SYN3_0844,0.9389668257167618,0.5102371399859664,0.4673188868110507,0.4861476365158883,-0.5835151981181071,-0.7204460925984477,0.187021326894549,0.2883811862662609,0.7803205971750142,0.0731746671683018,-0.1771295164400727,-0.0578380375520965,-0.3238637178551472,-1.5316042046926293,-0.9207737141330908,0.5142187997336832,-0.0560207769173375,1.3939381446059524,0.3321492602625145,0.5378481818358289,1.56090697844572,1.0550476659047432,0.3640329106473885,-0.3788007096551271,-1.0750238058453958,0.6246642919663655,1.9191491449064808,0.6375539220786336,0.99721536802211,0.1564802262738943,-0.2685906797041865,0.276427992271941,-1.1580190807022732,-0.467481182302153,-0.5962411602544198
SYN3_0845,1.4145113881151183,2.4160794166992714,0.7703372258481194,0.2381869158449892,0.7696415760385115,0.1804754148370465,-0.3574103335649973,0.0560480394971029,0.544331724754702,0.707702729097438,-0.3966881108203648,-0.1514237299052737,0.1449554662298965,-0.7589175080638015,0.0880569207260038,2.4533996867163754,1.7969490805585937,1.0580104848707923,0.3446021944443516,-1.3584571818402205,-2.1401333894179984,-0.3327467571994804,-1.336208434251586,-0.1481202591577127,-1.024110809158987,1.5139102113705696,0.8848421966631249,0.3686421617206871,-0.5388148870107151,1.2956133444974924,-0.8795825523056289,1.4180946580801637,0.1566894322947944,1.461084028666671,1.2771148959229224
SYN3_0846,0.0247589249238191,0.416284742933253,1.9151513247322705,2.133044937514616,-0.4992305519885268,0.0933526531003432,1.9222067036253063,1.779639304454483,1.158494420958749,0.7674384240638785,-0.7188864436470401,0.4016977063292451,0.6696863284686589,-0.3955395143824028,-1.473868536265006,-0.938111131489764,0.454876122872667,-2.388119494188412,0.6817757414612038,-0.0687104864259935,-0.6268922331532503,-1.1262936469470093,-0.3760220688246384,0.43044733415385,-0.9256713379938214,-0.1004367734413273,0.39325625669767,-0.3552095884036286,1.384612018512728,0.955819726783961,0.7138964621060617,-0.8296019702830724,1.3289269347356811,1.0273951528787064,0.6387621666687753
SYN3_0847,0.4714031903532193,0.8066941842349147,-0.1114346849664693,1.0682783566204477,0.9289467218090004,2.2990919362205817,1.5587157809093626,1.3060320338065186,0.7206053288158802,0.5175055572085691,0.0746914294888688,-2.005511581916038,0.1936250528433944,1.172287261821357,0.5216990525420769,-0.2114914464643137,-0.1809054595877444,-0.094530511010086,0.149176184410525,1.961274599103443,0.899860299876331,0.069272539548218,-0.4965795169714981,0.3617415647791651,-1.412138035729502,-1.518498915530066,-0.340873815235951,1.144848171438244,-1.4131283905845,-1.8236838409100091,-0.058768776229247,0.279420135146509,-1.083726353659118,-1.0462479368076465,-1.3049691709105593
SYN3_0848,-1.720357057478293,-0.3345232834279643,-1.0059031547929316,-0.7412576746480604,-1.8673232355650515,-1.901845475330918,0.8249466723989055,-0.178881110681129,-0.3765056596999346,-1.2118008775562348,-1.3924719750821577,-0.0817917930250258,-0.8800192028687506,-1.2283705808151706,-1.1926852563681227,-0.0328241516870818,-0.1471182686586172,0.0568446864952808,-0.2256645820214774,-0.4583044204486693,0.2424064420486021,-0.2939903709601369,-0.0149268726726029,1.1219036764974477,0.8550016058012351,-1.620125501026353,0.97754027899691,-0.3505797237836951,0.8117033512401236,-0.8570873728241791,-0.403731568105362,-0.6667931493644359,-1.7948676188342811,-0.8607005074930703,-0.3038569364096124
SYN3_0849,-0.7829925123184086,0.0371961958709001,0.0040960611753009,-0.1827904121460227,0.9567969057368988,-0.6033922241206328,-0.3465558771835387,-1.526914212129707,-1.7389735043060837,-1.0229476501031671,-0.3338339070588261,-0.4579077000424474,0.8881957441043259,0.7208705527943612,0.9983068115980912,-0.1601993323588419,0.8121231191796362,0.538323572603574,0.6814778433634511,1.0676436714720623,0.0554071005337662,-0.5627831167228206,-0.3076164038355218,-0.7866254283763255,0.3576068849033486,0.0678109462734653,0.5140462273459256,-0.1883234175217402,-0.4323857039056062,-0.6071500686789395,-0.0214347990750584,-0.4732852208912305,-0.9484673369993633,0.8482580195307918,1.6959455825998586
SYN3_0850,-0.848574171982301,3.057833988374853,1.6710182005529166,-0.2351130667949537,-0.4520488287496687,-1.3883493291817566,1.3890330652658218,1.5745110510791192,2.3686664578991072,0.0614321779144148,-0.551081186267328,-0.3006232236386329,3.123390229958056,1.8182484734557145,0.1399442284670566,0.1054183996470159,0.6019662654615145,0.90153475342508,-0.2761891570884109,-1.84868386127774,-0.6626930237705821,-0.6321579557846015,0.4310217592649489,-0.293491646679987,0.2569354859618523,-0.3891830338316877,-0.2314593493562228,1.33575456594818,1.1719223812864092,1.6672492619060493,-0.8884669873613178,1.5285754366311202,-0.495047424616413,1.2806724855977665,0.4613457788979654
SYN3_0851,0.8761165719585828,0.2955617918417672,0.7928343889465024,0.7806319778305814,1.185343920419648,0.5177011504771121,1.2753368995952907,-1.093691918698947,1.5967613962096177,1.5319220819746335,0.9942345111691048,1.309664216838394,-0.8924591089447037,-0.7146378172073627,-1.755177885529221,0.4368101636607626,0.4877991622265235,-0.3042971715802996,-1.2854390757080454,0.0834744257341625,-1.1312329675681707,1.086239582175798,0.1602246906912998,-0.4971203965605208,0.2999339634709703,-0.2698682057086044,-0.9382522890226204,0.2394098697926282,-0.6137513122856305,-0.6267965363605239,-0.0084902246719068,-0.4252437911706857,-0.3125002293619107,1.771570463853142,1.120212111642608
SYN3_0852,-0.600335522192221,-0.1215537579044274,0.1734193165685885,0.4433682640636232,-0.4530185562789658,-0.9820090143337376,-2.7163961129623657,-1.298848198399679,-0.5821834295995086,1.3503382717983223,-0.3891040547650835,0.0571541640380294,0.4386236395439328,0.140038216611667,0.3365908852281488,2.159592231064712,-0.2179913727558385,0.1952594230954764,0.0296453755823036,-0.235647201117869,0.6751622987435518,0.0228030770162405,-0.0442872671755316,0.8627714149688757,-0.6583371325454915,-0.7771627953394362,1.2496194356142776,0.7026694991078247,1.4223556042593413,0.6730002153292258,-1.087422252307815,-1.666173975103322,-1.6501678199556415,-0.4557546978229779,0.173617961510724
SYN3_0853,0.1348704813879032,0.3917588263955324,-0.5203966790362599,0.4420976092092976,-0.8867170874467064,-0.9921183593647576,-1.5023799332780392,0.3031407310959015,-0.187713373526516,1.1192165994980023,0.5520794122239782,0.2147681442178052,-1.0974604020418746,-1.5752572987449385,-1.8522287113697085,-1.1515060658768836,-1.2879352443553689,-0.2261995209109226,0.3821037745964577,0.2842644114307838,-0.5840472894702425,-0.3609495331826407,0.4283556121916003,-0.0613670509884749,-0.0754206049444486,-0.1590877385529997,0.4740211398850262,0.0020592727033273,1.362308347508903,0.2846349591589339,2.0487140981628054,-0.8530651131898055,-0.1165422385766692,1.1267418391572652,-0.8159649638638515
SYN3_0854,2.105205157377116,-1.22589843606515,-0.6513451514555085,-0.8284986180697484,1.3610335858488078,-0.0984421741133387,0.5390104549009261,1.1786013482802755,0.4042577106790211,0.9428055662899074,1.130150241516643,0.5666631207988295,0.1137964440685609,0.681307568216681,-0.8573320950481493,-0.8153161674425675,0.8732007737045312,0.1376791454082939,1.289328749988497,1.8127278412326429,1.3225705621977208,0.9898396873567912,-0.4507724256080396,-1.759779343073144,-2.171106358503072,-1.2848339882894777,0.0896475297865966,0.1630760757103899,0.0412303658209257,0.1502471785731136,-0.763473374144756,-0.2862997959048893,1.082321106017052,1.478629143530081,0.7251676327062186
SYN3_0855,0.3076845924219674,-0.011906593896731,-0.4177097918393428,-0.8208643753063495,-0.0119002879204463,2.0019323200967647,1.103967678859759,0.5315738147445526,-0.6274515991027978,-0.8032237733796981,-0.8833539989693383,-1.516680932665301,0.6140350723672132,0.1525561199677767,-1.61537895018362,-0.1020203615091256,-0.3989853122208435,-0.4037587578493075,1.113097697149352,2.204142567402028,0.4660604390643651,1.4267889639216271,0.9698010473327248,1.716174206919317,0.4595071107571951,1.105122557263637,0.2482509099536283,1.0608445357962772,0.1081558288785434,-0.5490414032525877,-1.0649542643619874,-0.9209705814602692,1.1127654844103607,-1.4427047179485384,-1.510611942863428
SYN3_0856,-0.4471552656056953,-1.1385442197791789,-1.1681940307685406,-1.3832797243717248,1.0110784605694552,1.592091064118253,1.1943969693427816,0.4064639592051394,-0.5098975390899038,1.900469779454632,0.9231367029356072,0.0623043757452433,-0.1474764769733261,0.7823349887200756,0.5133606082534886,2.6434378488244605,2.457928762239904,0.4963034637534183,-0.8125557381967338,0.7310220624188973,0.1977671015270711,-0.6359702345229767,0.4258015370839533,-1.6456500810916748,0.5413914084589461,0.7977701839117484,0.8471849003606418,0.6564707412000342,1.1899359397334712,0.2470428814531967,-1.15844357253147,-1.7153611613984054,-0.9176124140560378,1.3214831953262964,1.489248668562733
SYN3_0857,0.1284257558747276,-0.2431755237606485,-0.7625575745665727,0.0877230985488153,0.6885763023842365,1.4632039682497342,-0.6288502426246602,0.4502661179666133,-0.0672747269831874,1.2365808688554998,1.08778817986093,0.680995647506827,-0.9868259049236456,-1.7651838648002205,-0.4188969019744018,-1.1934421281437455,0.6118384649876858,0.6094891169497768,0.2519166422626885,-0.544522102155411,-1.1560865438977517,-1.3453174631215874,0.3688164181790744,1.4794004619149683,-0.1761096558014072,-0.7388860630806394,-0.6795305910771781,1.0340216062600311,2.1150593697678888,0.497377469915317,-1.1071747388018311,-0.5578310465534656,2.3011552964751987,1.226307215226902,1.5586991912465946
SYN3_0858,1.3858578676124618,-0.4084712686131109,-0.5382178455433669,0.531849775472821,-0.0138194448297557,0.1849615917371613,0.748125115564056,-0.3562118652239032,-0.3641207889613757,0.2410933982203448,0.8912388699476392,0.5821724607519145,1.1660364108087522,1.8300729167317045,0.1761044663570981,-0.7496935742819584,-0.2335909092298337,0.3804234009324899,1.289629427058108,0.378796363340476,0.8675790271931001,1.0420096554351117,-0.6583373981055922,-0.4903137429176795,-0.8021736255475787,-0.9418513532913856,0.0069862568337784,1.623333982454544,1.3128594607028992,-0.091912816400335,0.9408991718027055,0.1342502825771273,0.3407543539446163,-0.120494023737957,-0.4914021470874221
SYN3_0859,-1.1449704883626588,-0.4872088848266916,-0.8057145970932277,0.5640558557594152,-0.2530265810877454,1.0960389902664365,-0.6916892549871935,-0.8098266395088316,-0.7327550635311068,-2.051075495105665,-1.0990685020029178,-0.3400025701486265,-0.763969338076057,0.3925759159290349,-1.2940754353036437,-0.6167302424012536,-0.7105651146972783,0.0448304712096586,0.5124745535707932,0.6620118510886349,0.3088961325198568,0.3213522963040369,0.579329065213711,0.3155257183710084,-1.4565049761450162,-0.8232089487607639,0.7899153115897432,0.3919787614515037,-0.6328415964175415,-2.591778305292816,-2.652385786266381,-2.1151857131671377,1.7295841094420423,1.51721953075182,0.956881578962692
SYN3_0860,-1.3891273845660816,0.3471817650727052,-0.2984414782005515,-1.203702239079602,-1.197509266125238,-1.1254139467264814,-0.0825041474581283,-0.4924353560689999,-0.0419738249712115,1.0205763217699722,0.0451180931320386,-1.4790881649139074,-1.1594356967882549,-0.6930006513971899,-0.4793705138919802,0.1995896777093707,0.5789533288221768,1.1831003006169738,-0.3199890596435319,0.5868160763629744,0.3872004181430815,0.8352765332570665,0.0453286289323782,-0.9971999363725556,-1.0999778867805066,-1.349420692099226,-0.9375743101167696,-0.7477223675236578,-1.1249763766563812,-1.5007731787088805,-0.6257254339830468,1.0552910954071897,-1.9646708250735057,-1.1629915602117362,0.3439390923064079
SYN3_0861,-0.5597557013846893,0.3943878685988731,-1.3900865250083296,0.5226997943464236,0.1168730970702739,-0.1674759140295869,-0.3452347946957603,-2.306129470662223,-0.1877844580998557,0.0855901169444565,2.5939030728110666,0.9889896556390648,0.1152673837157698,1.0877744105058238,-0.5210834382614202,0.2449974528353779,-1.2254253214455704,-0.6926290319745213,-0.2147986581900597,-0.4395059873340423,0.4684409444636659,-0.675633939614411,-1.3192875184675823,-1.7404446081352858,0.0192843125048207,1.345817644745363,0.6687536919841651,0.6960160769952201,0.5717365483986773,-0.5945987021224572,1.1398900517875916,2.5786952940646843,0.0139564459646119,1.8537195730129528,1.2521506837777496
SYN3_0862,-1.4530909170399129,-0.4545743493295416,-0.6299411659685955,-1.7781034553523405,-0.7951413063323157,1.340437395391065,1.4454245634071043,0.7816162955631184,-1.0218370018698515,-1.1255642494937832,-0.0016233100921727,1.3425609902038047,0.6071083362760579,0.4681662913281932,-0.3040565366592441,0.4956440896622826,0.3023901010894592,0.6705979486319645,-0.1828723514693012,-2.3452920997571733,-0.4036582320252982,-0.1825187711360708,1.8413178613264345,0.1741982856447047,1.3220942827137157,1.9580872787762615,2.740263521246987,0.961809481886943,-0.966242435299978,-1.0825985980745452,-1.0441605906068998,1.3668911556836052,-0.5452824898394523,0.359360334125445,-0.5294141487305442
SYN3_0863,-1.4988707094279654,0.2381022652809044,-0.8401806197859454,-1.003747735199343,-0.9245297737878698,-0.9505530174810412,-2.3924679161537394,-1.0513359750710027,-1.069623658773625,-0.1996550306916726,-0.0717655426765932,-1.0863976571386107,0.7094540692737338,0.0300710620439804,-0.7747969854609519,0.3833937243957582,-0.787733377391607,0.9197204696991418,1.0981410023883178,-0.9367448015860078,-0.8471032115605268,-1.4932574450734788,0.2275848883411997,-0.4547168748886119,-0.6938264528580573,0.1083264338231012,-1.08161269272712,-1.7084091347239612,0.3256002645299541,1.3147503457303105,-0.9999179240410316,-1.2887131322623082,-0.2456583671286319,-0.5548643469041062,-0.7578666544601911
SYN3_0864,-0.3119677227603182,-0.5871111105666421,-1.703598778927027,-0.1905063382216397,-1.6147402798863868,0.5488354193935453,0.953345096015496,0.1724994129677372,0.0054504413412915,-0.0759860819451384,-0.0993285298161603,-0.4511051929271785,-0.4777660936382093,-0.1965081122952954,2.1125063646047866,0.1545172798683786,-0.1055722070710432,-0.2253109098013377,-0.9392251253135574,-0.3150628461090437,1.108928385863102,-0.5539871709858729,-0.3308234528138347,0.0299008871763427,-1.3213146808999985,-0.2242470813600186,-1.2202455636729743,0.2823396533370911,0.97828023905585,-0.5131042415601722,-0.4159283013669713,0.4088736675667334,0.2763314920062629,1.32600056438282,1.4131744141024658
SYN3_0865,-0.4939576004084454,-0.0864751916986933,-1.4268122354705162,-0.1974151068731673,-1.2399806141947551,-1.8855246911061891,0.4831090543581895,-0.3628826438309827,1.0192002310822583,1.1033086813072188,1.0985038278088255,1.2519387716382635,0.5779494797255996,-0.4183224441944388,0.3730064859237835,1.7176903227378797,0.6929103818456702,-0.1514295090191029,0.499525533352641,-1.2904681725461835,-1.6594205446148809,-1.8446498123642656,-0.9667298656105924,0.7341630047217288,0.3713358129059643,0.463183595164422,-0.9085846415963824,-0.8801495356092403,-0.5266877585668788,-0.1475151340257274,-1.7600974229213564,-0.7411679425543244,-0.3692142267336774,-0.0582261991923658,0.6055897703643136
SYN3_0866,0.1819204173086654,0.4273814383991551,0.8124378093170461,-1.4511839235003725,-0.1588178980548333,0.7830006939788279,0.5111175434787967,0.2938071404694838,-0.8873998693691943,2.4299172619098868,0.6944885584318081,0.0657243998521045,-1.193435745624004,-3.216903118990918,-1.159557008094915,0.7645608915164236,1.8328082713990217,-0.4411648147023115,-1.5836080749038026,-1.3869470483273834,-2.302120529140549,-0.1879968406715856,0.1738451074223062,0.2924990700056264,1.364573361657362,0.7958469970248854,-0.6913331264091558,-0.1420225102673143,-0.3208924490778836,0.7210594514396602,-0.1713532359509589,-0.6818068327487531,0.6222952366128223,0.7370850169077099,-0.7710194763891695
SYN3_0867,1.184404160003894,-0.1477427910706492,1.4412000812380914,2.2354147837749383,1.50485963440937,-0.9128276744866424,-0.1471635805909492,1.412834410363569,1.216692063732883,-1.2172536450035452,0.2215533703956713,-0.3533911942386706,-0.2538276881791554,-1.1220237269708888,-0.904919775121948,0.9090370101350022,2.171212698499466,1.552449773751451,0.7345982046500781,-0.6749937616518253,-1.8369180973265355,-0.2681133511884606,-0.2488824225986306,0.4294659295184987,1.5350720773321718,1.6458510030406448,2.3703324716741894,1.2808989072699384,-0.4715742271041684,0.1401711170666113,-0.2962604674793556,-0.3204738166349322,0.1607130724788116,0.3969229902550996,1.026289129953514
SYN3_0868,0.6673544690633727,1.620669991352151,0.9869875438586392,0.6674150262011901,-0.3217289977476258,0.0577870470925619,0.4088628896735208,0.6652814913425248,-0.6817449403697392,-1.4397332933399458,0.3452585983575286,-0.7871615574350231,-1.1451718345924684,0.1351383493806491,-0.3789594209016116,-0.820436213256287,0.2366296002152817,0.6084337720940146,1.217178224515843,-0.1656225328075888,0.2008991273034285,-1.280696170870338,-1.3164098469124774,-0.3614438295050028,-1.2408510614994015,-0.668478236129398,-0.4883989164567247,-1.2718531389385317,-1.2946398901221643,-1.4259891655266173,0.2689880135149405,1.6601692193120925,1.0843784879968066,1.3726728183526982,0.5972917653776644
SYN3_0869,1.4224054228508722,-0.9123908405142368,-1.3541481850870425,0.682751868921564,0.2436921683662768,1.0133094997460763,0.011583338045056,-0.0750808064425575,0.8959578835647891,0.1428801661123834,0.7671301023814424,-0.5770401876365512,-0.8063296543504489,-0.5768277743836682,1.0039675094199434,1.878776327812916,1.6445769433938098,0.5613206239023864,-0.5275098051691849,1.2151219201590435,1.4941632822001665,1.091066195727338,-0.6961185817016142,-1.3811469642610932,-1.6643500544150902,2.576453025631668,1.7652380116138553,-0.0139591790584322,0.7368704998395751,-0.365819730158957,-1.091685155644568,-0.8991694959163165,-0.1592570634848705,-0.9958037947285682,-1.6177698071134223
SYN3_0870,-0.5758520476977402,1.5271436301176906,1.2621615411000433,0.1408027442434629,1.8547896320339232,0.5176723223027399,0.2706646542756918,0.7888278163638548,0.7152778763557581,-2.2262711908833857,-1.558584180219851,0.2019213552275816,-0.4169502212225808,3.1006797121574547,1.4301026692259124,-0.6934717545096424,-0.8453598924178535,0.6332395016791845,-0.7302905390709113,-0.6214136417378255,-0.7983915620422005,-1.144327033133242,-1.8826981827052132,-1.4179432338600635,-1.8901348172892405,-0.6490070373928724,0.3500425210636069,1.236051862061138,0.7465465429291529,1.560645357204782,0.4494299906653159,1.4315708420862423,1.726747734022638,0.8721801047488177,0.7599184599824927
SYN3_0871,-1.030834387927435,1.0862296236708755,0.2845132510177454,0.2078990702574998,-0.3395631684952492,-0.2794916261854861,-0.9420472013207484,-0.2000159564674789,-1.0240396910075475,0.4552982554073121,-1.014970534526228,-1.9201620720500807,-1.6625380789001936,-0.7548762566521175,1.8094540404553243,0.9823479155013648,-0.484231738824854,-1.0079873356113642,1.0325644432867556,1.3009650044205785,0.980502643802054,0.9347011381247652,0.4346406584606676,-0.1334051634119461,-0.4631851125587877,-1.699835694067615,-1.534696253976148,0.3399925709368009,-0.4414853947129203,1.564769917561572,1.2880271300689143,0.3756793598990447,0.1661236094464176,-0.2363070762530022,0.0822245640294415
SYN3_0872,0.9478464856852598,-0.1726263201415113,0.3238703122668492,1.679934161311819,2.6229333330781857,1.0501818234363276,-0.4936335376319575,0.7506620579802624,0.0960655159419252,0.2290503821872712,0.2462055886760495,0.1072673113918531,-0.6062617893007004,-1.6705038233432186,-0.992881817638156,-1.3992845983318378,-0.9873950552853292,0.7115397842768503,-0.3845214639643726,-0.1092878907581967,-0.110898950748739,-1.1921550048046314,-0.792302772420075,-0.0750129817898704,0.5242697157778764,1.3852917046591493,-0.9650106974246534,-0.2133371857673111,1.6746428182511066,-0.0967161371554058,1.8369002653778772,0.6624157971542998,0.6541269736783843,0.0223590348925778,-0.3597343839794651
SYN3_0873,-0.3602318923338991,0.2018137250450132,-1.4908099694703374,-0.7689210078786234,0.1780610854605537,0.3549016077467724,1.526479933419973,0.2794274134595002,-0.6416935046296206,0.9595904127988342,1.1114691947941504,-0.4615059840132563,1.0600872294798391,-0.3832046189248104,-0.0966126767991532,-0.9968630279895988,0.2638716816251817,-1.3191002333348532,0.2429034477158975,1.6204040812476883,0.3881842443395557,-2.0045069677060736,0.3168936616920407,0.117144009937189,1.4321997420507526,-0.7524817676186208,0.9063520229297474,0.1153209928852766,0.8377770491190077,-1.209010395391433,-1.5134035239329735,-0.4545825193466079,0.237002621315978,0.5567762554018078,-0.8752956007640393
SYN3_0874,-0.6272277897152538,0.5042805285166707,-0.6758546288121906,0.5951999963909492,-1.0297448688677375,-1.7481121730794904,-0.0173287825911316,0.906261528672828,-0.9141190736233932,-0.863365334550048,-1.377742192131266,-0.9377238404540684,1.1683133739232323,0.7159549170171161,0.9213690888944523,0.2880031180555873,0.1810915539888389,0.781780587509237,0.4171123702739578,1.1197609247399605,-1.1338438195942515,-1.6150614627597166,-0.358518594384485,-0.7271691934325106,-1.4283024152553785,-1.1038764327149524,0.4143615974407748,0.3697260263289466,0.6230205793762903,0.7871831662815985,1.05728267281742,-0.8024549470787401,-0.9487376911440336,1.9320163311065823,0.5664359467115773
SYN3_0875,0.1292718362241309,0.8340014501645174,0.433055487584524,-1.179244288411581,-0.4320732064067448,1.909369357349021,-0.836574102535547,-1.5100104481954153,-2.0622946573906886,0.9247034700797948,-0.7155315467166498,-0.399403773977669,0.0187227093388755,1.6025952792491196,1.93167732874244,0.2688469291632763,-1.3305975466239888,-0.5981861600960499,-1.265766604844362,0.0768621226602868,-1.4327197408166783,0.3716814708750138,0.2554952174108661,0.3902554737446189,0.24521424545981,-0.8957136294992437,1.1718899853211138,2.060613151753333,0.7101522698462767,-1.4569025026372455,0.5512115903577,-0.9181920106761914,-0.997141162718274,-1.7221217470077894,-1.1840800184672982
SYN3_0876,-0.3841883939712137,0.0640696448129075,-0.0316427555768671,0.3800059570507165,-0.9442643768900983,0.0055983839083042,-1.540459173516768,-1.690468100865729,-1.0150280839016903,1.0724757224595716,0.6889062615002403,-0.2072259282565051,0.0648674317929869,-0.1145569436877149,0.7476018943571028,-0.0551412745868765,-1.128476906231714,-0.7080056249984645,0.1980604903599577,-0.314699764638594,-0.9598929588833566,1.4155810482066746,-0.3789253575411499,0.4735038390602906,1.3243406281117829,0.975874910691124,1.160643519235746,0.512929806645592,0.9742930599859916,-2.449031988768944,-2.1258864918159497,-1.567011064747894,0.094725554413357,2.481470080156424,-0.3969231141673456
SYN3_0877,0.5101152198624238,0.3534197612282886,0.3857521925131886,0.0610155155430226,-1.2048553121982797,-1.8979841684872767,-0.8073609162352835,-0.6802137491400988,-0.2495792295288628,0.3197947004994956,0.4822478870564756,0.2384148756825498,-0.4874091507210589,0.0892867645229541,-0.7455591201993367,0.439693057399821,-0.982210128926178,-0.548223056703759,0.7128559728887613,-0.0866966163889724,0.4853597483381761,1.7344510460849718,1.152887292710016,0.1941930069335031,2.15666977037213,0.0516045685823253,-0.4598249296642575,0.1198721395679566,-0.415118476532668,-0.8661770723683797,-0.3977938749146121,-0.4180822753807272,-0.3490072877689713,0.8645760176186793,-1.1207791847109068
SYN3_0878,0.3584929082117545,-0.5442477100959733,-1.3757174402886965,0.1207810657788106,-0.7716443164857179,0.7205598732076713,2.3864329111340084,-0.1880568662598403,-1.604372250265493,-0.6313051507770086,-0.1339988309621999,-0.5193594147251389,-0.7354430645834074,0.108286209907955,0.2653914507596437,0.0935070289603861,0.9364923047121562,0.7858261720511166,2.0569554609863694,0.4643646549884413,0.7092118839509816,0.9060872718549798,0.8751121767113036,-0.0729832339255422,-1.5073333451271562,-1.3206652189915116,0.024102723431388,1.3505902966794112,0.5363127450108851,-1.0904099620894414,-0.3069532756150177,0.2880517295453899,1.1471064754766211,0.4777565704071762,-1.0498189001159766
SYN3_0879,0.4848991875681273,0.9572812783919834,-0.0344944037962281,0.8375653299734672,-0.1126174050944079,-1.1383083984511655,-0.7728379791651524,-1.1681570710128022,-0.1773252193593623,1.052847813954766,0.3884590934010907,0.6148390717863621,-1.5063210372981188,-0.4265756635538068,0.8670768312215562,-0.8522197166026043,0.1094922754314553,-0.6896519793576024,0.6553254365539555,-1.790883207748027,-0.1502045282461891,0.6999483617504811,1.8115655884391,0.1119584964082189,-0.248715604830585,0.1556733391856589,0.5014655787529255,1.1370656382818316,0.8229222835790831,0.6593876336872985,-1.3157126572145943,-0.1680399323955156,-0.1794618932973222,-0.7730556066874185,-0.0121769870109035
SYN3_0880,-0.1181038963502874,1.1814653937974038,0.772926626492352,-0.1681372888595258,-2.130263057645211,-0.7055657071506071,-1.4975146260687893,0.2076206657490841,0.5814483607800639,1.1213075672627164,0.072737875422097,-1.57124849313645,-1.2005708667279809,0.9013063476735176,-1.1131406031027269,-0.1405982306704999,0.0798947261004699,-0.7445144096286401,0.0092991457957629,-0.7505805163093141,-0.87884726478137,-1.0722256061231403,0.3754631983801921,0.7052012734048659,1.741707840971681,0.2138853472426749,-0.8297360738280529,-0.0562900441998832,2.0288119662212623,1.4690534153722363,0.2866181074490432,1.3011485634438151,2.0675894282425045,1.291893175285768,-0.3585688295243696
SYN3_0881,1.46797907449958,0.418493653100587,0.0926451531147113,1.2945007066345964,-0.3161862004009929,1.4482136218578816,0.2261593756674688,1.0395174810587222,0.0716690877032102,-0.8849464891556811,-0.3954339282044127,-0.0397979625140399,-1.5932331047024473,0.9485354246769908,0.9360695988726436,0.517327334149044,0.7756275943998463,1.7195339997496075,1.5070311921752109,1.500389382689988,-0.1969867384188316,-0.1331019986316675,0.6852234205150188,-1.435950559023189,-0.9453979133269784,-0.4484525746735123,-0.2154313979252844,-1.933409926923735,0.6563873196266741,0.2147999717753106,0.7285704035564491,0.8383524841429714,0.0306828003594133,0.0107811084413257,-0.664280525169689
SYN3_0882,-0.5518989716989259,-0.3275340119139766,-0.4415700022300356,-2.44835646466005,-0.7275682969844437,-0.138582063570058,0.639278264462009,-0.1389801142178273,0.6128491696868842,-1.0159829408214205,0.0218881573476407,-0.316853725986629,-1.4684021029161578,-0.0338231900070766,-0.0495471341330349,0.9904339763435978,0.481787855287098,0.7468619168295176,0.2693381679527861,-0.2231276108066411,-1.1860638367185887,0.0909114649537228,-0.9696133055496032,-1.4262329033481798,1.6996953091085694,0.4189871248647138,0.0228090164937324,0.8739808593461768,0.6750679576306228,0.8543140841211108,0.4460795184242398,-0.1949136067735452,-1.479182998827415,-2.1805019887313537,-0.2594119889886498
SYN3_0883,0.1280674428824194,0.403422651808873,2.6758841698509768,0.3260165795029737,-0.4217632316184065,-1.11370591025725,1.1816761885506195,1.2315930374055912,-0.3917177760879798,0.6955589860125923,-0.5625869493510419,0.9204640680835744,1.0217932196720894,1.1398620533423731,0.7095219930116642,-0.7663394433880025,0.003338715792488,-0.6990392892187777,-0.4313740529265336,-0.3636260278825317,1.266685422496506,-1.8556787743788044,-0.1697603690595628,-1.5413455090237935,-0.691877285304822,-0.3059534759931849,-0.4752384931713098,-0.2836116943207535,-0.9701658433396644,0.3763022633115533,-0.7232698089069669,-0.9325250086253002,1.2236972210487975,2.500381157113689,1.648872156743034
SYN3_0884,0.4228868870132777,-0.6064777558944142,1.5397883951476885,0.4927723195442068,0.515185912199959,0.509065522802442,-0.814548680925469,-1.056521776177557,-0.8684217187650456,-0.7497113266760256,-0.145811719182284,1.2211130997706152,0.0303070749827729,0.4531560534284417,0.3555780461077702,-0.1479579091503818,1.2956759808570446,0.9394395970350558,1.0842364446447823,0.0338792347862938,-0.4854152339814994,0.7902907425090032,-1.8954572784045056,-1.4924941554512774,-1.4031711041704602,0.2557511228685631,0.4652048194891358,-1.1253331085468354,0.2005476549689802,-0.499186580528328,-0.6718075916296117,-1.201525430619681,-0.9948159135735962,-1.0563432346257564,0.8956331295310799
SYN3_0885,-0.4249296371874171,-0.0320920330902311,-1.084770856302396,-0.4863758988969354,-0.460075307349506,-0.5253739172811196,-1.502600968327865,-0.6862683590486626,0.4664710261463213,2.04458361586553,0.6144094722003727,0.3834648495614903,-0.3039520886760015,1.4606708550220342,1.4218115542258003,0.5574804645208896,0.1474154121517443,0.7249425660694663,1.0263576106453898,-0.922005138912248,1.3923752654987516,0.0996804111697691,-1.7294539354576957,-1.0226639618651698,-0.783349422425302,1.3702594572558426,-0.0916630864969403,-0.1870289135391024,-1.3478969139116463,-1.2575743449803314,-0.8285283811537975,0.3115519382656279,-0.8582388059079517,-1.0210288363207285,-1.224016946820747
SYN3_0886,-0.7436479521317024,-1.1560447703976515,0.9668510587489696,-0.613131985769597,0.4767765951017023,1.1615754135054115,2.7294368109128966,-1.189826916782108,0.3030314293749957,0.8277460099778369,-0.483656053632929,-0.8033713022444426,-1.0101379527729233,0.1904245082579088,0.3726291214166199,-1.4266040256008157,-0.7633973755394642,-1.3153028088618386,0.086173346537372,0.4707658362321474,-0.0933617869010961,1.5807455137923456,0.1451920926722682,0.5197858446519863,-0.4387530790654051,0.5163090955994172,-0.0893490823601685,-0.9975338515383748,-0.6939386188441673,0.733203471575562,1.0219004854413396,0.8596401748667306,-0.492309468750466,0.6999095432399792,-1.0595104393856174
SYN3_0887,0.7071510778444033,-0.5977405684704803,1.3159288625266317,0.3106273494406753,-0.1074828531550926,0.0710225950903558,-1.4009484187073933,-0.2308285884753297,-0.4216368226392966,-0.4009792734666875,-1.0383845781416996,-1.580356728143132,-1.5202064385735374,-1.2943096491936232,-0.0224355590424765,-1.0117789638466783,-1.5107101394706035,-0.1200834124041562,-1.2680220599401144,-1.732812752462936,-0.8085550231611817,1.1630958845620818,-0.4300364058434815,-0.1829579774581728,-0.2733120809616886,0.0223562421748419,0.6889694218444175,-0.1454888866072055,-0.022835731821473,0.6777657755377811,-0.4195933106402891,0.1779972789150182,2.051663182303653,0.5208013967369406,0.5772697083995524
SYN3_0888,0.1161392371716659,-1.5245396409246632,-0.2309972809582543,-0.4613752707505905,-0.812985396405126,-0.4084654025371708,-0.0112049397302944,-0.5639676586815318,0.2038057091054986,-0.2055009701323961,-1.5643572940750192,0.634482814442864,1.558870620450564,0.8777324247391914,0.007718729540404,-0.8043001384669572,-0.129023439449981,-0.4826642935481933,-0.6834930080015095,1.1689230004899398,1.1485815939196593,0.3381277051773749,2.85094319865366,0.2347055987538109,0.7015481282492638,-0.994121012695764,0.5715713110158009,0.7732410076766909,-1.7133785529449763,-0.2576397429164071,0.0889891460749483,-0.0693513437322244,0.4526282155651192,-2.014505529330168,0.0326870339786507
SYN3_0889,0.1484987179560973,-0.9280874533705976,0.3199968575734016,-0.4895395744766776,-1.128038420002358,0.937699159100866,0.4543962421277217,1.3720693192517384,-0.8338038330640449,-0.706512689884018,0.9946218088132044,0.9049567883287836,-0.5705389335058133,-1.5124373211436897,-0.3999628038670548,-0.6141228163301229,-1.3708838846631126,0.3439958800605642,0.7351297868056923,-0.9287719800823332,1.0131878647083137,-0.563590149149898,-0.9682604429786869,0.1054704869904992,-0.1489148532253756,-0.0082790848306283,0.372516020175192,0.1145956454522238,-0.4316993041207576,-1.302735032854714,-0.1085324255062282,-1.0809607785524256,0.687632749150565,1.7687499286764314,-1.636600445348269
SYN3_0890,0.5718188985054039,1.0819919837905665,0.3409307321804943,0.6557891009048696,0.4665666155386624,0.7933804505029992,0.9086083622139376,0.8052292943930228,1.7311658896594293,1.0867995828461343,-0.5043026254997786,0.7784253750750865,-0.3919115046680696,0.815294660291454,1.4350163163872458,0.5809575025894456,0.0898059499567486,-0.6109037261831591,0.2180859220066612,-0.2724014842085398,-0.2924559179203769,-0.2823755110356709,-0.2960884904902476,-0.1524403239284437,0.7179328721313962,-0.8087334233173434,-1.022146635131259,-0.4906322680435517,-0.1601965783542372,-0.4279910398436389,1.5511531674412635,0.1967210196384635,0.584128559199171,-0.8758846225990774,-0.6185074021130658
SYN3_0891,0.9391609134353744,-0.4161206730522945,-0.2136228573061399,-0.6693305416034796,-0.5410803427803806,0.7035731723896274,1.971621973730516,-0.0145998838497679,-0.233707213828939,1.816180356280483,3.0389718491392874,0.3660455348825039,0.2585539241035957,1.3174802492288202,0.6423396599855177,-0.0553067349824725,-1.2989430074338963,1.2310353682736814,-1.142988173807581,-0.0408100361915758,0.8120314021151867,0.0420397969333386,1.0056658140907442,0.9012857674146914,0.5959725264654943,0.8047888667788466,-0.8035290366441493,0.5467912060842613,0.5699302051168104,1.1526340139210245,1.2308288258020836,0.6623693759498861,2.0767957888195703,-0.1893050914201335,-0.7421534951321487
SYN3_0892,-0.0295675877111768,-0.1321617270432836,0.7239648246091162,-1.3728202130413227,-1.8545253696030792,-0.1746599454475661,-0.9355890532731126,-0.7016193785980591,-0.6641063580862212,0.2752465323918093,0.0159237109517179,0.4972433430121318,-0.640179523547009,-0.3423036777404072,0.0416417290469682,1.3829356347989223,0.493633241419095,-2.068769424375608,-2.9536755246387307,-1.8256424702304623,-2.343894988736675,-2.229204224520083,-0.9588197406839408,-1.8901411391247465,0.5636450911789566,1.0142350933027369,-0.8222717451191262,0.703709908073887,0.31124174344254,-0.1862806231057512,-0.4217575747350642,0.3276777559243405,-1.0380716351227366,1.0975911427461282,-0.26349754808234
SYN3_0893,1.3204657700335916,0.206978073911657,0.5739468242102228,0.0840331957267572,0.0345079569310592,0.5814872905718339,-0.1934065173830424,0.221100099466546,-0.076741544197038,-1.254611985954338,-2.2596787038994264,-1.5054653373959492,-0.5612861803657985,-0.9897560430531284,-1.082072081390872,-1.0112548000220127,0.1590731659057508,-1.9472762592860915,-0.8862720187812135,-0.6789410522461384,-0.1788353383734956,-1.4875349328000476,-1.7965928314509525,0.0140342730933827,-0.2787946264101307,1.918395959037315,-1.9952864741027911,-0.7598150458218065,-0.7738325724698569,1.306278027913791,0.4498426923558067,1.9364816325487528,-0.5111396225965206,0.7028763676705486,1.9519873885871235
SYN3_0894,0.1976664656104728,-0.8460847465248437,-0.6204347228776177,0.8675933223431944,0.8280634910965073,0.4906203948916984,-1.3901342681558884,-0.0611090214308102,0.9026643486503292,0.540574986535281,-0.1758547198685124,-0.8196797597130463,0.0778185760887744,0.1255135645972623,0.894934654437223,0.4957558881277333,0.1458657572670072,-0.0020158063563123,-0.9172285482413032,-0.6889294474149552,-0.6550276272473455,-2.8760733953288278,-1.3078711256739903,-1.492695197998535,-0.6263999100133752,-1.3915166887457626,0.7792233858003693,1.050099651904329,0.5132851391817957,-1.2694633875006571,0.457078751780073,1.4550310787859173,0.1293132153922679,-0.4157067773363974,-1.001429375625847
SYN3_0895,-0.4556828658403452,-0.2762372172894546,-1.344780589383869,0.0281055234758968,0.6408796962237157,-0.4690683857924629,-1.2560217434141598,-0.2495280173152506,-0.1952320097941426,0.4053420295268426,1.3420820612076811,1.5082528899184249,-0.1731968639577191,0.1021991302398367,-0.1646043891712831,-1.7658565482879225,-0.0394196548221479,-0.8883023119929172,-0.6226479881869458,1.0889053945171885,1.1596562124078136,0.454808629517196,0.2502098027611674,1.220775821920662,1.297285620297487,-0.2586944960373009,-2.123043665509771,-1.0534768429861263,-0.6633473395988734,-2.3188065440263688,1.7273075436348968,-0.6017331285816038,-0.3273663548617612,-1.6085850793051983,-2.166606774511045
SYN3_0896,-0.3144907254060072,0.6362205067876743,2.421713103267185,-0.0160568805999137,0.310719685949602,-0.5864816728369797,1.510065299831196,1.8726797340122905,1.3953905878381387,0.927184495198812,-0.3324004654969267,-0.4237337846429267,-0.0197849517936155,-0.9742400810556044,-0.9544863421834456,-1.6316431895216286,-0.7296148681950426,-1.6921577355477704,-1.3138730580047866,-3.161733210799776,-0.0540755876974782,0.1008009926760644,0.1147976132043853,1.099279724179819,0.6545088234563938,-0.0631933359440511,-0.589504323110292,-0.9899815778715788,-1.2505107196059386,-0.5072812796532415,-0.5390591450964803,-0.2993985853317822,0.97557591228597,-1.1444447897195982,-0.3307163146492544
SYN3_0897,-1.1434309188345382,-0.519256063735156,-1.1094356252408115,0.3873719791682447,-0.159539348707557,0.8769159071191094,1.5929479119714824,0.1555056954188796,1.697532133343584,-0.4963718414940584,-1.7071418401178915,-0.3482403682909228,0.9022087057654504,0.008194425192104,0.9708144244879792,0.4206417689030068,-0.6741300627346509,0.533227821634836,-1.001462395057227,-0.1857289765801599,0.2597318716639925,1.8127462980733315,0.7542474549105114,-0.5921686884419078,0.1436204982981136,0.4134987497785735,-0.5835985192387212,-1.3153910736165226,-0.2979727558931839,0.4660475501484009,-0.3687599858626388,-0.5511247482854694,-1.410358299735399,-1.32821025634315,0.1361755823962732
SYN3_0898,-0.9469919435434822,-1.8374770359016084,-0.3753385431843661,-0.5891510544758858,0.4596297331693116,-0.2687143557124247,1.119916437031352,-0.2817478150567151,-0.2944992799162098,-0.3635350199411828,-0.9563121510518984,-0.6939891614272136,0.4477144387779568,0.7254097106409186,1.738780249114026,0.2462135987312405,0.8334801853858999,-0.2211822290742764,-0.6739220216990767,-0.4970662336058337,0.7098688740257229,0.2582092609710577,1.3611820031850883,0.2956610629947357,0.003427618846548,0.9758010321193258,-1.0739336524804457,0.3940117653747356,1.5115059288189618,-0.3392211647488004,-0.4586511300572145,1.1428244787664958,0.1539641098582652,0.7460946502437683,0.2929363981392843
SYN3_0899,0.319263953327114,-0.3431292316240718,-1.5797430189701709,-0.1889335744847795,-0.348787242092117,-1.0073357645245296,0.2502583834595095,0.0071302752078042,-0.1510141253314604,-0.1001907630205896,-0.79598392315906,-0.0694945123091239,-0.8654557082247252,-0.0473572528027818,-0.0112901235570472,-0.2300944708075958,-0.7191322921844407,-1.0152571806618056,-0.8597406709673989,0.110106321568554,0.5570151767533469,-0.3911024249408858,0.8995652664642836,-0.0071082409373033,0.5061248758508496,-0.0791882701683282,1.0608579144596335,0.5078206807078416,-0.234792832100463,0.5829600161508615,0.3418902223517171,0.7275441234621742,-0.8053794529660019,0.4501360736544896,-0.8896763740980557
SYN3_0900,-0.6993800829167204,0.4598620419483459,0.5684845853092971,-0.3879491602488631,0.2485329685371214,0.9384429325611447,-0.3340648958031459,-1.1173515987557388,0.0993087463213485,-1.2515800411698448,0.3415368516655748,1.0700476137947688,0.9873387310932048,0.7331087611665811,-1.6349629124577405,-0.8322362817833536,-0.8094765179937278,0.83082799066496,0.7361800139828591,0.5155227421617512,0.5779094099358383,2.1616661362180194,0.5878853960980529,1.1061706978730963,-0.458937583461969,1.93687191067737,0.3874594320283751,-0.3054838217966393,-0.1201311375642689,0.6301818379867267,-0.2782122592496673,-0.3200253560407465,-1.71795618862006,0.0314941009352757,-0.1780066563477623
SYN3_0901,-0.194997501840587,-1.261255188532546,-0.2940240885456683,-1.6051832602625122,-0.5377460017224257,-0.4248634985219955,0.0110933884798232,0.903025646216054,0.5305637418699312,-1.2988343847387729,-2.738968912135959,-0.3436003584907274,-0.161816469245798,-0.4025770327323207,0.5636313218932221,1.9901414079127084,-1.1491075184886423,0.1611844793628905,-1.0237260615339212,-0.7890125087112793,-1.1883749677189088,0.5860669998946986,-0.7909836120248628,0.880713261337751,0.2444839381398783,-0.254137193201549,-0.1230583993620563,0.0807094675690706,-0.9700083872175848,-1.650138294695838,-2.145509472933843,-1.497210332822862,-0.159385275634265,-0.2792851268011234,1.6481731649236913
SYN3_0902,-1.313774524235927,-1.0285929121388733,-1.1670792590160897,0.7176204288248481,1.2370979939243794,1.552485926228309,-0.2943933927905481,0.3181742208425125,-1.4818312655110084,-2.6724455199079773,-1.657198740980231,0.052871468607029,-0.4857015550723911,0.1980873378440225,0.6044604472441496,1.065229892278979,1.031972070095431,1.3229568416675872,0.0844236462652805,0.9978298773185228,1.0408503349251133,-1.5927281861312332,-1.2278148033179408,1.1818827020328797,2.260268181190218,1.1827606536699966,0.2178931214632049,0.356292348415044,1.6970509901031483,0.0813640762228204,-0.950860513228094,1.457462323525481,1.0501764326915255,-0.7613223105213703,0.1703253616023209
SYN3_0903,-0.1692965944663964,0.1179098338986676,2.4334485693083314,0.1717168070026842,-0.7357577968273669,-0.3198407251008211,0.6839668446035038,-0.5210218958491991,2.0883500850063474,1.2233961280289671,1.2204001689969255,2.085100199926317,1.1696509703868114,1.7792333167681784,0.4474561310650858,-1.3424649132704305,-1.6716264832247243,-0.4840817987142657,-0.8120258050367972,-0.0653406993068489,0.8890233713830965,0.9485276743463502,-2.278496301800768,-1.8838049696714905,-0.0819197527729481,-0.4521681921955845,-1.5022399306212448,0.2222302873565213,-1.247085815505214,0.8640368934388516,0.7239571430836491,0.0472347218290815,0.0474503139638478,1.927121653479208,0.1874236434176323
SYN3_0904,-1.257028989883889,0.0847759482900756,0.4332704762742009,0.6452670969436037,-0.593046555943238,-0.8593799156723401,-2.183705846887192,-0.7001338141459693,-0.5659802084564345,-1.7201834451326357,-1.988885377763721,-0.2958015831319371,-0.248611062732713,-0.0178300976263648,-0.5048000485192697,0.4719175394127983,-1.2787331632717711,0.3280631056707691,0.4130645312983955,-0.7162115315924541,-0.2927019004514115,-0.7616270150433471,-0.1810275768613862,-1.0333877358821837,0.4024935979320405,1.3644591523635965,0.3564399578680765,-0.3014123862126866,0.3666761827088795,-0.8825778283593431,-1.2845784850442763,-1.005627872013719,0.1317215953519943,-0.1222437076632337,0.2848374572265029
SYN3_0905,-1.7084326278346835,-0.5063648257544063,2.300670752637363,0.1716305567148841,1.2863715353053324,0.4253919451958506,-0.2460180779676165,-2.0273603150740978,-3.0277625670955275,-1.087997531103869,0.1440849809096682,1.8418295528776407,-0.2973830554528756,0.172899921927183,-1.7660865830721573,-2.2459209108724125,-1.352676291294305,0.3440526100980173,0.9676145083518832,1.7934747933145565,0.67066246534912,-0.8635701587819331,-0.0610988610738519,2.039793380290304,0.5439917909669454,0.8039655679772604,-1.526397717883266,0.2905502974839283,-0.3544564846872206,0.0316946185308416,-0.2123625725326829,-1.3763550617345717,-0.0743792184388795,1.0050332253575258,1.9222244033621647
SYN3_0906,0.7855355191123848,0.3164904531160025,0.5083233122025784,1.1419729287638916,0.5519562806435279,0.4541173030892615,-0.1631708398044487,0.0619365229017971,0.5544313195621721,-1.9767251528019485,0.4156285031060566,1.3477899979132248,-0.4182525837918573,-1.5084609995786225,-0.5735690752864847,-1.5503697958731029,-1.351260168257967,-1.80651799540004,0.1883877509670045,0.1844818308981344,-1.6622177697323688,-0.7653092563332997,-2.46200879899382,-2.438000596574749,-0.004419566542254,0.7954849182347511,1.5063217802986957,0.5023162391918098,-0.96053653374272,0.6470594554078511,-0.1800426775356812,0.6372701386547449,1.112010813302022,-0.3501872321197071,-1.14464072478861
SYN3_0907,-0.2896814563170624,0.4049226230582244,1.3987050073506877,1.9174131394848333,1.6071068529123271,0.3896968413022392,-1.2602503196205064,-0.4706404544311826,-0.8343520722686154,-0.8263458740953933,-0.032973949461885,0.7854557428301071,-0.0072364672321174,-1.0941689022390937,-0.2795310523080754,-1.159813061367175,-2.022476852840813,-3.025770953459994,-0.2335905280755954,-0.3306768045081684,1.1264709235366392,0.1126600112508468,-1.8459223789463295,-1.9019691697448853,-0.432489412661901,0.3570905226776111,1.4195400297319052,0.7132864223853798,-1.1097624142078866,0.2847469472107866,-0.8000407334990495,0.2415783030569608,0.1565451269892479,-0.6080772722874096,1.3203476903580462
SYN3_0908,-0.8034591011860576,-1.6685278596117734,-0.9183879174163986,-0.9727324643816748,-0.4007927998265765,0.5940189218048766,1.130527379620273,-1.5259722136176048,-1.5599628542042,1.1033009401189149,-0.0657717077297939,-0.9261181639317742,-0.9630886290516114,-1.2790301605618806,1.4170898597031938,1.144405405063329,-0.2490556439800399,-0.1662873626234678,1.2026495911879294,-0.7847870370344449,0.6601385791476932,1.2962229315104823,2.4324369085352133,1.780827360143936,1.2719883770926388,0.7286547686059113,-1.0052089941751674,-1.1429527238417143,-0.6312096043678987,-1.6051185049811334,-0.3226551583713164,1.3944020320794386,1.6403190848528335,-0.0404503727326371,1.7709296305073403
SYN3_0909,-2.191810465052727,-0.735542376010649,-1.3810598945640402,-1.772485194902648,-1.2960953917205842,-0.2830164660595741,-1.1053989867458798,0.0862804892739022,0.6000948093206329,-1.071942348145619,-1.203968165510421,-0.660416339000395,0.4460132017986091,0.2928656895863638,0.5045201537796612,1.2356131413654028,-0.4476637372873858,-1.7876270227383464,-2.2726779982894056,0.1979907315158201,0.5970784851060349,1.0418359066502385,0.5206399719330116,0.367116523947863,0.9369934876388688,0.7587808483929129,-0.3603267841052632,-0.2012464409888964,-0.2675381157365641,0.403450776813944,-0.2102461398227181,0.1499345208707163,0.7339304483580564,0.2677883169130012,-0.2495625423954251
SYN3_0910,-0.1802796714956205,0.8050762006115226,0.1755538844962402,-0.0908340929443333,-0.9418101653871462,0.8505529050543077,1.0177691889962344,2.0284740217852497,0.4051759941029779,-1.4473151392837411,0.2401059789275719,0.8845543122638829,1.7227436607867004,0.4140199387129141,0.1965014729963266,0.3327362259577605,0.2555069577526451,0.5075407743776519,-0.4981436619386758,0.3677632958684358,0.46482890895518,-1.6328184529938683,-0.5082821471322976,-1.4016518379332363,-0.0457979641713544,0.4025267316328144,0.0730690279209025,-0.3592232106392176,-0.3975056288116569,-0.1651752692364514,0.6892420762197943,0.8138015092619632,-1.2415999414783565,-0.400385461891431,0.703159483887355
SYN3_0911,-0.3756649268781553,-0.3439009066638347,-0.1210175922243964,0.8094295667682951,0.300767319439422,-1.6442959874573704,-1.1296798866171556,0.4058251767697426,-1.9299017453645768,-1.4108031895284177,-0.4151941671665189,-0.0612078902642839,1.1301479979548406,-0.2688549212969633,0.3543611163565018,-1.7129891127053205,-1.9288031905576783,-1.2723255269077798,-0.2875466725056034,-0.2998267688366461,0.0914286108997569,0.4086859924035892,1.812172289128659,0.2261429607999588,-0.912177350205058,-0.7349059500959789,-0.4780004212303244,-1.024454824629888,0.5804772528252792,0.8828669126904846,0.0826488374745562,1.3223071568793334,0.7854599964376113,2.800368319625934,-1.7507243131119623
SYN3_0912,-0.3462490469410941,1.1767710843394985,-0.1737879150558586,1.5213645252971928,0.4529082752000111,-0.7977042857390866,0.9224882054493444,-1.393977770539921,0.4797721782760237,-2.1296528717069467,-1.0323513618640416,-0.5985965777874205,-1.5080411458161167,-0.7838727686482706,-1.286153333718024,0.7683077168270203,-0.1257396823622966,-0.5933018752135053,-1.8380613729123496,-0.251191690149993,0.083801117815556,0.146726615659306,0.8125268594701683,0.1692949902225816,0.6104787274491064,1.804122222083442,0.4102268639211741,-0.3587352558208687,-1.2832727005564135,0.3286361118410726,0.4764168531651576,-0.2385603083159705,-1.4808139106121474,0.6925548567932075,0.8238486556873221
SYN3_0913,-0.4222968939601512,0.5802210557688878,1.163467474298876,2.171840387820256,1.1241137009196451,0.9178492382867556,0.0264584886737322,0.6588683789862845,-1.0682004044915356,0.34321062359958,1.6153834670002891,-0.3905402653832567,-0.9760399919363084,1.3646447310945924,0.3183632302072621,0.253821928962532,-0.562934946992124,0.0424719344175017,-0.735930331695777,-0.1472779791914825,0.6161392899894561,0.682181818177829,-0.2300391344240352,-0.9870445168811002,-1.269645757087482,-0.0316207343821751,-0.3506729482405632,0.2515512706422442,-0.1840677665496812,-1.5355803140490685,-0.1949047860881412,1.1866611141794934,-0.4770878539652082,-2.3942054416251275,-1.6971848504779885
SYN3_0914,-1.180415446699346,-0.648485291659919,0.5158141649549128,-0.7789261343660293,-0.934516239439503,-0.0937230434557911,0.8805524013725431,-0.3483168102869529,0.5200046151368165,-0.5174727355103758,-0.740501328760061,-0.3989109772490554,-0.3935329221653356,-0.3661847919225148,-0.207036963243936,0.3552665722534152,1.119826259211706,0.8240175578214227,-0.6388373619820576,-0.750206303255077,-0.5911852394576039,-1.728461433814779,-0.3586490888564654,-1.0323714150319574,1.256676501908227,-0.5043845924927418,-1.821161870730717,-0.3541456238433034,0.3063515324747114,-0.8015013211020561,-0.1040740147904509,-0.997175046183122,-0.5243123814674145,-1.227706194022536,-1.7474590039708298
SYN3_0915,-2.2950255151266403,0.0983349835705904,-2.122234706324245,-0.1241243471688336,0.3673284728009061,1.704660801665662,2.024841077222214,-2.3767556122951485,-2.26601160370907,-0.9829135869689496,-0.0069950471233435,-0.1839881924061598,-0.4873192619300373,0.1818093096795071,-0.7067805451116808,-1.9443495696734103,-0.5432382428523874,1.3057148447826632,0.938229418377829,-0.6743455903621299,0.5930705818180382,0.988049160894114,-0.0861331172222424,0.3238609739877892,-0.1265566727847334,0.385084057421159,-0.6996850149472467,-0.9481950184509016,-2.2221910923191213,-0.1652255389567814,-1.295590520883943,-1.3068319620555309,-2.5475346912947034,0.199080558333563,0.6143048815008081
SYN3_0916,-0.3610811992658976,0.4625752699993585,1.270262776598314,1.341560160892483,-0.128967196129301,0.3268761199196303,0.943463202752645,0.305624312410504,-1.8637877456553429,0.0319046681040193,-0.7617192095565066,0.3321307569807246,0.113748779831593,-0.4681617117199631,0.4690750882469817,-0.0225406681993649,-0.446498582487645,0.7343854574843361,0.9456581971037418,-1.2639497414522978,-0.1472103588491274,-0.118435751174558,-0.2713242120145461,-0.6488507257787947,1.6889279700115154,0.0190713950354576,-0.968015123197209,-0.4594342517817429,0.0520816949563635,-0.8806719346639974,-2.0844937955572336,-0.4138594465032041,1.0863350557431546,-0.2475680313110564,-0.1747750329819304
SYN3_0917,0.368203370728662,2.1983480697918205,0.2432599058199872,-0.7761737058857988,-1.147078967064235,-1.5116561955108176,-0.9360077859941532,-0.3315356850038482,-1.4493013070783716,-0.7825433837189061,0.0151142611395211,0.6953893473612435,0.8479416730260876,0.872240903667751,-2.0684837771755054,-1.9928380789277385,-0.590387091466135,0.9533832410915174,1.7839159256684864,-0.0356582165116242,0.8535819311048998,0.8274244390883848,1.3573427981231525,-1.5746912335238776,0.2587630356727593,0.4703012635382966,-0.6043865647600062,-1.5261164354095262,-0.3195608119205407,0.8701828185068251,0.5433706008327387,-1.6143266404574972,-0.9136796623660792,-0.7339642218191943,-0.480498045916841
SYN3_0918,0.4878081777282365,-1.249508671059133,-0.5699153751659095,0.7937695002593742,-0.0913846780285048,1.6097233875381245,0.3528616721635057,0.9439096015101928,0.8491999754142869,0.3202063104588618,1.3041496050782728,1.0748615292477757,0.7365361500877506,1.5053605627047637,1.1537496446817823,1.2633228734012751,0.9510627415539126,0.6645822920052143,0.2313773903830627,-0.8724088129751796,0.6437310565248859,-0.2386845784102618,0.6515747920822156,1.0528416136212084,1.831901771636622,0.3293506082616061,-0.3690524180955926,1.551941504943242,0.3343072608606609,1.003275295323029,0.7512031158161587,-0.5275553859560818,-0.7521495946758723,-0.6629296944949371,0.0679392402765865
SYN3_0919,-1.018362536963613,-0.954602170822386,-1.4121063783016017,-1.4749420530726602,-2.110779446503084,-0.4468888834434384,0.4738448140757171,1.4621958253661416,-0.8843369105308879,1.2509268025172764,-0.1617192914237444,0.8988871650342726,0.5021733447235885,-0.7462292811372931,0.3656150388975799,1.8051844626663949,-0.416430153146631,-0.7900935181541286,-0.6549752393133914,-0.4108654252231604,0.3175055883085939,-0.5373854953022273,-0.1899980918373325,-0.2385796612136081,-0.2679040873392688,-0.2825732487742112,-1.549262285530506,0.536995922416046,-1.3271393200518533,-0.6560009541709507,-1.114633080376452,-0.701252209154365,-0.3013283024090491,-0.9524923738283452,-1.8890116098997871
SYN3_0920,1.5854409679693515,-0.1166397716502398,0.5293776054782383,1.055537997284969,2.1891286650568254,0.4341346625557127,0.0283522630696565,-0.7917686754115782,0.2022616137637324,2.722087867536928,1.0619373253443392,1.0899468634807723,-0.598535808015455,0.081574361229638,-0.097163708604834,-1.3362037820873118,0.1160511604860014,1.1889099328651629,-0.5197457680491144,0.5780562695630688,-0.2292093499070362,0.2230673288290623,0.2820349490858729,-0.9380847998565234,-0.1219744137182758,1.0908764191100764,0.3963788697765509,0.8308714931047972,0.3279852389426337,-0.3366009529194652,0.7091004368189697,-0.4793449814382668,-1.3808579907187293,0.0743840080897145,0.076198346475683
SYN3_0921,1.5167557854064335,-0.5933018432701035,1.615494098548325,0.9793286502306364,-0.0165302353729405,0.9239042879469856,0.4073969456540219,-0.1083617744525771,-1.6592820798197692,0.3087180888304027,0.6691318619361639,-0.226831996858793,-0.4741610526653277,0.3006562476637422,0.7242419584728073,-0.1569790873105908,1.7166957964310678,-0.2273602026672459,-1.1443478852141449,-0.2635021108702988,-1.363192595720806,-0.5302508520409397,0.3068328051746425,-0.6890094363300332,-0.666291382004619,-0.3118045867597881,0.4271334606389761,-0.9069734673827567,-0.5721567462565682,-0.6197953545223366,-0.06215039514844,0.1167547765117288,-0.8781249959147315,-0.9658969477657392,0.659383783311567
SYN3_0922,-1.6780389601988313,-1.534563577802961,-0.7752138745380097,-1.1752549492763,-0.1594880467799049,-1.2229677742174037,-1.1428490291915363,-1.0256060528802904,-1.6393274379718057,-0.3056825521777918,-1.1274543772645849,-0.1698865887763475,0.1659663024519153,-1.783113465904076,-1.522397179171234,-0.9719486763586016,0.1608763912813036,0.8410283306479601,1.5613975934199875,0.2672646194838636,-0.0619821496207177,0.3822886668837914,-0.2177842843971258,0.580419399931631,-0.1800517329398765,-0.8619342744447354,1.1084207544237752,0.8583727295473322,0.9575762894821368,0.0499710865429619,-1.4855368622354377,-0.7287027172745081,-0.5778584203503482,-0.7561791577008743,-0.3470380001656054
SYN3_0923,0.6744018484024902,1.194144313975356,-0.0215781195409014,-0.879629662507221,-0.7398138211132064,0.0093433487123757,-0.0944588597597951,0.1240289837655849,0.4420220910113243,0.1332090452217781,-0.3437578770957438,-0.3589745180036882,0.6985987790667669,-1.624990407284989,-0.5708907657798904,-2.9050559497365818,-2.609607885791148,0.1138530123835437,0.1276224957086291,1.229754754490467,0.6077094727347595,0.930037246789115,-0.0996862791787716,-1.1593935787904757,-1.52507307323924,0.0542105547864322,1.0367211009919266,0.7849975999216564,-0.3414167430280804,-0.929981279519804,-1.7424716232646775,-2.324563924080257,-2.047834825309678,-1.640213057858657,-0.7398068654144387
SYN3_0924,-1.4234427221390742,-0.3513697584548798,-1.9201775727554695,-0.1686840142462187,1.884890394832879,0.9109404931889148,1.4591739715403993,-0.2230617955544248,-0.8180931058520068,-0.7312174407762663,-1.056870384431024,-0.4368820610244918,1.0520529075754308,-0.2385718620731893,-0.9675178464187996,1.1397412435062029,0.2232188446271643,0.5874884559249182,0.7468521984687612,-0.0625159950562913,-1.6904458395139317,-1.0966756026778923,-1.323950633546559,-1.821914832698237,1.2888405963853062,-1.6371643891907317,-0.555926978496976,-0.3725718129273683,-1.4069144459047622,-0.9286529408915258,1.0302618692804122,0.7125257726490203,0.4143373665702884,-1.700679638859955,-1.2872409331583234
SYN3_0925,-0.2097064397674177,-0.098968444408876,-0.0405877329050805,1.102363170317154,-0.7874507456422354,0.413869825586685,-0.5168004046030762,0.5617871093915453,0.1720782307500676,-2.2639915210477737,0.4302022036765257,1.43574061573945,0.303811369209952,-0.7061226965366327,-1.4336167264116684,0.1858438545180449,-0.5206946366481398,0.7061458369301841,-0.4832277391980105,0.8268496062159574,1.0228311872581664,2.4348575257764176,0.581758360964625,-0.6512648910654277,-0.2602616474854207,-0.8639888278668199,0.5125260336289797,0.5107881063500621,0.2718365217109018,0.8333524702270999,0.1274893183076471,1.8063469073090288,0.1303691717887765,-0.6783952511439753,-1.357833198632867
SYN3_0926,-0.5709384786317003,0.0406697657433711,-1.1590488524508156,-0.248898274613266,0.3662515235236296,-0.1620952349266507,-1.130063926252203,0.8349441884250088,0.9483070652969452,-1.6230529336905342,-0.4643968118263171,0.1868749096256216,-0.9852657153674524,-0.8246825634971705,0.1709555323624003,-0.503926423900294,-1.044600334600897,1.7281880198240631,1.8947012952766815,-0.7482450022456169,-0.2921996835177982,-0.3369191271924567,0.3536798251925027,1.5630644272652454,0.2572111054617491,1.299670661202288,-0.2232836704934673,0.1185646523901634,-0.1122739791264315,-0.3292534405180533,-1.476753607350492,-0.2217061454466953,0.0324224029869912,1.4160117527932898,0.110424453255974
SYN3_0927,0.3747646234006576,0.0203280508197857,1.578090212460617,0.0282004617835839,-1.2868665498261147,-1.854091148860792,0.4102455898861631,0.1357283853177463,-1.0433396485990678,1.4199484644914435,0.1338766891564285,-0.1043793716936415,-0.0294038796828891,1.3745002372420612,-0.344035894574061,0.204690675806192,-1.36547720155408,-0.6306687831521411,0.7578465678360955,1.6472907799722083,0.2933488838457567,-0.7461488045188219,-0.9480568872253928,-1.383940596251307,-0.4281974028267147,-0.2024485388595608,-1.3285046510194527,0.3739160227787346,0.4472330451858206,0.8365921157560002,-0.0851213638309294,0.6022044532363577,1.230713680455244,0.2629367246043903,0.4869758810574506
SYN3_0928,-0.9940394483585108,0.4545157750116267,-0.6879493693851554,-0.0164229301174579,0.9721145911667116,0.3964923314654632,-0.0870626715261322,1.5391981990082069,0.5697144465533049,-1.7638624596714034,-1.1963575966767672,-1.568271238694925,0.1631624574891352,-0.4022226085927062,1.2014218311003886,-1.25476536238584,0.4930244751255279,0.862397432191122,-0.0415624573266523,-1.9453601149967028,-1.1212365483161637,-0.7722040393118528,0.2169534697163032,0.4092003799092248,-0.5804930941808119,0.7275538989933052,0.4398270164375916,-1.074240001386081,1.4655408408405215,-2.3566106135478115,0.4598358084392883,-1.283865253367246,1.2300816743614131,-0.9142293007564322,0.829502911382797
SYN3_0929,-1.7588242331442443,-0.0414219974935691,-2.293342570938235,-0.7578588336146997,0.2069094469417236,-1.215821305977404,-0.7362104128501018,-0.1557421555597188,-0.3639814151892685,0.8485828483250665,-1.7497991561625028,-1.749948525795986,0.3176904779590551,0.2925221187040885,-1.3678946685545177,-0.553740382943572,-0.1665192228647732,1.2102740404733543,1.2137355508467214,1.1224802721567426,0.8788157488562608,-0.0824178601049581,0.2471276832310102,-0.803447403252779,0.7454151513052599,0.8602514121809088,0.5091513860542864,-0.1296856234088446,-0.510089809985521,-0.0863668466082378,0.3694666903724615,1.3805116357722165,0.5142056886659598,1.2272569066889585,1.123465918226192
SYN3_0930,-0.47894076797913,-0.001826688474888,0.4694331656626851,0.0611311666328722,0.5749135979617486,-2.3290190540443376,-1.2082120586418748,-0.2805745586906008,-1.4137381795404829,-0.017611793288144,0.4431877574606344,0.2088690096714516,-0.2412435673254082,-0.1626980108835562,-0.6119214231422849,-0.4951749636044234,-1.2192512060799976,0.0004319390523249,0.4559796637027329,1.4412571970963386,0.172862157017332,-0.0099385799337532,-0.7790200397322465,0.6683082182824995,-0.9825992289640498,0.4915404940860895,-0.7516041007799965,0.0947208683669675,-1.4750470158778533,-1.4357031167408445,-1.798792177274916,-0.548579167564921,-0.1933295215968955,-1.3257727282775171,-0.1999124217916976
SYN3_0931,0.3724909832801312,1.3717603048778393,1.3078465272203408,1.292146075456373,-0.4717176753659406,-0.1689148132792517,0.5297297541157222,-0.4371461504369439,0.98795517821122,1.0875249734752586,-0.266062204576301,0.0028980140939203,-0.0219916504270521,0.6687301370237824,0.6663466282714793,0.7690877368626046,0.2119145784938867,-0.0314604283676899,-0.6714079506602969,0.252556803114594,0.2375495122986313,0.0700953215675651,-1.3804457490911972,-1.0042257087353943,1.0031975880328263,0.5687175459407761,0.3795402071963706,-0.0638809257313096,-1.0028300492846407,0.5737773864173106,1.104576102508095,0.4307888448996803,0.4997501523295218,-1.830613502657086,-1.012197876342911
SYN3_0932,-1.0021667580255529,0.1151168375833711,1.016355350460043,3.0286126546559733,-0.083580671194158,0.4812495935761712,-0.0548803303170882,0.3172896356715207,-2.552265906187852,-1.3320366607301857,-1.559476828688151,-0.7390671059054078,0.2150071054328512,0.0396653003793083,-1.4724525329504798,1.664873090682187,0.9321533980214828,-0.7098189079867359,0.309794344177178,-0.7779872347873529,-1.5301911809362714,0.0825377116250496,0.8625523045309312,-0.4305715320585747,-1.2203450078671705,-1.103671874515141,0.8473232052404007,1.8808376503575064,1.5398145482572625,2.798641990194012,0.4586357475561081,-0.0829656837566236,-0.9673297103534492,-0.2808572042453171,1.2538289316714024
SYN3_0933,-2.4741345685162,-2.684614976218737,0.3810729120347214,0.1152257609190939,1.0553743398351303,-1.829384744416578,-1.2144111945262412,-1.1858353651186806,-1.293198901565327,-2.0325793775303613,-1.0998217990445425,1.3793529308864372,-0.063985409616257,-0.2665288794818974,-0.375343261538657,-0.7460950634919851,-1.4569614237657424,-0.2189899027011093,1.5742409685670535,0.072658645660381,0.2767203325932066,-0.2383577603792997,0.3779033337353008,0.268113860088515,0.3459636119109622,0.7918375642663068,1.6087096901713858,0.7104316619479152,-1.8436316206431185,0.425590535031156,-0.3526584624780292,0.7222345435371399,0.4366410140340774,-0.7293947925715131,0.0941983757691391
SYN3_0934,-0.2218310468189741,0.1868873098593905,1.0631742757032023,0.6171874701741122,0.4425678146536517,-0.502702052480474,-1.038236001866246,-1.2561126148207384,-1.103833033414588,0.6147995049856976,0.5979695976669781,-0.450144199922196,-0.0594985951101615,-0.277124720008488,-0.3415210390716366,-1.063276803640773,0.6897012156931573,1.0538035224822049,-0.2430815518422617,0.1128926927493839,0.8700407931184414,0.3969433601518648,1.9329246025222169,0.4029372300649604,-0.734801689833606,-0.185235369696267,-0.4406930453886684,-0.5395561085574013,-0.1977736484357328,0.4498484333898221,-0.4569009980455829,-0.3815368714680264,0.1989678143197237,-0.8114798908660141,-0.382732995970378
SYN3_0935,0.53750989055897,-1.5679573675773246,-0.2607597153695066,0.808239397160946,1.0334015382030304,0.7089749851770862,-0.4322889768069604,-0.7298772796388344,0.6323657292532637,0.7540783109424285,0.0734915486897054,-1.623896124679619,0.050678802935529,1.6775807724990237,1.740756036694088,0.0831624488493551,1.445383909867782,-0.231444391115852,-0.2001326230606446,-0.680475558543621,0.9268361175549612,-0.8124023457046632,0.5155194188296214,1.5422839988991646,-0.7990561811872643,1.71078637325107,-2.071896050603694,0.5214563627612981,-0.407350945144962,0.4748152347634383,-0.2340876484779874,-0.037987186728702,-0.8338713027429967,-1.1897820391214446,-0.1500873092604472
SYN3_0936,-0.2040918589624231,0.6748748342084573,-1.0782788187727392,-0.4285737362128984,-0.168289439719143,0.3803748240072058,-2.1649749132197957,-0.9510648959140192,-1.5445805551857594,1.5731772376537898,-0.3923882749549087,1.01902887854421,0.4004632743321727,1.7843290229536408,1.2694741874850828,-1.2116959531131095,1.083197350121898,1.8588038891467065,1.1005031363841695,0.1487941179333429,-0.41161398952793,-0.1963742150559969,-1.676103479472569,-0.819942638003598,0.771317211670763,0.4594919958894538,0.5386384451141314,1.35540530545181,-0.5891755305115286,0.445504362728108,1.688214453891866,2.3787605498556204,1.2805424144332676,0.5245893817228111,0.3421871593923789
SYN3_0937,0.7570212215444587,-0.9532468332943091,-0.1441545903980664,0.3975115580879586,0.8644180657777746,-0.2614229899045813,-0.4579161363334271,0.2289841586063331,-0.7593889709413371,0.3879568809902308,0.1914514951466777,0.557802556322953,-0.6946880159267281,-0.5863659003889473,-0.3468765150358396,-0.9156792967844152,-1.2054698216720887,0.8726186492715088,1.7912930302332295,2.170862896668458,-1.178170628443841,1.603032376953048,1.1240701242699724,-0.9356918851106368,-0.9671878943159852,-1.230645942167303,0.7062827214099754,-0.3956531266031918,0.0605136701621919,1.1025915898848688,-0.1083281133313325,-0.5895627178450157,-1.1897353198727545,1.217618280356472,0.7119480927100341
SYN3_0938,1.3701830930298986,0.542623798508252,-0.8719272416121513,0.4050728323583132,2.156071233827621,0.5326431019320006,-0.5664040144031216,-0.0189860283944315,-0.2266664674656947,-0.0201252174788955,-0.2541905037219049,0.610902829830305,-0.2447766205969624,-1.1007487945755496,-0.5946678470766139,-0.2375909702299316,-0.5229418519575659,-0.3660457063140679,0.6722309818746126,1.2195512271506668,1.0904977594325869,1.162316879839545,-0.248838980764579,-0.4976610636187965,0.397944764008221,0.1484891689808716,-0.1041876429455722,-1.7932263800409345,0.9312326808245772,0.9974547978786142,0.1587105537192109,-1.3199231728056633,0.0921374374921586,-0.3649657742792113,-0.448042943649404
SYN3_0939,-1.1261899610505146,-0.8937613192549393,-0.3929448108841809,-0.8881331589124226,-0.0598133506571532,-0.2658277841892407,-1.9442147831514724,-3.0048719248067983,-0.4056211246980903,-0.5540388354823071,0.2778413909321475,1.269031215829289,0.5920647830310888,0.465693053543775,0.659518570585285,-0.7201936731871181,-0.6444880518474969,-0.547418537336426,0.6476570481583074,0.1502118965806811,-2.149895547742347,-0.7440723409701442,0.7177699000564349,0.2699311615244239,-0.044819078625214,-0.1116386659296722,0.4882895636791471,-2.4185377517842785,0.2375988930222596,-0.1477030120689561,-0.2092206882983224,-0.4305625568851419,0.3239925179296658,-0.382393543374199,-0.6713081251152921
SYN3_0940,0.0036074462255749,0.8424572923783801,-1.6964547787467084,-1.8633728994041807,1.1986249311427497,0.9817172326201212,-0.9250768219289948,0.2606701605525977,0.6187628035796711,-0.1446803158444973,-0.1248130132266231,-1.0215356551569288,-0.1585561958187535,0.1996505958985854,-0.5788562883151159,-1.9166770030014424,-0.9004734219043404,-1.7378572170792774,0.2338124022659874,1.1518764783812483,1.0974297376222997,1.2005912493640216,-0.4897440044376131,-0.6685664717791951,-2.441167497091788,-0.5075300890083707,-0.3113226839054954,0.80959936642593,-1.1904253450671125,-1.6869022939097007,-1.0580088149921585,-1.3800029970124177,-0.2029852551668146,-1.4172065990571598,-2.1467555428164258
SYN3_0941,0.5848752992757625,0.5642145064403289,0.2958689625427043,1.4815581807972549,0.1048213694485472,0.1216091451534406,0.4366328297239266,0.4614866637700499,0.5202623563419911,0.7762958519272454,-1.6848045464137689,-1.5163265262294994,-0.6323465403094424,-0.5769048770058333,0.5041573790649733,1.0605997046759574,1.4404514764120682,0.7684564468814294,0.3861650483023695,0.3385805588686683,-0.3093248338645299,0.7462583031726562,0.2745274559599236,-1.4532588422098145,-0.574044275126643,0.058878866667152,1.010587109658518,2.5501433741029333,1.0059375759577265,-0.9039735598908384,-1.741293184700913,0.2191375703568434,0.7621534101332518,-0.170349082182185,1.0534167954638938
SYN3_0942,0.3229117581954245,2.337852143116061,2.0072979024078226,0.5475138347735986,-0.4560654605877771,-0.0690932539957136,-0.0605792253557264,0.5798897835713638,1.0140056439640452,-0.8866554391759944,-0.9930215403174464,0.0731043784777097,-0.5501339603169692,0.1552449284661882,-2.098741119129512,1.1821013530310158,-0.0999013450407762,-0.2054123871194093,-1.7553097965356288,0.2025828409209356,-1.5434089986713535,-0.2885604232133411,0.8073762323262051,1.14146970195736,0.3960158100730852,0.7430770517814752,1.013948540994189,0.6835195805953741,-1.097858971737995,0.3304601673029894,-0.4576439592236471,-1.0109570709660582,0.4037362771693866,-0.0474896304115744,-0.8979501458598205
SYN3_0943,-0.5091269313116614,-1.2343439466181036,-0.6399641628181192,-0.9540837389436304,-1.1999360900983636,0.4356739188746025,-0.118048389652217,0.3534094498051618,0.5451415916447093,1.267934180060832,0.7459668604319022,0.2740269539014649,-0.5293232410955176,-0.9292504825934234,-1.4497503774523537,-1.6673238766943848,-0.8234512418934614,1.189623100466461,1.88705217086386,2.676354722242611,1.0762901592583196,0.0498235007713974,-2.588164041969689,-1.4848192932903594,-1.15626301056041,-0.7458354641531574,-0.8571430276175436,0.4959755345233138,-0.8982947622075675,-1.301341685014575,-1.2977881882074298,-0.8906088977033052,-0.9827831555240684,-2.3641012746240992,-1.9220110193695608
SYN3_0944,0.1153180422180132,0.8366835937848977,1.3645312809201735,0.4988170576453334,-0.1573756250495635,1.056163480069221,-0.7306449689297493,-1.1462138685509176,0.3987241344635368,0.576288291303407,-1.6262774898858,-1.6674769224410608,-1.6160271839988307,0.1382242418093337,-0.8824231688872319,-1.0102669497726564,1.435973786786196,1.902964885361972,-0.0174925427491684,1.2143107785279232,2.11033729967886,0.7180019256009975,1.020992984142198,1.8483694224145184,0.8043741371323334,1.501282827596229,-0.4940637598305149,0.1270012939705957,-0.0840899067853263,-1.168540728984692,-1.513068208286043,0.0415676829636916,-0.3343948955521681,-0.3748594536040031,-0.7909846609382432
SYN3_0945,0.4921085752409048,0.0735600589683083,-0.9335570599277092,1.749239404202014,0.8387925689845732,-0.4856808065557001,0.3159129999822646,1.7628219467141,1.1032210124944632,0.8412417856641452,1.0627136747310566,1.3703419005857165,-0.133421103913377,-0.335700984360989,0.1613114970522241,1.3007718705325282,0.9506922722084736,-1.3913976595798705,0.3368578992596417,-0.3125971931247614,-0.3274160055731139,-1.0304716287898268,-0.4436077907593235,0.1095380248972063,0.9209650663058884,1.0512311602023463,1.381497355716548,-0.9858303761788052,1.7633129201114748,0.7497928724110188,0.5743562827541843,2.31754486418561,-0.2338026201335382,-0.3310304647690617,-1.5650890253743632
SYN3_0946,1.468251859816924,-0.4527619792161848,-0.1878975613499076,-0.7175835180549026,-0.2159079389009948,0.0435320802263214,-1.1535395358190528,0.3312794563910403,0.2094323377439562,-0.1298141758252059,0.0791258636539943,1.496975144819774,0.3855083103822156,0.8399038144772354,0.0045708669763189,1.1054323893576927,0.0840839399109676,0.9617325479636892,0.3531114831364812,0.2904680133255049,0.063417207477726,-0.8555696711933722,-0.5485416198033675,2.2025000636741603,0.5359360354018825,-1.6096344059132883,-1.0733080632692524,-0.0184683032958692,-0.4305189953770487,0.259716677041202,0.6623561037425162,1.3647682318451015,2.168446382859333,-0.5565824527341432,0.0430159838741867
SYN3_0947,1.0713901729432578,1.3171934725892809,0.8329248625644314,-0.9578908830655888,-0.2431837110574906,0.1528903428688648,0.7797097072159134,0.4201103917044887,1.7205239850496985,1.1888057384570518,-0.154782862375783,0.8019236958892918,-0.6324546623170867,-0.5395719132322812,-1.508636350034279,-0.8954075761699836,-0.193880949677295,0.7148002686331145,-1.2655542542723135,0.0499899074765417,-1.0466670252942336,-0.2323305105420326,0.5388948593535831,1.9654750645588224,-0.0424505123144936,-0.9352118473967836,0.6450904120443255,-0.4089674593878541,-0.1077086942340985,0.4582517053317224,-0.5742607990169222,0.5999115195080232,0.0602713202855663,0.6993161477616531,1.860197563838225
SYN3_0948,-0.0020612701667085,-0.3124149720208789,-0.0752796629355814,0.2051095533230817,-0.7402705297109516,0.3197749481437617,-0.780417478866479,-0.5249938672227692,-0.7657623298971715,-1.0214617530661685,-0.3615804980043882,-1.1535153529105866,-0.7843956327520899,-0.7568729255506201,-0.0539764167992997,0.2947213863742546,-0.8529256152080092,-0.3417754832239407,-0.8042368584047812,0.1635227833140126,0.7952170385014271,-0.4690231646068864,0.4649119545641202,-0.1552195238846675,-2.136893489215058,-0.6488957018936629,-2.04926677809757,-0.3654910067467845,0.3665193331948844,0.1816282224346437,-0.1129711122345616,0.38487368068973,-0.8697470492229129,0.323160432209927,-0.6010683764686181
SYN3_0949,-1.0507543299987718,-1.2790806809998854,-1.810159015934132,-0.9573463858204772,0.4486701487274542,-0.3227951841296005,-0.6944813808756072,1.5352125165391444,1.1403147315552624,-0.377632784225163,0.8038607131774507,-0.2614248575564217,1.502740937268153,1.5905850054299095,-1.320754537997043,-1.5205794554216363,-1.180344429740651,0.2971489375421902,-1.375068035195292,0.0744777691533551,-0.8112764407785342,0.0792446151150772,-1.114234608316718,-1.221149077978664,-0.0419041512251283,0.6007148293972789,1.6159322346191514,-0.7024556144789817,-0.2249064830286228,0.2784067347296125,-0.0780347183580097,0.5176604838286041,0.2503465468212282,-1.3050921707330312,-1.8042968968507316
SYN3_0950,2.524053619322616,-0.5153196864936488,0.3198310500387065,-0.5992068673842179,0.1154560131264509,-0.5753774782104185,0.4920131178466445,0.3594640852423177,0.3311420505437379,-1.1800317349587286,0.562483855020815,0.4065658170173152,1.3512203813119608,1.6059883267356228,0.4876481539871437,-0.4513964898281842,0.2507500832716676,0.2817734310191139,-0.400402169966965,-0.9462857640241265,-3.044253997130138,-1.240031262061572,-1.729569907144203,-0.474486732662487,-1.3734334286116323,-1.4444089248584802,0.2073421916691608,0.6864047056857426,0.648181402048224,-1.8083584155023549,0.9304702619566774,1.113813413056332,2.114452890026385,0.3976239072615519,1.7967604175290284
SYN3_0951,-0.8996185150910616,-0.6272224697810826,2.098384391461184,0.4901803664725299,0.9369760041919724,2.2181272782020933,0.9124644230065356,1.016493529156264,0.2102851189877535,-0.1417696684958778,-0.1240513616433203,1.2016439024450745,2.225761139394874,0.6142993655662121,-0.3740646666892215,-0.2519104405963172,0.0521803585007766,0.4050193089885179,1.3177695807095184,0.5782105500166627,0.1392003794366827,-0.4932269471516691,0.2871990933248484,0.5973994089283549,-0.440600211658198,1.101481426672133,-0.9985329675428852,-0.1324582437651938,0.8980821006143374,0.6769026103886475,1.085882166746215,-0.5520698198286386,-0.963738850332276,-0.5549273227414729,-0.2517566307409098
SYN3_0952,0.3078536902509862,-0.1967539428355846,0.1953140934260824,-1.1687867979510973,0.9443969883662092,0.9581134991098046,1.245662987704571,1.96890364698911,-1.6035453560979185,-0.988894259556273,-0.178024731053185,0.1742137299463366,1.5482094465992604,1.9587347262974004,1.1743645350103549,0.1043776257828845,-0.8187381529342488,0.0178912494555127,0.987894791885329,2.062390390982746,2.8684258988883884,0.8141360018365607,-0.076820112415064,-1.0520790633125825,0.4765080432739317,-0.6068224842482721,1.1963452973731123,-1.5337505106666829,-1.1246748102300923,-0.533934725388805,0.1596650802125398,1.5339856166258496,0.3041642612351306,0.233268521335995,0.1863364019063041
SYN3_0953,1.0148301580567145,1.9429882489881112,0.1942192346107877,-0.0013942381475739,1.085667700972729,-0.7171377955747966,0.5790406580355696,-1.1509336236930252,-1.405058966391501,-0.340204682465299,0.9647149137009986,0.8524217529097217,1.6439639475604428,1.9424043097540944,1.5093387203107644,0.0991494771560039,0.4790971404531666,-0.872514809353786,1.0323317368492455,-0.6685207135935115,-0.565522889368533,1.2037781842897437,-0.4529607765159526,-0.7166941798656138,-0.853159532698434,0.3465490023978955,-0.086078723800817,-1.3143987376872588,-0.4042080283268016,-1.035116546367691,-0.3040785047385306,-1.433859970300834,0.1390302674607859,-0.1364686429193669,-0.6587394122784811
SYN3_0954,1.8927908871855668,1.8920791073947156,1.42007848082212,0.7692256307745879,0.7529950186625055,-0.6993284061376734,0.170291462127447,1.1304807127849716,0.1318095928494483,0.8640791038130622,-0.1117492024234375,1.316265587756322,1.343034227633125,0.3610202028160143,-0.6128111814730476,-0.7297353162130131,-1.0271522548600134,-0.6098033810271316,0.5395854156824657,-0.3257366559020495,0.2487788810928072,0.0811078277968859,0.6730893071419399,-0.2319222437244057,1.3578830693940271,-0.2154389765433547,1.426764089360175,0.5996757912550807,0.6540910089072699,1.395932171541164,2.9539324627470656,2.053671657445312,0.0262066861982052,1.9737061707204495,1.0925037029541582
SYN3_0955,-0.9903129783644472,0.7189361535370351,1.4816028186869468,1.430760063206727,-0.3833222855373619,-0.017942989125732,1.0270004219300697,0.6476342284263475,-1.9354146874935485,0.1463452852923495,0.4802109717419087,1.0142603834986292,-0.4414816539845217,0.5104148489946934,-1.7475307295927245,-2.235948958593263,-1.3633339529419362,1.154821310497804,-0.8604670685613401,0.5671051582883304,-0.06556291756872,0.0152622667680952,1.007560931427456,-0.6185941170362346,-0.5442727886807623,-1.012348243333761,0.547176735435894,-0.0235086359109591,-0.8920940780375465,-0.4262251207025686,0.9324457606643436,0.3759766391089973,1.3145091892976533,1.453200798843101,1.2010579161791133
SYN3_0956,0.161152678065783,0.5021244393887133,-0.1868071130743722,1.1844923211605352,-0.0267086035352215,-1.036659014925754,-1.391107173866325,-0.393354652732942,-0.890784534834784,0.9504542245743286,-0.2132595686956702,-2.849493102368035,0.1446192662633734,0.1867773625989116,-0.0752067129872037,1.2158182385090253,0.3867781828298087,-0.5943306846993127,0.603686956404493,-0.6706012096007672,-2.272305672520911,-0.4982988220262455,-1.64881209101532,-2.860322264058818,-1.6254095949409149,-1.351888902277712,-1.4742696337836394,-0.7710961239103504,-2.2989828241367256,-1.023606269331333,0.1378924953433034,-0.415188442880761,-2.991673707344318,-1.3625073365284042,0.5839280664049592
SYN3_0957,0.4067415981887305,0.817881262030276,0.0560853543021416,1.0276701890831237,-0.0870969732323108,-0.2146807931342129,-1.4119742985377297,0.2265912863368973,-1.534004701632872,-0.7683842950138653,-0.2106557526663315,-0.8716356158981662,-0.3312103436142357,-0.0864925327762019,0.2639049429074397,0.9324956546681328,0.2653093351278058,0.6260861798119379,-1.5370113602038384,0.3193381582228435,2.3830812833088046,2.2347599561362608,1.249797286236354,1.3063253412624454,0.7256520212764836,0.7504238847370749,-0.7384232365203679,0.1108140531453131,-0.6980539653488342,1.4197821444159664,-0.1020111364237812,-0.6925487939951354,-0.9550626769421732,-0.7259786321550287,0.2006072899723126
SYN3_0958,-0.5608427422659205,-0.1014793540033275,-0.1800115019299979,-0.6173967308126279,-0.6233158277608085,0.2963642196847714,1.4709310725044302,0.5755247063860579,-0.3026524291300999,0.1031564266164944,-1.2191772567355124,0.2897684655483468,1.469622270301547,1.32524572546665,0.7591821735589878,0.7968012934036383,0.9832739838358776,0.3065597756452287,1.351739068344503,1.4173029440238911,-0.8890283996784393,0.0685288202010522,0.1898989472894073,0.2698310104271074,-1.2249613295194102,-1.1125789234516426,0.1669666167229518,-0.0056021271450344,0.1715640363371459,-0.7062255950808884,-0.3361693362963494,0.4940860837471106,-1.4107385936452217,0.759055913073739,-0.1356351527941739
SYN3_0959,1.0450118834580977,0.5572423560487806,0.1403871752811953,-0.351725585171415,-1.1103659874266552,-0.2034696117624021,-0.3461729767839528,-0.0832743515815675,0.2609726526816726,0.4031414426680693,-0.5556333200983743,0.9495989263675776,0.1796634437168038,-0.6947651903029641,-0.7513889342066679,-0.6257354708429275,0.1460921753008286,1.992611581491489,-0.054883055408077,-0.1334049235783094,0.0336949118670982,0.539224250010234,-1.5843992403467642,1.789859168462461,2.543733872562412,-0.3576135185645626,-0.4618320934450085,-0.253766889244602,0.7667485301636388,0.1659333645050365,-0.692015703348079,0.9383796194936356,0.0250503240342854,-1.436396245329182,-1.66281906218943
SYN3_0960,-0.0359240218213398,0.4708810287356522,0.1508828795343627,0.1890351741410659,1.4508059089224292,0.0803351637753421,0.2993585720515624,-1.6747859719289897,-2.1945639403078525,1.1372051611825984,1.5384925094378017,-0.6667559285239996,-1.465587381290006,0.0010145545460858,0.2544411411239278,0.4292792322469464,-0.2733993468760867,0.3891618095582554,1.537473520308268,1.040737954737242,1.447549583282485,1.2841004149633175,0.4843340619771901,1.6460433067863136,0.7762793465688649,0.4518597232071469,-0.0551176315057557,0.684716588980248,1.815297379252299,-0.4502505996898203,0.693857541797799,-0.4416437267459608,0.4285367450474277,1.408027308513819,1.249768998623542
SYN3_0961,0.3585996156024128,-1.358256937322096,-0.6779564206133096,-0.6509933310391073,-0.8708722705468814,-0.0113135165063925,-0.0037934642844123,-0.4937445866320463,-0.6010196685312497,-1.3036358076195504,-0.570642790116952,-0.2256857290418816,-1.781032722413859,-0.6707698066318849,0.7851982943236366,-0.1166393987228663,-1.8621492001705384,0.5158696859843519,3.1921285729620226,1.366911511217969,0.0871303400135874,1.6126875289230322,0.7903567143799457,-1.555266883793876,-1.5624845352194543,0.3102377198701169,-0.0101468120803846,-0.1067344953307241,-0.154500485312487,-0.3889518957535255,-0.5828579260960536,-0.0167515068759125,-1.389346776906763,0.0693016328903718,0.3772305272148505
SYN3_0962,0.6162245890006359,-0.4839923568634081,0.2183284660704162,0.2004466185197644,-0.0212432497306563,0.3188614083787841,-1.0728890719337012,-0.8807180088047535,-1.0204399428668411,0.329576025531466,-0.3130343195260579,0.2602246401613798,1.8039337428971505,-0.0695088146291338,1.044230221470518,0.9266988123639563,1.726514095536188,-0.919793026147472,-0.7210877026775896,-0.1607672920787935,-0.6132811568163161,-0.6782089698494647,-1.148211636706567,-0.959664934542733,-0.5462613116974873,-0.2361038229396166,1.416489234625974,1.1268890108914975,1.358397219004147,-1.2171331003912595,0.355775045611348,0.3970653417852757,1.2031215113033342,1.5498796528213443,0.8092319870971544
SYN3_0963,0.9622876626457688,1.26473334882915,1.2714736997795162,-0.3068495265556064,-0.1904964148362461,0.6489254860611566,0.4567216656165735,1.1445306174536485,1.3098106011200428,0.3874032936902934,0.2409474972816259,0.441090224094524,0.388737871991126,0.5262597371577388,0.2036210041296356,1.7890295938729996,0.8902266653607555,0.5795025055428037,-0.7630917009412845,0.0350728117189151,0.6693153936862755,0.1802011565110042,-0.1133134564366475,-0.3549529800275452,0.922469206416866,-0.9140856333339408,0.3945443391613649,0.4221578291082284,-1.2808878232278054,-0.3156403399801924,-0.6523761342244039,0.4667442358138159,0.9361411296832228,-0.3874269624968762,-0.0242084971721951
SYN3_0964,0.3870974577777538,-0.7347317011236366,1.3755426620305944,-0.6783770592907481,0.8552527836816161,0.8720754310725106,0.8888034786493922,-0.2122858013131971,-0.0067095703575052,-0.1306462945037931,1.0239211435231508,-0.3309998694166767,0.3224577208160202,-0.9231496128029966,0.094639726071995,0.2715718372339766,0.2805009821603869,0.5891333154485957,-0.2962988005773536,0.6778060057670395,0.66930826312545,-1.055265266246884,-0.3887298054608033,-0.1091216879029794,-1.8229154357517692,-0.1695001938508302,-1.2236524692591306,0.0572237740795797,0.4960832390105249,0.8610812875509541,1.4526714430370058,1.0269771849399778,0.3598209882575623,0.6206335410833512,0.9775745045224754
SYN3_0965,0.6813057249299757,0.5981863148668178,-0.7567994253860201,1.187533441586927,0.643613863816348,0.9877520069594994,-0.7555439081484341,1.552522354361868,0.5871244070558423,0.2906553925754681,0.3607340993082873,-0.3393142957161557,-0.1420670081173585,-0.7979930664665494,0.5967334419614639,-0.4370435589907392,-0.0604717204756855,-0.2592006485350128,-1.4406697487647104,-0.5092821461481427,0.7140504282363654,-0.546282332310769,-0.8884012381564961,0.2610241933907109,-0.654382074034524,0.2503317605978089,1.850751999455335,1.3379319711318312,0.0983745268962683,0.419329773040747,-0.3200321274059982,0.0417271084568558,-0.6583780289981525,-0.1577529680092351,-0.1959312406855655
SYN3_0966,0.5367692407220582,-0.1420766229318863,-0.8778935089490558,0.3034890104600396,1.033414366766482,2.5311830911335407,1.7329842989670572,0.6635206675880242,-0.7646367505245117,0.4797962424816647,-0.294570052476279,0.2064012929306784,-0.2820486792759027,-0.6341700843703245,-2.168163309305253,-0.5715933709563447,-1.395315868903578,0.0588024703603385,-0.0565380368214545,-0.1108196947824804,-1.8327930839182929,-1.0784542462010902,-0.8747629419111489,0.0168833450777107,-2.033307067902897,-0.6472336354611108,0.0764254365643213,-0.1899797007263576,-0.7735102678207572,-1.7288574710857747,-2.217145907114387,-0.163748609701066,-0.2996692462531854,-1.2417654842966737,-0.9053705963973492
SYN3_0967,1.80237199922558,0.9311623216735404,0.8884487374841976,0.2193408612131092,0.0762585190814574,0.5146728233283623,0.5381574097020391,0.3032942505238188,0.7578935230827009,0.4866965568875229,0.3238221085200909,0.6601797647167815,-0.5872197312763944,-0.9613993509163504,0.8392701699691885,0.7854293975174579,0.9511201396482288,0.1607689070604891,0.3921500033695901,0.466749409205189,-1.2807792502831308,-1.773004392723294,-1.0121608029713764,-2.0380098693541946,-1.4732897171135138,1.3880806998906317,0.6063543733593848,-0.5176065848719352,-0.8514034190028635,-0.1557244814158018,0.1924769371008727,-1.1908845532525447,-1.5051751741697688,-0.9832220908530984,0.51811023181218
SYN3_0968,0.0805789008900532,-0.9109726982208532,-0.4142073146041593,0.5852558196725489,0.4566505944950883,1.4200482705833204,-1.1317513945174416,0.8547402474456804,0.1203562680164016,-0.1363984978515479,-0.2636866233310158,1.2526676220722217,-1.4015302895179131,0.0123114747231979,-0.4918466037262063,-1.307719728432932,0.1271742397964533,-0.0342769899754654,0.3900381633840853,-0.5077984275742243,-0.1682943581700125,0.1203679094460887,-0.1659845840322653,-1.6561744701743475,-0.4456756880834432,0.5268292510528509,1.9103182723797356,0.6227497848733163,1.305481786574056,0.9730224366657408,1.6854597326584555,-1.4338803919995795,0.812016422025876,1.1948062900821848,0.5555979497031522
SYN3_0969,0.7216310899380171,1.301059147051642,0.4377907461446261,0.3663969295309552,0.7304269869027272,-0.326118505165679,-0.425974156129667,-1.9019968679428807,1.1121631351651522,0.6500741859231346,0.462508759516231,0.305112730566572,-0.7066961838002161,0.2684030758925448,-0.019869769149802,-0.0440235162229193,0.003702897067722,0.9092174269324949,-0.9611245538100992,-0.6060432314246536,-0.6303114909199922,-0.667171244709015,1.7659898375462928,1.672948884630829,-0.893450378655851,-0.7865336249024005,-0.5144084549120954,-0.8632977933498507,0.7702926121444473,-0.4831751697206443,0.1312230137926107,-0.9261736235072616,0.306480285384432,-0.3840493503235255,-0.8804868446652404
SYN3_0970,0.4002346163464454,-0.7637339476023174,0.5791034866053213,0.7701374960342816,-0.6217711718168251,-1.5443714215062718,-0.3594951849070682,0.3356500257724984,0.0450875073396704,0.6287906936088151,-0.8511201193828296,-0.2177677597362218,0.2338026959710915,0.4620413638891019,-0.4447063171310076,-1.3950106904869313,-0.4964882033825913,-1.1697881947505335,-0.1975057089441449,-0.5698970309990407,-1.3393804701335823,0.4694591276263883,-1.5832767005046602,-0.2134341113421664,0.8861999396423094,-0.4141328252823593,-0.6431318975296408,-0.6075983200394067,0.0724630398441119,-1.78355828340274,-0.6795113781414751,-0.0581631369667639,0.3212747169942025,0.9207750760472366,0.1871431599684292
SYN3_0971,-0.8273772989994186,1.091152746185541,-0.5829951437821667,-0.3620523936426547,0.5072906967693499,-0.6730237980846697,-0.6725887826753781,1.0582519829184427,1.0063895829513558,-1.4153145273247785,-1.2510510672192998,-1.271004239357236,-1.6793174712411107,-1.3477100709489795,-0.4109447097409038,1.0505947038802443,-0.0471346584062372,-0.1265756557422707,-0.2142693510510115,-1.4246418833266727,-1.4956936805616474,-0.9115387600899428,-0.0145647069168191,-0.3467373122556539,1.332887591249771,0.8090312279182333,-0.567280625079482,-0.5781455193752897,-0.5730055448765052,0.198346982185469,-0.5880311431477845,0.8385893706617126,1.8938896315903304,0.2385176157287313,-1.623013187990888
SYN3_0972,-0.3428938529934522,-0.7211374078997065,-2.043641452805069,-1.9194186374828683,0.4942041927626513,0.9919903026472282,0.5622593569041245,1.0544840961171087,0.5915834541589172,0.1560788741061459,0.4266949246519145,-0.664199894091402,0.7492647345612836,1.454698896907307,0.7400793170647859,-0.1376085486502992,-0.8355097166626007,0.1720260771878358,0.8811627153039878,0.2711935336550713,-0.1208708592676388,1.348757191019956,-0.9074861616153372,0.0443375124636952,0.3098968259152625,0.8646296553854852,1.357223740211947,-1.1205343100177014,-1.0451548794155483,1.588137229207739,0.6754598770011329,-0.7289351193154264,-1.6828075673053835,-0.3264143458924285,-0.2972803786994779
SYN3_0973,-1.54767129191669,-1.4614910549632107,-2.336011130206648,-1.2817843087941532,-2.209201912879843,-0.7103858498892419,0.7265799499912291,0.4655435709056852,0.3216662799230484,0.2379649954657733,2.059526064082608,-0.1801845415637272,-0.4220004990041278,-0.7145964697428056,0.1257537932082534,-0.3747589969254937,-0.3928186644016037,-0.6171405359318466,0.4351260370122103,0.6890584632773029,1.2407056718680836,1.5874780688197685,1.86271467197057,1.2449971304207257,1.198802966383338,-0.7408359215272987,-0.5560201264435477,0.2746502289123491,-0.3848603113386257,-0.9300222751498955,-0.8073887115017403,-1.099668263253324,0.5585505344218142,0.33067761984564,0.366282164331372
SYN3_0974,0.8725077325415161,-0.8189990327078674,0.6046276967993208,-1.2142730949045868,0.4755361611813311,1.2157638586184412,0.1822978863408119,-0.5909883877133878,-1.5292254549466453,1.3003842254963718,0.084892807436826,-0.3500513839564938,0.8381633715789346,2.926438594246456,-0.2387923277387825,0.4529465391914901,0.6750378118287244,2.249739720311983,1.2964806638398314,2.78431667823631,1.7831372930229836,0.0033490306045064,0.5787560156759526,-1.711125130568997,-1.3660750654373377,-1.5305365979162115,0.3827408413147186,1.309509198538809,1.1451900194004958,2.068200799702041,0.8179267093633453,-1.166218276523038,-0.9642199553766332,0.4509965018568244,1.2272704043703022
SYN3_0975,0.2105632989349027,-1.3174677265605517,-0.4468444747289925,-0.0242346176010973,0.7812096632134603,-0.0419261496563533,2.0701373747156517,1.2561084039044188,0.1005128523664857,0.0810758682543657,1.6528570044049913,-0.1730585274102907,0.9490558588131698,-0.965217646103815,0.5812410841163829,0.0292003471306894,0.020072395261252,-1.5704278299998846,-0.9698224890999448,-1.0251685363018233,-1.6855591828794465,-0.5084988312920441,-0.6526281994641527,0.4934629227723029,-1.6295909865731772,-0.1248007576231883,-1.565423514962225,-0.1475326390132708,-0.2060415815488171,-0.939385658613372,-1.3534241590303857,-2.565013918369911,-0.7200101594531334,-0.9850914168381424,-0.7867919973531582
SYN3_0976,-0.1560593404850705,0.898606286437437,-0.12189473576301,1.4016570830010389,1.2019825905422497,-1.5991671422993998,-0.1728886907414855,-0.3156117558848258,0.6167104956275301,-0.6721595315438018,0.2517017154998978,0.9103607529831867,0.0765336487238249,0.33756251236057,1.5848064581601224,1.8010257265247986,-0.8437233195807486,-1.5193535213576517,-0.0352612083962038,-0.0856860863767575,-0.9695403621056392,-0.9107264513231502,0.923350795684452,0.5920531822542024,0.3667623351769158,0.2991793061764036,2.124986590842567,1.5021599750741554,-0.3528074746128498,-0.1118957510394704,-1.9391806836971917,1.3348245498819529,0.7703369447837706,-1.1436393995241294,-0.3103063773855298
SYN3_0977,-0.1684045367309319,0.3553048782694825,-0.2686528846555204,-0.1399546552632601,-1.749118241895928,-0.8742678631983154,-1.0709759506051704,-1.197440937819829,0.9580503786806798,0.1248955927338308,-1.3840086427879086,-2.6997319172343675,-1.0468063302575152,-0.903863722640884,-0.825492651639747,-2.184949225763672,-0.7237494778441829,1.190712525168707,1.1559895460220504,-0.0557503668886312,-1.554829979657261,-1.3973733113064186,-1.8550732466140656,-0.97528083448654,-0.9991042242275732,-2.130746229421974,-1.445708162636309,0.2494011994674934,-1.027023350215793,-0.1319288246150556,-0.6017044143243269,-0.1272050907666652,0.3261663714850207,2.001471491343874,0.7008973954685236
SYN3_0978,1.5828289989009787,-0.0518337277371806,-0.6697185654695259,0.2911728282774788,1.200616063924161,0.7507565482753222,1.7920517916108247,0.3149685419799802,0.2191470463830016,0.3907054200354979,-0.4409727618933992,-0.5380493823285666,-0.0272934248363604,-0.2384576682238119,0.3734885924391177,-0.5300044413852244,-0.0801126212623894,-1.86574136056837,-1.4818441425334827,0.4698855472165515,2.1507228848629705,1.1518785369189064,0.051678425422139,0.3627401033188728,-0.722273657798094,-0.6926395326471287,-0.3636228244216296,-0.6119414831998579,0.5616894840423684,1.475352926571123,-0.379962644906696,-1.292654124140596,-1.051518479217006,-0.7295444803133657,-0.3217428811113919
SYN3_0979,1.1617105617050132,-0.7539134078943832,0.0169447581414193,-0.5475098136032609,-0.9023187797314808,0.9634693303320672,-0.9609525843070468,0.2424005167412132,0.9865781775737608,-0.66497488372056,-0.360893290619781,1.83780395613276,-0.1684984339684319,-0.3684649578870507,0.1930235980770951,0.3368635530049829,0.5786510811195347,0.0457716296705211,-0.2477505760458292,-0.2437650052439111,0.9035799782385896,0.2139613630510348,0.846038794022085,-2.2829922598976338,-0.8580881229678666,-1.097255900855793,-0.2127274457645257,0.82656107195489,-0.1441759102545047,0.7019149082686218,0.5497811963609984,0.1106659403669212,0.2172798061257847,0.1693966030354976,-0.6822196229517191
SYN3_0980,-1.7282857645589502,0.22370936343779,0.0201682017401092,-0.8241156103164826,-0.2913493018506474,-1.142366816610325,-1.4897026800828403,1.6994224414724357,-0.4918728607358211,-0.5931320524497098,-2.126868953907272,-2.11150354506929,-3.058877306338281,-0.5831606031741409,-0.3471939218627043,-0.4253816696764402,-0.1392457141920036,0.8298737682037799,0.0735926114217389,-0.270848315040032,-0.7692846309580649,-0.2292992136677002,1.4824126688484525,1.439954561955119,-0.2885984404433283,-0.3378807565863281,-0.1659983295366549,-1.4967424077428306,-0.7611725451384006,-0.0136993652084982,1.0757214148865992,1.893848166090509,0.3878440214547018,0.3147174942538822,0.9854085512850342
SYN3_0981,0.5279319077735306,-0.6750472749828499,0.137507507660209,1.1699116454145964,1.378685256680246,-0.2227359009872973,-1.295497823656072,-0.2712337661896002,0.5966138356026155,0.421728755083584,-0.0701883418135358,-0.3598836267283457,-0.7316880254847732,0.5272898259151317,-0.2363502748046809,1.231088002687427,1.536968559611989,0.2156075753763812,1.3654832325238393,0.5164848511709927,0.1542542556248851,-0.7298051086838234,-2.1762410666540317,-0.4843754941614566,-0.3516216459394433,0.2517040189845611,-0.8589129185926201,-1.6617301534856683,-1.1501440357055306,0.4421353477411033,-0.3088008141293598,0.9018468346021636,1.0904076992356886,0.6484600421018789,-1.0774986259390833
SYN3_0982,0.6776085211082329,0.727535040693178,0.1953675735061301,-1.2560813202361727,-0.5450621862774808,-0.6820905993971306,-1.1418959612537685,-0.8893381535526479,0.0905468497933507,0.7424540731526583,-0.6507905215198436,-0.8695135206458157,1.6505314254364405,-0.6786392384505876,-0.5198886420536412,0.0322767810908411,-0.1362466074631891,-0.1214503237305208,0.3307760946380211,-1.2095351420457592,-0.4877582591803712,-0.1399234206371148,-0.3673126802081245,0.4183437147829252,-0.3038945619729823,0.1425488137398203,1.130090020956651,-0.3735584706272739,-0.7620167044747408,1.896414638216452,1.828370407224764,0.4779745916211496,0.4321257575661539,0.6750834083653777,-0.3938293638236424
SYN3_0983,-0.3601905525101726,-0.6027845805003931,-2.27671127686,0.0605766226153092,-0.6883562707137565,-0.8632222664698563,0.8008763994251176,1.3130395941045658,1.0079359385520503,-0.1002152784896297,-0.9503326304363668,-0.2215997328197557,0.0506627188631906,-0.2196040146478253,0.5034726759322248,0.4131575100280582,-0.4381064309464724,-0.7935624562658051,-0.6877523880909674,0.2912011251125204,1.0687549027316885,-1.3377345243612018,-0.163439701603554,-1.874615105603984,1.2976161857636532,-0.5130142372838198,-0.0294438716604588,1.1755021232035652,0.4868626680893971,-1.1814568433658883,0.3860589824344988,-0.0913859159441159,0.0568786316983685,-0.3447544467701732,1.8526840111980132
SYN3_0984,0.1487705921665248,-0.3741764615438824,1.4519100210598923,1.7595235293188656,1.133357028262366,0.3270621492732105,-0.7535614749955003,-0.9487471022295596,1.2711983344958937,0.2036645718974431,-0.4555168420398081,1.558783417290131,1.620430060657882,-0.5015605952753758,0.8503533678086511,-0.5116762097644989,-0.7964618356617718,1.0726041931129786,0.7110797562099718,0.6799921787985433,0.6669511768590386,-0.565533822701135,-0.2035479924417576,0.1673044705539953,-0.1137468008256667,-0.5077612570650002,-0.5809981730142851,-2.738393960249156,-0.6540279175555415,-1.371023166447951,1.8212749659416916,-1.2786850902091391,0.9558212216951948,0.1162644167120622,1.133834603802589
SYN3_0985,-0.736210866821878,-0.3046407450483209,-1.2813118646014778,-0.3333229258022873,-0.8405286915744601,-0.1609204687977596,-0.3073398270526779,0.3840765617979871,-0.3419934580666163,-0.3366489623422468,0.8561562169398782,0.8261556591746334,0.6066296825049646,0.3595014353396826,-0.0045954877300478,0.3647369507764266,-0.3252719501916661,-0.8835217042614005,-0.3382833497917495,-1.0825649738938647,-1.045137293826942,1.1202040208568254,0.2395516993500652,-0.8863434198323642,0.3431483341700386,-0.0356401159826177,-0.611467643025261,1.0841777686286247,0.7423202522874568,0.3241869324548755,-1.3279463202085298,-2.260562751073749,0.2897964947464745,1.3457478179946232,1.383113817326045
SYN3_0986,0.1619110494624865,-0.535390185722824,-0.7759607576400263,0.0453880056254765,-0.4827423602114578,0.2689606992054932,0.1485808573134068,-0.1160678097488465,-1.600261106328717,-0.2874734663786117,-0.1693995678052888,0.6676296360342928,1.0985173317347003,0.1538749908043905,-1.1716251167176737,0.5560845804560625,2.694978493141367,-0.5055210632843595,-1.453949818149853,0.7148996743765321,-0.7644659210851912,-1.476768282142702,-0.296515905110005,1.7058408466506432,-0.2738309599981511,-1.052145795797767,-1.8892093114614732,-0.5025296111071078,-0.0021861220418367,1.1682209193381388,-1.0049631401425547,1.1008628348245002,0.8890039621054544,-0.0911537435567207,-0.2823641789548594
SYN3_0987,-1.4187361575531463,0.6110932598461885,-1.1060287952891417,-0.6918091900438046,1.2307991974905632,-0.5076006665065035,-1.5839781367762154,-0.1145075223797616,2.570517748688873,2.6634175750351803,1.3667339769821527,0.0229178500934525,0.6465486156045115,-0.0788533272795744,1.939087137682604,-0.039439616192735,1.208275408155752,2.001293761206025,-0.8276043325325815,-3.200719752243544,-2.17944343843345,-1.5102512181907533,-1.1526899754878202,0.0559344391782778,-0.526804402064478,0.6307347108929744,-0.7057689489058866,-0.698853069897628,-0.1739290929712952,-0.3033584776952527,-0.6888878280703241,-0.6680333963234715,-1.0878908011761184,-0.3924827483943157,0.6828978944393841
SYN3_0988,1.187109557555985,-1.050732757333693,0.3410277138497442,-0.0083125075335437,0.1648651527069845,0.9822991141818478,0.6206967868802308,1.265990609871425,-0.7863629950071201,0.0653321237268016,-0.2816641757767886,-1.098354637017247,0.4547870919729985,-0.3505706728288164,0.718130153919886,-0.8989485560217044,0.0384189919634204,-0.4162602579441169,-0.2367888551613255,0.9055875349604294,0.2928307233556259,-0.924531595401742,0.6818601508609672,-0.0144486909926909,-1.199753209474382,-0.458764534773267,0.7619507865912913,-0.6674921076675503,-1.5380511674320358,-0.1477157364161412,1.1139925148526548,-0.4615531288754858,-0.914703566380088,1.0672765101577268,1.7963517750382032
SYN3_0989,-0.4990325137865972,-2.319487425012074,-1.088327667627247,0.1201067994902336,1.251238113221436,-0.5001391726446758,-0.1138965478306126,-0.2603569025306082,-0.3487360794719585,0.501251383276261,-0.567556417563895,-0.176667242371237,0.3377014487836197,1.248366814437912,2.890825170616369,1.192806735072506,0.3233889500646603,-0.8252418496455967,-1.817086040271701,-0.2840368631895105,0.0291153535302981,-1.241435428048729,0.0186253563501786,0.0906141851877704,-0.0667681554704006,2.0234936285500926,1.4138654247285067,-0.0629199443862926,-0.3853095788857628,-0.3861576873780973,0.5856086963413717,0.2429788960322072,0.6062446102942319,0.2916459554350546,0.0639543104244473
SYN3_0990,-2.2517418542565872,0.8960855918066616,-0.8822846187522024,-0.4841762258481799,0.901755636419544,-0.3744086212086263,-0.5076891863848682,1.629509940711645,-2.1729410438490238,0.0020620906518809,-1.316720439858176,-0.139156507436609,0.9165877503326636,-1.199165322233673,0.2811804363222581,0.9286877897893366,1.7172437801864746,0.0924520786833068,0.4197477553374715,0.0361213989228037,0.4043901116312725,0.6720344695176507,0.789276153437997,-0.7975776668001092,0.6687867118550941,0.7769901146806838,1.077225947117551,0.7313674397916772,-0.6571661477711257,1.0850732428999517,-0.0068521335458836,0.1290994770558946,-2.6568700848349565,-2.158765245865097,-0.9647698556686414
SYN3_0991,-0.5959571448900848,0.2104625467783402,-0.6666691278368753,0.3384911084927954,-1.1761061508815212,-0.4944263256579467,-1.8760953709268011,1.0861420029468547,1.678899091116044,0.9241079973870884,-1.2126727173146292,-0.2382702225637163,1.5283005147730484,-1.2070238392016115,-1.548369332725087,-1.3152436205717046,-1.382105182353039,-1.2752760688542513,-0.4789195328373221,-0.6784185575491876,-1.2423715487573086,0.3044507142022032,0.1336370462452587,0.0992589095803797,-2.00325784360355,-0.5361277101082212,-0.4556023849066544,0.018488416938101,0.8503672448787003,-0.4853274886660341,-0.2608221451004567,0.2966717086702999,0.7976859579241682,1.3863993141430142,-0.03976291626477
SYN3_0992,1.3972719177728243,-0.7012085541638758,-0.0502296133827288,-0.2288481919304843,0.6442564535244063,-0.8149288553784487,-0.0330692190089904,0.3294867555710044,0.1266502219622431,0.9442801734818173,-0.5135598035406624,-0.9893345396518618,-0.402793609452281,1.0971076006004823,0.3360605731998077,0.3553999085957668,0.4940824482105764,1.7437120674337467,2.15659946571078,-1.701856497379915,-0.2653998765936179,-0.8194294502033447,0.5718802384265957,-1.0907843715794137,1.0060280116182987,-0.1850833244952281,-0.3339215598598239,0.0196100092553704,-0.354602496339165,-0.8087432010108362,-1.8362462494850584,-1.7231152009890984,0.2000454345439589,-1.123293619782186,-2.26126269530388
SYN3_0993,-0.3816971265636209,-0.7432189396083659,-0.1172727962263428,-2.4193695486175835,-0.2068046614524336,0.1298170416120167,1.3125885317226889,0.7846764618129546,1.4457369489222895,0.553169880353326,2.4917001887815693,0.1835413978456901,0.2300870363115447,-0.181127973508844,-0.3119196006353658,1.3829396342289584,0.1816426769740939,0.6571729596541456,0.5141779964606961,-0.3702768569037385,0.1791033527371758,1.112380530802852,0.893179110910961,-0.7988001292883599,0.909540184785278,-0.5737192515358338,-0.6996099012741525,-0.2973832206190185,1.0861507504306471,0.2741445476565038,-0.7457814828455154,0.0798741253675621,-0.3464010924941719,-1.3790033322084263,0.9141990751583092
SYN3_0994,0.5209943498520981,1.3918897232718488,1.013936309523346,0.6918125596417131,0.5538619004440842,0.0507939470970726,0.7511871553600038,-1.0767218594439243,-0.1630502431325159,-0.3535776351759779,-1.1497146203587216,0.7310736509481477,-0.3357629643769822,1.7154556688084754,-0.071250938605826,1.3412533985143156,-1.7720064706281555,-1.0949050860340568,-0.0906214940748134,0.5908163509576955,-0.2708412598241589,0.8471501977501056,0.9676854322110728,0.6003069004494509,0.4765354848185681,-2.013321523946768,-1.2594724313850418,0.947141676378772,-0.4891239041544242,-0.5797546564855963,1.040118069599837,0.6072047590784553,0.5773377442068219,-0.7519631556978625,0.8184406631683618
SYN3_0995,1.0475867615729704,-0.9302111160839248,0.2183365284472309,2.1198711537356045,1.272853490192373,0.2236398528043485,-0.1465801589243043,1.0274811790508107,1.7126471787304278,1.7723886210182254,0.9033561221879336,-0.2272184910763749,0.1096481820115535,0.5014931759544092,0.4180606421527792,1.051154798622412,1.8288222497823232,-0.3092394163004787,-0.039862004280486,-1.1659602423455058,1.209388486011398,0.6670378232036951,-0.4531908972745749,0.7497996173442619,-0.0472350345129941,-0.1360595776049276,-0.2325227992797282,0.9730833871319984,1.8716933233813096,2.5335095876581097,0.8299671647812559,-0.0100533063999984,-1.5037070318430368,0.4915409009564103,1.012043823440364
SYN3_0996,-1.7603918941731798,-1.2759490219692184,-2.406799381468035,-0.6511357458745949,-0.1172432674150945,0.0832184514901029,-0.3709944424242023,-1.142921859362718,-1.8686258720277176,-1.0377605284846103,0.5446140856414995,-0.9147611304909592,0.8999096801683514,1.2845168311535486,2.176046312764134,0.8388292960943253,-0.491382959912842,-0.4196329306864211,-0.8473146426849706,0.4986629625907226,1.7268384854021377,1.3950709560379253,0.6079168595083195,-0.1010117279266348,-0.5475450290349584,-0.5263971930263317,0.3362595568688944,-0.6330201166455275,-0.2382224067140587,0.3881586940612741,-0.7502458746514652,-1.0349728672105938,-1.4309383358898426,1.1689453252646995,0.8720435489600002
SYN3_0997,0.2547040022100684,-0.1062981147189223,0.6330561336677054,0.0930996122069606,0.1233328561681344,-0.0597384872510151,0.6365826674889841,0.2944407687508587,-1.060702853748242,0.0064013081409476,1.1698532886729096,1.2829543299989856,-0.1644533870835717,-1.04961293852008,-0.5766051688515487,-0.6943789135369421,-0.5583840215371245,1.7106879637175252,0.61247123996406,1.4711167824919749,0.0283629242616493,-1.096500920476221,1.3886324179975382,-0.7566767904372885,0.0480509832233127,1.3102986687527758,1.9745826872446173,0.834351913794557,-0.6186455250437799,-0.932489679078398,-0.9097803267153776,-0.0032711393253782,-0.4576253983865975,-0.2141621715491715,0.3165226464355267
SYN3_0998,0.2252106352275726,0.3235878697545805,2.041317183031307,0.733599282388676,1.3043921518105093,-0.012674522520516,0.8285158749423832,-0.462403787116584,0.7839981552756686,-0.8137573549135516,-0.3533821092381669,-1.3557908774002605,-0.8008385327609447,-0.2125648265582925,-0.1744579870938699,0.8795907467649512,-1.0137519608750538,0.7602796246513734,0.8229024151162079,2.485646532169886,0.0959631390917527,1.0498591343005224,1.305966028082047,-0.4443141605046923,-1.302354899864308,-0.0586943681037571,0.949319522563318,-0.6099949178788222,1.3238793244486848,0.3705519567318246,0.6795328915944884,1.925727174986933,-0.1811961685191584,-0.3329064799665434,-0.7375227263599884
SYN3_0999,1.222805704680349,0.6053777866064111,-0.1264898253170858,1.2140560000764358,0.5133417154896243,0.0963868888734966,-0.1440754634541331,0.3648168847070686,0.4007594723766625,1.2453512872766948,-0.8124093996886148,0.5780913509238071,0.790332565229842,-2.182404843344519,-1.492774131981888,-0.7994997130127444,0.3561221606231636,0.5029762170272856,-0.4700186325789567,0.8740514416402125,1.1716178202077008,-0.0011761601628457,0.2349672420498525,-0.4900627979235496,-1.675571664341558,-0.6081026065823554,1.9861521839391945,1.6442406121408113,1.952916700784274,0.6002619106571155,0.5097386563473434,0.3395134991466171,0.7126946016241262,-1.3392166960017866,0.5233841207565962
